model_family,pretraining_objective,horizon,threshold,run_group_count,ok_group_count,status,mean_retained_sample_fraction,mean_active_trade_fraction,mean_classification_accuracy,mean_macro_f1,mean_directional_trade_hit_rate,mean_gross_directional_proxy,mean_net_cost_adjusted_proxy,payoff_mode,cost_mode,model_key
matrix_transformer,masked_reconstruction,10,0.33,15,15,ok,1.0,0.5052264409832705,0.4061412567720745,0.323277585413822,0.2124238754531264,-10224.2,-10224.2,unit_payoff,unit_proxy,matrix_transformer/masked_reconstruction
matrix_transformer,masked_reconstruction,10,0.35,15,15,ok,0.9928334841197192,0.5007011013389,0.4070067253903855,0.3230403727473546,0.2122145395118907,-10135.333333333334,-10135.333333333334,unit_payoff,unit_proxy,matrix_transformer/masked_reconstruction
matrix_transformer,masked_reconstruction,10,0.4,15,15,ok,0.8951123937637592,0.4322572188808076,0.4212584407837424,0.3196408462887949,0.2082403419312811,-8836.133333333333,-8836.133333333333,unit_payoff,unit_proxy,matrix_transformer/masked_reconstruction
matrix_transformer,masked_reconstruction,10,0.45,15,15,ok,0.7118106281745207,0.2929199396470952,0.4635039081386745,0.3138210139295666,0.2115274925020282,-6041.8,-6041.8,unit_payoff,unit_proxy,matrix_transformer/masked_reconstruction
matrix_transformer,masked_reconstruction,10,0.5,15,15,ok,0.5339853219677075,0.1599956196068071,0.5243306906446128,0.309610059201543,0.1999579343908656,-3328.4,-3328.4,unit_payoff,unit_proxy,matrix_transformer/masked_reconstruction
matrix_transformer,masked_reconstruction,10,0.55,15,15,ok,0.412629841630721,0.0808895212829022,0.5859753170725329,0.3066658888913073,0.1962896127328872,-1693.3333333333333,-1693.3333333333333,unit_payoff,unit_proxy,matrix_transformer/masked_reconstruction
matrix_transformer,masked_reconstruction,10,0.6,15,15,ok,0.3159614881136334,0.0262519199720208,0.6473604278940037,0.3028981858755485,0.219739295028919,-558.3333333333334,-558.3333333333334,unit_payoff,unit_proxy,matrix_transformer/masked_reconstruction
matrix_transformer,masked_reconstruction,10,0.65,15,14,ok,0.2141970308946153,0.0087805215430616,0.7255455222194168,0.3109765445426848,0.1929084993930568,-208.0,-208.0,unit_payoff,unit_proxy,matrix_transformer/masked_reconstruction
matrix_transformer,masked_reconstruction,10,0.7,15,13,ok,0.1571799714295917,0.0023678115390002,0.760178107713313,0.3050604436848723,0.1834762929634288,-62.69230769230769,-62.69230769230769,unit_payoff,unit_proxy,matrix_transformer/masked_reconstruction
matrix_transformer,masked_reconstruction,10,0.75,15,13,ok,0.1134298048095619,0.0003485549680006,0.7947372143656152,0.3012138321054363,0.301445787077971,-9.461538461538462,-9.461538461538462,unit_payoff,unit_proxy,matrix_transformer/masked_reconstruction
matrix_transformer,masked_reconstruction,10,0.8,15,12,ok,0.0733429646087676,0.0,0.8811789424707053,0.3121753631119597,,0.0,0.0,unit_payoff,unit_proxy,matrix_transformer/masked_reconstruction
matrix_transformer,masked_reconstruction,10,0.85,15,11,ok,0.0350409222236461,0.0,0.9502288414461408,0.3247260968333165,,0.0,0.0,unit_payoff,unit_proxy,matrix_transformer/masked_reconstruction
matrix_transformer,masked_reconstruction,10,0.9,15,8,ok,0.0245654856148094,0.0,0.970613327195728,0.3283092692861636,,0.0,0.0,unit_payoff,unit_proxy,matrix_transformer/masked_reconstruction
matrix_transformer,masked_reconstruction,10,0.95,15,2,ok,0.0011627015562313,0.0,1.0,0.3333333333333333,,0.0,0.0,unit_payoff,unit_proxy,matrix_transformer/masked_reconstruction
matrix_transformer,masked_reconstruction,20,0.33,15,15,ok,1.0,0.630742201644663,0.3930936856239708,0.354660208701847,0.2947467904026313,-9021.933333333332,-9021.933333333332,unit_payoff,unit_proxy,matrix_transformer/masked_reconstruction
matrix_transformer,masked_reconstruction,20,0.35,15,15,ok,0.99265126020612,0.6256488037509784,0.3935461471545985,0.354874546454724,0.2947277217980436,-8954.8,-8954.8,unit_payoff,unit_proxy,matrix_transformer/masked_reconstruction
matrix_transformer,masked_reconstruction,20,0.4,15,15,ok,0.8811132400105031,0.5418865154255237,0.3991628399564469,0.3536338949917906,0.291275942244953,-7954.666666666667,-7954.666666666667,unit_payoff,unit_proxy,matrix_transformer/masked_reconstruction
matrix_transformer,masked_reconstruction,20,0.45,15,15,ok,0.7014158812637151,0.403005800438745,0.4138628661053419,0.3489343126079265,0.2858702018706385,-6128.333333333333,-6128.333333333333,unit_payoff,unit_proxy,matrix_transformer/masked_reconstruction
matrix_transformer,masked_reconstruction,20,0.5,15,15,ok,0.4985970514855212,0.2497061083971566,0.4539752462621597,0.3513499777671395,0.2919663953808785,-3748.6,-3748.6,unit_payoff,unit_proxy,matrix_transformer/masked_reconstruction
matrix_transformer,masked_reconstruction,20,0.55,15,15,ok,0.3088151242828278,0.1346009016419423,0.5014515758564744,0.3520243245200433,0.299925928063723,-1990.5333333333333,-1990.5333333333333,unit_payoff,unit_proxy,matrix_transformer/masked_reconstruction
matrix_transformer,masked_reconstruction,20,0.6,15,15,ok,0.1933347914641665,0.0646483258632432,0.5335764581703003,0.3304388039648619,0.2860640863797669,-970.3333333333334,-970.3333333333334,unit_payoff,unit_proxy,matrix_transformer/masked_reconstruction
matrix_transformer,masked_reconstruction,20,0.65,15,15,ok,0.1218455004100945,0.0260214620382272,0.5876471467262604,0.316694224593686,0.2810322125443096,-414.73333333333335,-414.73333333333335,unit_payoff,unit_proxy,matrix_transformer/masked_reconstruction
matrix_transformer,masked_reconstruction,20,0.7,15,13,ok,0.080452195454602,0.0086694443779239,0.7538603867018255,0.3418552609300701,0.3055842868544894,-165.53846153846155,-165.53846153846155,unit_payoff,unit_proxy,matrix_transformer/masked_reconstruction
matrix_transformer,masked_reconstruction,20,0.75,15,13,ok,0.0456473892053364,0.0020961319748836,0.799181090840034,0.3053048473677021,0.4225203446609449,-49.46153846153846,-49.46153846153846,unit_payoff,unit_proxy,matrix_transformer/masked_reconstruction
matrix_transformer,masked_reconstruction,20,0.8,15,12,ok,0.0300742253471021,0.0004505151706523,0.8521940783159354,0.2996951784187127,0.0771428571428571,-12.25,-12.25,unit_payoff,unit_proxy,matrix_transformer/masked_reconstruction
matrix_transformer,masked_reconstruction,20,0.85,15,9,ok,0.0245355409234727,0.0,0.9451354970529536,0.3237990836962919,,0.0,0.0,unit_payoff,unit_proxy,matrix_transformer/masked_reconstruction
matrix_transformer,masked_reconstruction,20,0.9,15,7,ok,0.0105964548082637,0.0,0.9709586678146372,0.3283355493750715,,0.0,0.0,unit_payoff,unit_proxy,matrix_transformer/masked_reconstruction
matrix_transformer,masked_reconstruction,50,0.33,15,15,ok,1.0,0.8176541798996632,0.4367562157077133,0.4147550866093952,0.4151952633967967,-4922.266666666666,-4922.266666666666,unit_payoff,unit_proxy,matrix_transformer/masked_reconstruction
matrix_transformer,masked_reconstruction,50,0.35,15,15,ok,0.9875318205018596,0.8078558134170641,0.4380715688537853,0.4155057794661497,0.4162644347401247,-4777.266666666666,-4777.266666666666,unit_payoff,unit_proxy,matrix_transformer/masked_reconstruction
matrix_transformer,masked_reconstruction,50,0.4,15,15,ok,0.8576803928501568,0.7058148965472721,0.4456317764801712,0.4159708475421431,0.4218490065638665,-3834.4666666666662,-3834.4666666666662,unit_payoff,unit_proxy,matrix_transformer/masked_reconstruction
matrix_transformer,masked_reconstruction,50,0.45,15,15,ok,0.6750832041572316,0.5549586262086738,0.4593186177511695,0.4143849925370005,0.4300899004157427,-2773.8,-2773.8,unit_payoff,unit_proxy,matrix_transformer/masked_reconstruction
matrix_transformer,masked_reconstruction,50,0.5,15,15,ok,0.4903172126725767,0.3968871081201344,0.4787253836572913,0.4207597987317028,0.4416144863679255,-1843.0666666666664,-1843.0666666666664,unit_payoff,unit_proxy,matrix_transformer/masked_reconstruction
matrix_transformer,masked_reconstruction,50,0.55,15,15,ok,0.3416054732158493,0.2697870211612214,0.4877605571795023,0.4079542135646585,0.4403685606723385,-1126.6666666666667,-1126.6666666666667,unit_payoff,unit_proxy,matrix_transformer/masked_reconstruction
matrix_transformer,masked_reconstruction,50,0.6,15,15,ok,0.2197195884392407,0.1649403716463667,0.494126008816664,0.3929474237468747,0.4271080441310128,-616.8,-616.8,unit_payoff,unit_proxy,matrix_transformer/masked_reconstruction
matrix_transformer,masked_reconstruction,50,0.65,15,15,ok,0.123691734117636,0.0829878535346891,0.5451481161714687,0.4010906655542837,0.450335397313728,-252.4,-252.4,unit_payoff,unit_proxy,matrix_transformer/masked_reconstruction
matrix_transformer,masked_reconstruction,50,0.7,15,14,ok,0.0653510029421771,0.0329805925999048,0.6661208471499516,0.4285540970728949,0.5007011795316871,-101.28571428571428,-101.28571428571428,unit_payoff,unit_proxy,matrix_transformer/masked_reconstruction
matrix_transformer,masked_reconstruction,50,0.75,15,14,ok,0.0341187295161797,0.0105398662591075,0.7924095711705929,0.3862384511254095,0.4609237428798589,-10.5,-10.5,unit_payoff,unit_proxy,matrix_transformer/masked_reconstruction
matrix_transformer,masked_reconstruction,50,0.8,15,13,ok,0.0207183324316668,0.0044249516854006,0.845649214289709,0.3195698177833381,0.3782861191179166,19.46153846153846,19.46153846153846,unit_payoff,unit_proxy,matrix_transformer/masked_reconstruction
matrix_transformer,masked_reconstruction,50,0.85,15,13,ok,0.0100947746864693,0.0016548669937878,0.8920307102332312,0.3255566083915073,0.5324409151566232,12.923076923076923,12.923076923076923,unit_payoff,unit_proxy,matrix_transformer/masked_reconstruction
matrix_transformer,masked_reconstruction,50,0.9,15,8,ok,0.002308112144129,0.0001465683464484,0.8347440762305429,0.2840748680481816,0.3658536585365853,1.875,1.875,unit_payoff,unit_proxy,matrix_transformer/masked_reconstruction
matrix_transformer,next_field,10,0.33,15,15,ok,1.0,0.1143113339002887,0.5570450580658334,0.273269787401566,0.1722246012826528,-2465.4666666666667,-2465.4666666666667,unit_payoff,unit_proxy,matrix_transformer/next_field
matrix_transformer,next_field,10,0.35,15,15,ok,0.9979146732144578,0.1129393617983716,0.5572996187840704,0.2729652942532607,0.1718364642308942,-2438.333333333333,-2438.333333333333,unit_payoff,unit_proxy,matrix_transformer/next_field
matrix_transformer,next_field,10,0.4,15,15,ok,0.9731238645044512,0.0968132495488901,0.5610454140539459,0.2707813678570985,0.1682229965762859,-2096.333333333333,-2096.333333333333,unit_payoff,unit_proxy,matrix_transformer/next_field
matrix_transformer,next_field,10,0.45,15,15,ok,0.9315969198826828,0.0744554979223387,0.5675989408518378,0.269090410148389,0.1740592016677214,-1623.6,-1623.6,unit_payoff,unit_proxy,matrix_transformer/next_field
matrix_transformer,next_field,10,0.5,15,15,ok,0.8788638157146821,0.05349108179347,0.5772959877741559,0.2684645589377552,0.1827162604579268,-1167.7333333333331,-1167.7333333333331,unit_payoff,unit_proxy,matrix_transformer/next_field
matrix_transformer,next_field,10,0.55,15,15,ok,0.7719971650042463,0.037473159331162,0.5902073920583173,0.270786812019026,0.1791812516200713,-812.8666666666667,-812.8666666666667,unit_payoff,unit_proxy,matrix_transformer/next_field
matrix_transformer,next_field,10,0.6,15,15,ok,0.5681099962149997,0.0251934858075963,0.6104292752100131,0.2763161506993674,0.1563390496979786,-540.7333333333333,-540.7333333333333,unit_payoff,unit_proxy,matrix_transformer/next_field
matrix_transformer,next_field,10,0.65,15,15,ok,0.3764023151854232,0.0158569883623464,0.6387200757409767,0.2828266945749854,0.1327498466524876,-334.26666666666665,-334.26666666666665,unit_payoff,unit_proxy,matrix_transformer/next_field
matrix_transformer,next_field,10,0.7,15,15,ok,0.2282988873315719,0.0090780502236704,0.6973444084298891,0.2973185687234811,0.1530070497464861,-187.46666666666667,-187.46666666666667,unit_payoff,unit_proxy,matrix_transformer/next_field
matrix_transformer,next_field,10,0.75,15,13,ok,0.195065180718502,0.0049750082714302,0.7293900366672182,0.3109965806481342,0.1851420263773762,-102.92307692307692,-102.92307692307692,unit_payoff,unit_proxy,matrix_transformer/next_field
matrix_transformer,next_field,10,0.8,15,10,ok,0.0479969833007032,0.0023178800366599,0.7230088590348699,0.2972115615715224,0.2257905055961778,-49.5,-49.5,unit_payoff,unit_proxy,matrix_transformer/next_field
matrix_transformer,next_field,10,0.85,15,9,ok,0.0331554711306432,0.0006698344492096,0.7570945856797835,0.277831516269184,0.2024518001180405,-8.88888888888889,-8.88888888888889,unit_payoff,unit_proxy,matrix_transformer/next_field
matrix_transformer,next_field,10,0.9,15,9,ok,0.0068585722686384,0.0001639721854786,0.7603112043182205,0.2676054649138706,0.1538461538461538,-2.111111111111111,-2.111111111111111,unit_payoff,unit_proxy,matrix_transformer/next_field
matrix_transformer,next_field,20,0.33,15,15,ok,1.0,0.1962557191465316,0.462551515595891,0.2805151636127316,0.3286032859094385,-2870.6666666666665,-2870.6666666666665,unit_payoff,unit_proxy,matrix_transformer/next_field
matrix_transformer,next_field,20,0.35,15,15,ok,0.9901678011368696,0.1896276409845582,0.4634244149793516,0.2803927388257494,0.3288072530624666,-2768.0,-2768.0,unit_payoff,unit_proxy,matrix_transformer/next_field
matrix_transformer,next_field,20,0.4,15,15,ok,0.8999836095634809,0.1405901881949789,0.473080787163635,0.2774044560314902,0.3283520960596872,-2114.4,-2114.4,unit_payoff,unit_proxy,matrix_transformer/next_field
matrix_transformer,next_field,20,0.45,15,15,ok,0.778308966345133,0.1010961528502575,0.4846708069277891,0.2769426332671985,0.3118013607011378,-1609.1333333333334,-1609.1333333333334,unit_payoff,unit_proxy,matrix_transformer/next_field
matrix_transformer,next_field,20,0.5,15,15,ok,0.5536144934535071,0.0712908772393045,0.5015766781973211,0.2817224986890236,0.2705319690034785,-1166.2666666666669,-1166.2666666666669,unit_payoff,unit_proxy,matrix_transformer/next_field
matrix_transformer,next_field,20,0.55,15,15,ok,0.4244195268345668,0.0507537182597149,0.5213230356078159,0.2855848367268715,0.3041125317982337,-852.8666666666667,-852.8666666666667,unit_payoff,unit_proxy,matrix_transformer/next_field
matrix_transformer,next_field,20,0.6,15,14,ok,0.3084776047020034,0.0400510016222183,0.5569608201520778,0.298091610529152,0.3238208047855788,-685.7142857142857,-685.7142857142857,unit_payoff,unit_proxy,matrix_transformer/next_field
matrix_transformer,next_field,20,0.65,15,13,ok,0.2533318527881947,0.031985207855022,0.6007119673977631,0.305379738373735,0.3880873838465017,-564.6923076923077,-564.6923076923077,unit_payoff,unit_proxy,matrix_transformer/next_field
matrix_transformer,next_field,20,0.7,15,13,ok,0.1845571342887502,0.023130185588102,0.6666800671187001,0.3233232528891194,0.4252015621435084,-405.61538461538464,-405.61538461538464,unit_payoff,unit_proxy,matrix_transformer/next_field
matrix_transformer,next_field,20,0.75,15,10,ok,0.1179814572043711,0.0206310217693632,0.7164546317992235,0.3452355905118799,0.325239917606308,-363.7,-363.7,unit_payoff,unit_proxy,matrix_transformer/next_field
matrix_transformer,next_field,20,0.8,15,7,ok,0.0711863620089974,0.0187197090421124,0.7560157781503474,0.3418213845223465,0.2063544550994353,-342.7142857142857,-342.7142857142857,unit_payoff,unit_proxy,matrix_transformer/next_field
matrix_transformer,next_field,20,0.85,15,7,ok,0.0457580600211839,0.0100864994828438,0.7937073055369946,0.3364039605785923,0.1348935974205435,-175.14285714285714,-175.14285714285714,unit_payoff,unit_proxy,matrix_transformer/next_field
matrix_transformer,next_field,20,0.9,15,6,ok,0.0201806237828864,0.0032794146457806,0.8756513759445985,0.3560686639032459,0.2420674346903855,-46.66666666666666,-46.66666666666666,unit_payoff,unit_proxy,matrix_transformer/next_field
matrix_transformer,next_field,20,0.95,15,1,ok,0.0001533232821403,0.0,1.0,0.3333333333333333,,0.0,0.0,unit_payoff,unit_proxy,matrix_transformer/next_field
matrix_transformer,next_field,50,0.33,15,15,ok,1.0,0.7263363237361796,0.4116148442114458,0.3822988716148037,0.4030905770290378,-4668.333333333333,-4668.333333333333,unit_payoff,unit_proxy,matrix_transformer/next_field
matrix_transformer,next_field,50,0.35,15,15,ok,0.9931475083606656,0.7214719504783526,0.4122119990369624,0.3825503417669688,0.4034784151098088,-4611.866666666667,-4611.866666666667,unit_payoff,unit_proxy,matrix_transformer/next_field
matrix_transformer,next_field,50,0.4,15,15,ok,0.7519452749768416,0.5370349334322815,0.4235164856432087,0.3821467439939504,0.4017588260207083,-2384.4666666666667,-2384.4666666666667,unit_payoff,unit_proxy,matrix_transformer/next_field
matrix_transformer,next_field,50,0.45,15,15,ok,0.5540248469812787,0.3817847639577058,0.432153139077679,0.3697705560592387,0.4615781738037214,-1397.1333333333334,-1397.1333333333334,unit_payoff,unit_proxy,matrix_transformer/next_field
matrix_transformer,next_field,50,0.5,15,14,ok,0.3899797570071743,0.2670836651955637,0.4669837931340583,0.38625925131617,0.4633917075663729,-758.8571428571429,-758.8571428571429,unit_payoff,unit_proxy,matrix_transformer/next_field
matrix_transformer,next_field,50,0.55,15,14,ok,0.2812134713128415,0.1722669767234782,0.4947318983140924,0.3782621948749906,0.4715266837050027,-477.6428571428572,-477.6428571428572,unit_payoff,unit_proxy,matrix_transformer/next_field
matrix_transformer,next_field,50,0.6,15,14,ok,0.1776947499132352,0.1103365286471896,0.5248650830622409,0.3653350793635119,0.4732185298646975,-351.35714285714283,-351.35714285714283,unit_payoff,unit_proxy,matrix_transformer/next_field
matrix_transformer,next_field,50,0.65,15,12,ok,0.1154331530441531,0.0843206270015355,0.583154359058352,0.3863715203297348,0.4845210751240543,-325.4166666666667,-325.4166666666667,unit_payoff,unit_proxy,matrix_transformer/next_field
matrix_transformer,next_field,50,0.7,15,12,ok,0.0798943706169493,0.0542928484519512,0.608236210889546,0.3867296731136409,0.4938650367819704,-219.83333333333331,-219.83333333333331,unit_payoff,unit_proxy,matrix_transformer/next_field
matrix_transformer,next_field,50,0.75,15,12,ok,0.0482072762114916,0.0289187609998596,0.6285859244424877,0.3721536100208786,0.4873327755962858,-106.91666666666669,-106.91666666666669,unit_payoff,unit_proxy,matrix_transformer/next_field
matrix_transformer,next_field,50,0.8,15,10,ok,0.0278603425703009,0.0132874587644856,0.6520579109829358,0.3685361818342129,0.4709579759246292,-30.7,-30.7,unit_payoff,unit_proxy,matrix_transformer/next_field
matrix_transformer,next_field,50,0.85,15,10,ok,0.0117375898433986,0.0052693007634732,0.6495932405672162,0.2950114780176561,0.41067553781852,3.9,3.9,unit_payoff,unit_proxy,matrix_transformer/next_field
matrix_transformer,next_field,50,0.9,15,7,ok,0.0065078027409928,0.0044096964451634,0.6731399221604564,0.2597752054404609,0.4610382755927122,7.142857142857143,7.142857142857143,unit_payoff,unit_proxy,matrix_transformer/next_field
matrix_transformer,next_field,50,0.95,15,1,ok,0.0051616041509026,0.0051616041509026,0.6230366492146597,0.2559139784946236,0.6230366492146597,47.0,47.0,unit_payoff,unit_proxy,matrix_transformer/next_field
matrix_transformer,supervised,10,0.33,15,15,ok,1.0,0.4381400732596694,0.4476840575224404,0.3336073181458961,0.233533981160073,-8243.2,-8243.2,unit_payoff,unit_proxy,matrix_transformer/supervised
matrix_transformer,supervised,10,0.35,15,15,ok,0.9905295614778922,0.4321927124563202,0.4488502205885504,0.3335547412306458,0.2339669234689886,-8131.2,-8131.2,unit_payoff,unit_proxy,matrix_transformer/supervised
matrix_transformer,supervised,10,0.4,15,15,ok,0.8390556180982051,0.3537408089166222,0.4654263265043276,0.3321142484972856,0.229926231129452,-6612.8,-6612.8,unit_payoff,unit_proxy,matrix_transformer/supervised
matrix_transformer,supervised,10,0.45,15,15,ok,0.6575690331196881,0.234806157952234,0.5083078168740165,0.3272112867199696,0.227894690675389,-4295.533333333334,-4295.533333333334,unit_payoff,unit_proxy,matrix_transformer/supervised
matrix_transformer,supervised,10,0.5,15,15,ok,0.496551001353379,0.1244908892498825,0.5668811897028232,0.3271724430881939,0.2186734085292973,-2156.4666666666667,-2156.4666666666667,unit_payoff,unit_proxy,matrix_transformer/supervised
matrix_transformer,supervised,10,0.55,15,15,ok,0.3796042073888103,0.0490106150817387,0.6297054473398194,0.3220508576687538,0.247352149731357,-820.2666666666667,-820.2666666666667,unit_payoff,unit_proxy,matrix_transformer/supervised
matrix_transformer,supervised,10,0.6,15,15,ok,0.3005323592041674,0.0179026564806963,0.6877733391002168,0.3199785161267384,0.2637335973917658,-289.6,-289.6,unit_payoff,unit_proxy,matrix_transformer/supervised
matrix_transformer,supervised,10,0.65,15,14,ok,0.2280834492179515,0.0061935299342709,0.7488047143632448,0.3189919680625959,0.2690939183091457,-104.07142857142856,-104.07142857142856,unit_payoff,unit_proxy,matrix_transformer/supervised
matrix_transformer,supervised,10,0.7,15,12,ok,0.1644187284862497,0.0022066440355659,0.8122650910679989,0.3212036846075328,0.366199354999529,-47.25,-47.25,unit_payoff,unit_proxy,matrix_transformer/supervised
matrix_transformer,supervised,10,0.75,15,12,ok,0.1105295979237746,0.0005156144879093,0.8628669689738432,0.3122620486605174,0.1076224088272281,-16.583333333333332,-16.583333333333332,unit_payoff,unit_proxy,matrix_transformer/supervised
matrix_transformer,supervised,10,0.8,15,12,ok,0.0593145618648309,8.517960118910723e-06,0.9180598940420808,0.3189380080313672,0.0,-0.3333333333333333,-0.3333333333333333,unit_payoff,unit_proxy,matrix_transformer/supervised
matrix_transformer,supervised,10,0.85,15,10,ok,0.0454882940905496,0.0,0.9444315386444015,0.3236812222687045,,0.0,0.0,unit_payoff,unit_proxy,matrix_transformer/supervised
matrix_transformer,supervised,10,0.9,15,6,ok,0.0369904558397636,0.0,0.9575147691942956,0.3260625020597216,,0.0,0.0,unit_payoff,unit_proxy,matrix_transformer/supervised
matrix_transformer,supervised,20,0.33,15,15,ok,1.0,0.6148943383535769,0.409139097736246,0.3711322885696212,0.3059718974351886,-8180.4,-8180.4,unit_payoff,unit_proxy,matrix_transformer/supervised
matrix_transformer,supervised,20,0.35,15,15,ok,0.9880004179029808,0.6054599429425191,0.4103342188794293,0.3718070803806766,0.3068599410716778,-8018.266666666666,-8018.266666666666,unit_payoff,unit_proxy,matrix_transformer/supervised
matrix_transformer,supervised,20,0.4,15,15,ok,0.825934371867436,0.4743093583527946,0.4295289310715587,0.3741455271980027,0.3199670053057602,-6047.6,-6047.6,unit_payoff,unit_proxy,matrix_transformer/supervised
matrix_transformer,supervised,20,0.45,15,15,ok,0.6299989212095753,0.3210282280366919,0.4601309557856083,0.368740746764294,0.3330132623370557,-4066.8,-4066.8,unit_payoff,unit_proxy,matrix_transformer/supervised
matrix_transformer,supervised,20,0.5,15,15,ok,0.4389263250334452,0.2029528696387523,0.5181080147747739,0.3821254257577612,0.3443051059430567,-2607.733333333333,-2607.733333333333,unit_payoff,unit_proxy,matrix_transformer/supervised
matrix_transformer,supervised,20,0.55,15,15,ok,0.2737986270918527,0.1202013569484693,0.5669606753238059,0.3947949172346071,0.343956304201912,-1512.8,-1512.8,unit_payoff,unit_proxy,matrix_transformer/supervised
matrix_transformer,supervised,20,0.6,15,14,ok,0.1872297232585011,0.0611298189492968,0.5655787568376999,0.365356871501334,0.3170450880274555,-738.2857142857143,-738.2857142857143,unit_payoff,unit_proxy,matrix_transformer/supervised
matrix_transformer,supervised,20,0.65,15,13,ok,0.1203047048639059,0.0247512728416561,0.6463074610911773,0.3600846919162438,0.3358527636593919,-306.53846153846155,-306.53846153846155,unit_payoff,unit_proxy,matrix_transformer/supervised
matrix_transformer,supervised,20,0.7,15,12,ok,0.0749136668434373,0.0068873131485292,0.7852626458696045,0.3757998900465982,0.3918734681546389,-105.5,-105.5,unit_payoff,unit_proxy,matrix_transformer/supervised
matrix_transformer,supervised,20,0.75,15,12,ok,0.0448874515986878,0.0007589001004044,0.8714151938136233,0.3405106220917871,0.2767427048774365,-15.166666666666666,-15.166666666666666,unit_payoff,unit_proxy,matrix_transformer/supervised
matrix_transformer,supervised,20,0.8,15,11,ok,0.0318239111092055,1.626156022701138e-05,0.9200270887249928,0.3199406570298169,0.2857142857142857,-0.2727272727272727,-0.2727272727272727,unit_payoff,unit_proxy,matrix_transformer/supervised
matrix_transformer,supervised,20,0.85,15,9,ok,0.02181315526164,0.0,0.9436153521205785,0.3236137485434845,,0.0,0.0,unit_payoff,unit_proxy,matrix_transformer/supervised
matrix_transformer,supervised,20,0.9,15,6,ok,0.011935809275075,0.0,0.9721413022583744,0.3285761069197147,,0.0,0.0,unit_payoff,unit_proxy,matrix_transformer/supervised
matrix_transformer,supervised,20,0.95,15,1,ok,0.00132880177855,0.0,1.0,0.3333333333333333,,0.0,0.0,unit_payoff,unit_proxy,matrix_transformer/supervised
matrix_transformer,supervised,50,0.33,15,15,ok,1.0,0.8526230036733798,0.4416133999559026,0.4179687985365532,0.419072082198609,-4834.666666666667,-4834.666666666667,unit_payoff,unit_proxy,matrix_transformer/supervised
matrix_transformer,supervised,50,0.35,15,15,ok,0.9915285955781628,0.8469813809788905,0.44239283865377,0.4182627369049588,0.419688015647379,-4753.866666666667,-4753.866666666667,unit_payoff,unit_proxy,matrix_transformer/supervised
matrix_transformer,supervised,50,0.4,15,15,ok,0.8821403383959697,0.7639635801710085,0.4522124239729868,0.4200091949686679,0.4283862391424886,-3755.866666666667,-3755.866666666667,unit_payoff,unit_proxy,matrix_transformer/supervised
matrix_transformer,supervised,50,0.45,15,15,ok,0.7021996363411201,0.6091060411679986,0.4677880262507609,0.4206425872362316,0.4411541628043114,-2507.5333333333333,-2507.5333333333333,unit_payoff,unit_proxy,matrix_transformer/supervised
matrix_transformer,supervised,50,0.5,15,15,ok,0.4954743877528062,0.4204148523191727,0.4917090184319895,0.4281270237529217,0.4601213553656652,-1327.8,-1327.8,unit_payoff,unit_proxy,matrix_transformer/supervised
matrix_transformer,supervised,50,0.55,15,15,ok,0.3130732962284608,0.2525436097415836,0.5182315854027982,0.4380651105224578,0.4744683156251773,-644.2,-644.2,unit_payoff,unit_proxy,matrix_transformer/supervised
matrix_transformer,supervised,50,0.6,15,15,ok,0.1721887194100294,0.1238349891800231,0.5558135989644898,0.4571967887568849,0.4875319490854242,-245.53333333333333,-245.53333333333333,unit_payoff,unit_proxy,matrix_transformer/supervised
matrix_transformer,supervised,50,0.65,15,15,ok,0.0857409908178542,0.0482826378506789,0.6073867301708664,0.4600342291412626,0.4989536235928357,-91.66666666666669,-91.66666666666669,unit_payoff,unit_proxy,matrix_transformer/supervised
matrix_transformer,supervised,50,0.7,15,15,ok,0.0439196278291764,0.0152445642263819,0.6863532455490723,0.4187491083687932,0.451778700044802,-26.866666666666667,-26.866666666666667,unit_payoff,unit_proxy,matrix_transformer/supervised
matrix_transformer,supervised,50,0.75,15,15,ok,0.0261179417173502,0.0047972992037907,0.8100269173163842,0.3702029596172193,0.5195692904721971,8.2,8.2,unit_payoff,unit_proxy,matrix_transformer/supervised
matrix_transformer,supervised,50,0.8,15,13,ok,0.0194099172899284,0.0024077386558903,0.8493202342177658,0.3232372176822736,0.4141082047113144,6.384615384615385,6.384615384615385,unit_payoff,unit_proxy,matrix_transformer/supervised
matrix_transformer,supervised,50,0.85,15,10,ok,0.0125269103618761,0.0011855750690499,0.8671047571863306,0.3073379276658346,0.5496936491104041,5.5,5.5,unit_payoff,unit_proxy,matrix_transformer/supervised
matrix_transformer,supervised,50,0.9,15,6,ok,0.0042608877023886,7.382701895183004e-05,0.8949311976842828,0.3131878986587876,0.6470588235294118,0.8333333333333334,0.8333333333333334,unit_payoff,unit_proxy,matrix_transformer/supervised
