pretraining_objective,horizon,threshold,n_groups,mean_retained_fraction,mean_active_fraction,mean_abstention_fraction,mean_classification_accuracy,mean_macro_f1,mean_directional_hit_rate,mean_gross_directional_proxy,mean_cost_adjusted_proxy
masked_reconstruction,10,0.33,15,1.0,0.5052264409832705,0.49477355901672937,0.4061412567720745,0.32327758541382196,0.2124238754531264,-10224.2,-10224.2
masked_reconstruction,10,0.35,15,0.9928334841197193,0.5007011013389,0.49631706826446226,0.40700672539038557,0.3230403727473546,0.21221453951189068,-10135.333333333334,-10135.333333333334
masked_reconstruction,10,0.4,15,0.8951123937637592,0.4322572188808076,0.5241569565287159,0.4212584407837424,0.31964084628879497,0.2082403419312811,-8836.133333333333,-8836.133333333333
masked_reconstruction,10,0.45,15,0.7118106281745207,0.29291993964709523,0.6067640331228715,0.4635039081386745,0.3138210139295666,0.21152749250202824,-6041.8,-6041.8
masked_reconstruction,10,0.5,15,0.5339853219677075,0.15999561960680708,0.7127320489714106,0.5243306906446127,0.3096100592015429,0.1999579343908656,-3328.4,-3328.4
masked_reconstruction,10,0.55,15,0.412629841630721,0.08088952128290215,0.807136112803459,0.5859753170725329,0.30666588889130736,0.19628961273288723,-1693.3333333333333,-1693.3333333333333
masked_reconstruction,10,0.6,15,0.31596148811363345,0.026251919972020844,0.889665186182075,0.6473604278940037,0.3028981858755484,0.21973929502891895,-558.3333333333334,-558.3333333333334
masked_reconstruction,10,0.65,14,0.2141970308946153,0.008780521543061614,0.9372135954928382,0.7255455222194168,0.31097654454268486,0.19290849939305685,-208.0,-208.0
masked_reconstruction,10,0.7,13,0.15717997142959175,0.0023678115390002308,0.9019776945612522,0.760178107713313,0.3050604436848723,0.18347629296342885,-62.69230769230769,-62.69230769230769
masked_reconstruction,10,0.75,13,0.1134298048095619,0.00034855496800066356,0.9196166543470234,0.7947372143656152,0.30121383210543623,0.30144578707797093,-9.461538461538462,-9.461538461538462
masked_reconstruction,10,0.8,12,0.07334296460876764,0.0,1.0,0.8811789424707053,0.31217536311195965,,0.0,0.0
masked_reconstruction,10,0.85,11,0.03504092222364607,0.0,1.0,0.9502288414461408,0.32472609683331655,,0.0,0.0
masked_reconstruction,10,0.9,8,0.024565485614809365,0.0,1.0,0.970613327195728,0.32830926928616355,,0.0,0.0
masked_reconstruction,10,0.95,2,0.00116270155623125,0.0,1.0,1.0,0.3333333333333333,,0.0,0.0
masked_reconstruction,20,0.33,15,1.0,0.630742201644663,0.369257798355337,0.3930936856239708,0.35466020870184706,0.29474679040263124,-9021.933333333332,-9021.933333333332
masked_reconstruction,20,0.35,15,0.9926512602061199,0.6256488037509784,0.36927445581492524,0.39354614715459857,0.354874546454724,0.2947277217980436,-8954.8,-8954.8
masked_reconstruction,20,0.4,15,0.8811132400105031,0.5418865154255237,0.3772752849127388,0.3991628399564469,0.3536338949917906,0.29127594224495307,-7954.666666666667,-7954.666666666667
masked_reconstruction,20,0.45,15,0.7014158812637151,0.403005800438745,0.40610591246074246,0.4138628661053419,0.34893431260792657,0.28587020187063844,-6128.333333333333,-6128.333333333333
masked_reconstruction,20,0.5,15,0.49859705148552125,0.24970610839715654,0.4808865365605463,0.4539752462621596,0.35134997776713955,0.2919663953808785,-3748.6,-3748.6
masked_reconstruction,20,0.55,15,0.30881512428282787,0.13460090164194233,0.5172740244239472,0.5014515758564744,0.35202432452004323,0.299925928063723,-1990.5333333333333,-1990.5333333333333
masked_reconstruction,20,0.6,15,0.19333479146416646,0.06464832586324316,0.5691250675547133,0.5335764581703003,0.33043880396486197,0.28606408637976694,-970.3333333333334,-970.3333333333334
masked_reconstruction,20,0.65,15,0.12184550041009454,0.026021462038227233,0.6643675911026625,0.5876471467262604,0.316694224593686,0.28103221254430966,-414.73333333333335,-414.73333333333335
masked_reconstruction,20,0.7,13,0.08045219545460196,0.008669444377923932,0.8471681436122522,0.7538603867018255,0.3418552609300701,0.30558428685448946,-165.53846153846155,-165.53846153846155
masked_reconstruction,20,0.75,13,0.045647389205336356,0.0020961319748836332,0.8966330712653128,0.799181090840034,0.30530484736770214,0.4225203446609449,-49.46153846153846,-49.46153846153846
masked_reconstruction,20,0.8,12,0.03007422534710205,0.0004505151706522917,0.9107667829796395,0.8521940783159354,0.2996951784187127,0.07714285714285712,-12.25,-12.25
masked_reconstruction,20,0.85,9,0.024535540923472727,0.0,1.0,0.9451354970529535,0.32379908369629196,,0.0,0.0
masked_reconstruction,20,0.9,7,0.010596454808263715,0.0,1.0,0.9709586678146372,0.32833554937507153,,0.0,0.0
masked_reconstruction,50,0.33,15,1.0,0.8176541798996632,0.1823458201003366,0.4367562157077133,0.41475508660939525,0.4151952633967967,-4922.266666666666,-4922.266666666666
masked_reconstruction,50,0.35,15,0.9875318205018596,0.8078558134170641,0.18122656324760106,0.43807156885378523,0.4155057794661497,0.41626443474012464,-4777.266666666666,-4777.266666666666
masked_reconstruction,50,0.4,15,0.8576803928501568,0.7058148965472721,0.16838212118252321,0.4456317764801712,0.41597084754214314,0.4218490065638665,-3834.4666666666667,-3834.4666666666667
masked_reconstruction,50,0.45,15,0.6750832041572316,0.5549586262086738,0.1611862045624237,0.45931861775116956,0.41438499253700056,0.43008990041574274,-2773.8,-2773.8
masked_reconstruction,50,0.5,15,0.4903172126725767,0.39688710812013445,0.168657133806769,0.4787253836572913,0.4207597987317028,0.44161448636792555,-1843.0666666666666,-1843.0666666666666
masked_reconstruction,50,0.55,15,0.3416054732158493,0.26978702116122133,0.19091380434486246,0.48776055717950234,0.4079542135646585,0.4403685606723384,-1126.6666666666667,-1126.6666666666667
masked_reconstruction,50,0.6,15,0.21971958843924064,0.16494037164636674,0.2333392651821235,0.494126008816664,0.39294742374687475,0.4271080441310128,-616.8,-616.8
masked_reconstruction,50,0.65,15,0.12369173411763605,0.08298785353468907,0.31502976899949836,0.5451481161714687,0.40109066555428374,0.450335397313728,-252.4,-252.4
masked_reconstruction,50,0.7,14,0.0653510029421771,0.032980592599904775,0.5007934104916533,0.6661208471499516,0.4285540970728948,0.5007011795316871,-101.28571428571429,-101.28571428571429
masked_reconstruction,50,0.75,14,0.03411872951617973,0.01053986625910747,0.739671365856892,0.7924095711705929,0.38623845112540955,0.46092374287985893,-10.5,-10.5
masked_reconstruction,50,0.8,13,0.020718332431666837,0.0044249516854006155,0.7884284659064382,0.845649214289709,0.3195698177833381,0.37828611911791665,19.46153846153846,19.46153846153846
masked_reconstruction,50,0.85,13,0.010094774686469323,0.001654866993787823,0.8059701492537313,0.8920307102332312,0.32555660839150735,0.5324409151566232,12.923076923076923,12.923076923076923
masked_reconstruction,50,0.9,8,0.00230811214412905,0.00014656834644847502,0.75,0.8347440762305429,0.2840748680481816,0.36585365853658536,1.875,1.875
next_field,10,0.33,15,1.0,0.11431133390028872,0.8856886660997111,0.5570450580658334,0.273269787401566,0.17222460128265285,-2465.4666666666667,-2465.4666666666667
next_field,10,0.35,15,0.9979146732144578,0.11293936179837166,0.8864334662329431,0.5572996187840704,0.27296529425326066,0.17183646423089424,-2438.3333333333335,-2438.3333333333335
next_field,10,0.4,15,0.9731238645044513,0.09681324954889009,0.8954678163727673,0.5610454140539459,0.27078136785709855,0.16822299657628598,-2096.3333333333335,-2096.3333333333335
next_field,10,0.45,15,0.9315969198826827,0.07445549792233873,0.9081836886472571,0.5675989408518378,0.26909041014838897,0.17405920166772137,-1623.6,-1623.6
next_field,10,0.5,15,0.8788638157146821,0.05349108179347005,0.9214432632650326,0.5772959877741559,0.2684645589377552,0.18271626045792674,-1167.7333333333333,-1167.7333333333333
next_field,10,0.55,15,0.7719971650042463,0.03747315933116204,0.9288543647485371,0.5902073920583173,0.2707868120190259,0.17918125162007129,-812.8666666666667,-812.8666666666667
next_field,10,0.6,15,0.5681099962149998,0.0251934858075963,0.9272500631438632,0.6104292752100131,0.2763161506993674,0.15633904969797868,-540.7333333333333,-540.7333333333333
next_field,10,0.65,15,0.37640231518542316,0.0158569883623464,0.9291020209057087,0.6387200757409767,0.2828266945749854,0.13274984665248757,-334.26666666666665,-334.26666666666665
next_field,10,0.7,15,0.2282988873315719,0.009078050223670435,0.9342630126221371,0.6973444084298891,0.29731856872348117,0.15300704974648616,-187.46666666666667,-187.46666666666667
next_field,10,0.75,13,0.19506518071850204,0.004975008271430246,0.9382274089157472,0.7293900366672182,0.31099658064813424,0.18514202637737623,-102.92307692307692,-102.92307692307692
next_field,10,0.8,10,0.047996983300703205,0.0023178800366599334,0.803509372013308,0.7230088590348699,0.2972115615715224,0.22579050559617783,-49.5,-49.5
next_field,10,0.85,9,0.033155471130643176,0.0006698344492096222,0.7738712528168057,0.7570945856797835,0.27783151626918406,0.20245180011804048,-8.88888888888889,-8.88888888888889
next_field,10,0.9,9,0.006858572268638434,0.00016397218547867777,0.7777777777777778,0.7603112043182207,0.2676054649138706,0.15384615384615385,-2.111111111111111,-2.111111111111111
next_field,20,0.33,15,1.0,0.19625571914653156,0.8037442808534685,0.462551515595891,0.2805151636127316,0.32860328590943855,-2870.6666666666665,-2870.6666666666665
next_field,20,0.35,15,0.9901678011368696,0.18962764098455817,0.8062939608238644,0.46342441497935166,0.2803927388257494,0.32880725306246666,-2768.0,-2768.0
next_field,20,0.4,15,0.8999836095634809,0.14059018819497895,0.8274344891338109,0.47308078716363505,0.2774044560314902,0.32835209605968724,-2114.4,-2114.4
next_field,20,0.45,15,0.778308966345133,0.1010961528502575,0.8382019487771424,0.48467080692778913,0.2769426332671985,0.3118013607011378,-1609.1333333333334,-1609.1333333333334
next_field,20,0.5,15,0.5536144934535071,0.07129087723930451,0.8447734450423046,0.5015766781973211,0.2817224986890236,0.27053196900347853,-1166.2666666666667,-1166.2666666666667
next_field,20,0.55,15,0.42441952683456674,0.050753718259714975,0.8557746784524997,0.5213230356078159,0.28558483672687146,0.3041125317982337,-852.8666666666667,-852.8666666666667
next_field,20,0.6,14,0.3084776047020034,0.040051001622218314,0.8619736135166499,0.5569608201520778,0.298091610529152,0.32382080478557884,-685.7142857142857,-685.7142857142857
next_field,20,0.65,13,0.2533318527881947,0.031985207855022076,0.8699842290716027,0.6007119673977631,0.30537973837373494,0.38808738384650177,-564.6923076923077,-564.6923076923077
next_field,20,0.7,13,0.18455713428875023,0.023130185588101985,0.8850658683893992,0.6666800671187001,0.3233232528891194,0.42520156214350846,-405.61538461538464,-405.61538461538464
next_field,20,0.75,10,0.11798145720437112,0.020631021769363177,0.8392809830786012,0.7164546317992235,0.3452355905118798,0.32523991760630794,-363.7,-363.7
next_field,20,0.8,7,0.07118636200899739,0.01871970904211243,0.8626240742305326,0.7560157781503474,0.34182138452234645,0.20635445509943526,-342.7142857142857,-342.7142857142857
next_field,20,0.85,7,0.04575806002118391,0.01008649948284382,0.8999372347568436,0.7937073055369946,0.3364039605785923,0.13489359742054352,-175.14285714285714,-175.14285714285714
next_field,20,0.9,6,0.020180623782886407,0.0032794146457806,0.9331857472854207,0.8756513759445985,0.35606866390324593,0.2420674346903855,-46.666666666666664,-46.666666666666664
next_field,20,0.95,1,0.0001533232821403,0.0,1.0,1.0,0.3333333333333333,,0.0,0.0
next_field,50,0.33,15,1.0,0.7263363237361796,0.2736636762638203,0.41161484421144584,0.3822988716148037,0.4030905770290378,-4668.333333333333,-4668.333333333333
next_field,50,0.35,15,0.9931475083606656,0.7214719504783526,0.27295726209291327,0.4122119990369623,0.3825503417669688,0.4034784151098088,-4611.866666666667,-4611.866666666667
next_field,50,0.4,15,0.7519452749768416,0.5370349334322815,0.3375676665451463,0.42351648564320876,0.3821467439939504,0.40175882602070834,-2384.4666666666667,-2384.4666666666667
next_field,50,0.45,15,0.5540248469812786,0.3817847639577058,0.34516509837123266,0.432153139077679,0.3697705560592387,0.4615781738037214,-1397.1333333333334,-1397.1333333333334
next_field,50,0.5,14,0.3899797570071742,0.26708366519556376,0.3044983554630506,0.46698379313405836,0.38625925131617006,0.46339170756637293,-758.8571428571429,-758.8571428571429
next_field,50,0.55,14,0.2812134713128415,0.1722669767234782,0.33591703535810397,0.4947318983140924,0.3782621948749906,0.4715266837050027,-477.64285714285717,-477.64285714285717
next_field,50,0.6,14,0.17769474991323522,0.1103365286471896,0.351481550513802,0.5248650830622409,0.3653350793635118,0.47321852986469753,-351.35714285714283,-351.35714285714283
next_field,50,0.65,12,0.11543315304415312,0.08432062700153554,0.2783107758496908,0.583154359058352,0.3863715203297348,0.48452107512405435,-325.4166666666667,-325.4166666666667
next_field,50,0.7,12,0.07989437061694926,0.0542928484519512,0.3164634658467078,0.6082362108895459,0.3867296731136409,0.4938650367819704,-219.83333333333334,-219.83333333333334
next_field,50,0.75,12,0.04820727621149163,0.02891876099985956,0.35929745181116735,0.6285859244424877,0.3721536100208786,0.4873327755962858,-106.91666666666667,-106.91666666666667
next_field,50,0.8,10,0.02786034257030088,0.01328745876448558,0.4951696653664454,0.6520579109829358,0.3685361818342129,0.4709579759246292,-30.7,-30.7
next_field,50,0.85,10,0.01173758984339858,0.00526930076347326,0.537395299989087,0.6495932405672162,0.29501147801765615,0.41067553781852,3.9,3.9
next_field,50,0.9,7,0.006507802740992786,0.004409696445163443,0.5714285714285714,0.6731399221604564,0.25977520544046084,0.4610382755927122,7.142857142857143,7.142857142857143
next_field,50,0.95,1,0.0051616041509026,0.0051616041509026,0.0,0.6230366492146597,0.2559139784946236,0.6230366492146597,47.0,47.0
supervised,10,0.33,15,1.0,0.4381400732596694,0.5618599267403305,0.4476840575224404,0.33360731814589617,0.23353398116007298,-8243.2,-8243.2
supervised,10,0.35,15,0.9905295614778922,0.4321927124563202,0.5639994331070127,0.44885022058855045,0.3335547412306458,0.2339669234689886,-8131.2,-8131.2
supervised,10,0.4,15,0.8390556180982051,0.35374080891662224,0.5975454702570485,0.4654263265043276,0.33211424849728566,0.229926231129452,-6612.8,-6612.8
supervised,10,0.45,15,0.6575690331196881,0.23480615795223397,0.6782499827325895,0.5083078168740165,0.3272112867199695,0.22789469067538906,-4295.533333333334,-4295.533333333334
supervised,10,0.5,15,0.496551001353379,0.12449088924988244,0.7720607241930767,0.5668811897028232,0.3271724430881939,0.21867340852929734,-2156.4666666666667,-2156.4666666666667
supervised,10,0.55,15,0.37960420738881034,0.04901061508173868,0.8674911702571729,0.6297054473398194,0.32205085766875374,0.24735214973135702,-820.2666666666667,-820.2666666666667
supervised,10,0.6,15,0.3005323592041674,0.01790265648069629,0.9297318182306976,0.6877733391002168,0.3199785161267384,0.2637335973917658,-289.6,-289.6
supervised,10,0.65,14,0.22808344921795154,0.00619352993427095,0.9679006885640048,0.7488047143632448,0.31899196806259594,0.26909391830914575,-104.07142857142857,-104.07142857142857
supervised,10,0.7,12,0.16441872848624972,0.0022066440355659597,0.9864465453356459,0.8122650910679989,0.3212036846075328,0.366199354999529,-47.25,-47.25
supervised,10,0.75,12,0.1105295979237746,0.0005156144879092999,0.9965470139863162,0.8628669689738432,0.3122620486605174,0.10762240882722807,-16.583333333333332,-16.583333333333332
supervised,10,0.8,12,0.05931456186483095,8.517960118908333e-06,0.9999490860954127,0.9180598940420808,0.3189380080313672,0.0,-0.3333333333333333,-0.3333333333333333
supervised,10,0.85,10,0.04548829409054965,0.0,1.0,0.9444315386444015,0.32368122226870455,,0.0,0.0
supervised,10,0.9,6,0.03699045583976363,0.0,1.0,0.9575147691942952,0.3260625020597216,,0.0,0.0
supervised,20,0.33,15,1.0,0.6148943383535769,0.38510566164642324,0.409139097736246,0.3711322885696212,0.30597189743518866,-8180.4,-8180.4
supervised,20,0.35,15,0.9880004179029809,0.6054599429425191,0.38721402663161886,0.4103342188794293,0.3718070803806766,0.3068599410716778,-8018.266666666666,-8018.266666666666
supervised,20,0.4,15,0.825934371867436,0.4743093583527946,0.43869184460093685,0.4295289310715587,0.37414552719800276,0.3199670053057602,-6047.6,-6047.6
supervised,20,0.45,15,0.6299989212095753,0.3210282280366919,0.5097310206586697,0.46013095578560825,0.368740746764294,0.3330132623370557,-4066.8,-4066.8
supervised,20,0.5,15,0.4389263250334452,0.2029528696387523,0.5812069797323561,0.5181080147747739,0.38212542575776115,0.34430510594305674,-2607.733333333333,-2607.733333333333
supervised,20,0.55,15,0.2737986270918527,0.12020135694846933,0.550744392844129,0.5669606753238058,0.39479491723460697,0.3439563042019119,-1512.8,-1512.8
supervised,20,0.6,14,0.187229723258501,0.061129818949296776,0.5963438948376046,0.5655787568376999,0.365356871501334,0.31704508802745546,-738.2857142857143,-738.2857142857143
supervised,20,0.65,13,0.12030470486390588,0.02475127284165607,0.732168554764194,0.6463074610911773,0.36008469191624387,0.3358527636593919,-306.53846153846155,-306.53846153846155
supervised,20,0.7,12,0.07491366684343727,0.0068873131485291846,0.8895191539938172,0.7852626458696045,0.3757998900465982,0.39187346815463897,-105.5,-105.5
supervised,20,0.75,12,0.04488745159868779,0.0007589001004044657,0.9772676853142931,0.8714151938136233,0.34051062209178706,0.2767427048774365,-15.166666666666666,-15.166666666666666
supervised,20,0.8,11,0.03182391110920554,1.6261560227009093e-05,0.9998409488536957,0.9200270887249928,0.31994065702981694,0.2857142857142857,-0.2727272727272727,-0.2727272727272727
supervised,20,0.85,9,0.02181315526163999,0.0,1.0,0.9436153521205785,0.3236137485434844,,0.0,0.0
supervised,20,0.9,6,0.011935809275075017,0.0,1.0,0.9721413022583745,0.3285761069197147,,0.0,0.0
supervised,20,0.95,1,0.00132880177855,0.0,1.0,1.0,0.3333333333333333,,0.0,0.0
supervised,50,0.33,15,1.0,0.8526230036733798,0.14737699632662007,0.4416133999559026,0.4179687985365532,0.419072082198609,-4834.666666666667,-4834.666666666667
supervised,50,0.35,15,0.991528595578163,0.8469813809788905,0.14579876128955688,0.44239283865377,0.4182627369049588,0.419688015647379,-4753.866666666667,-4753.866666666667
supervised,50,0.4,15,0.8821403383959697,0.7639635801710085,0.13191095030637112,0.4522124239729867,0.4200091949686679,0.42838623914248863,-3755.866666666667,-3755.866666666667
supervised,50,0.45,15,0.7021996363411201,0.6091060411679986,0.12797787939061747,0.4677880262507609,0.4206425872362315,0.4411541628043114,-2507.5333333333333,-2507.5333333333333
supervised,50,0.5,15,0.4954743877528062,0.42041485231917264,0.14854517869865275,0.4917090184319895,0.42812702375292166,0.46012135536566523,-1327.8,-1327.8
supervised,50,0.55,15,0.3130732962284608,0.2525436097415836,0.18984935394937022,0.5182315854027982,0.4380651105224578,0.4744683156251773,-644.2,-644.2
supervised,50,0.6,15,0.17218871941002944,0.12383498918002314,0.25699323493424847,0.5558135989644898,0.45719678875688496,0.4875319490854242,-245.53333333333333,-245.53333333333333
supervised,50,0.65,15,0.08574099081785418,0.04828263785067896,0.3706830855326772,0.6073867301708664,0.46003422914126246,0.49895362359283574,-91.66666666666667,-91.66666666666667
supervised,50,0.7,15,0.04391962782917642,0.015244564226381853,0.5714839163515336,0.6863532455490723,0.4187491083687932,0.4517787000448019,-26.866666666666667,-26.866666666666667
supervised,50,0.75,15,0.02611794171735019,0.004797299203790734,0.7579526086793646,0.8100269173163842,0.37020295961721933,0.5195692904721971,8.2,8.2
supervised,50,0.8,13,0.01940991728992841,0.0024077386558903156,0.8389058884071503,0.8493202342177658,0.32323721768227354,0.4141082047113144,6.384615384615385,6.384615384615385
supervised,50,0.85,10,0.012526910361876059,0.00118557506904996,0.8,0.8671047571863306,0.3073379276658346,0.5496936491104041,5.5,5.5
supervised,50,0.9,6,0.004260887702388566,7.382701895181666e-05,0.8333333333333334,0.8949311976842828,0.3131878986587876,0.6470588235294118,0.8333333333333334,0.8333333333333334
