model_family,pretraining_objective,horizon,fold,seed,lookback,confidence_threshold,fill_mode,active_signal_count,filled_count,fill_fraction,directional_hit_rate_on_filled_trades,gross_proxy,net_proxy,average_cost,cost_mode,fill_fallback,status,skipped_reason
matrix_transformer,masked_reconstruction,10,fold_1,0,20,0.33,aggressive_crossing,21188,21188,1.0,0.2119595997734567,-12206.0,-12873.422,0.03149999999999999,unit_proxy,none,ok,
matrix_transformer,masked_reconstruction,10,fold_1,0,20,0.33,passive_optimistic,21188,21188,1.0,0.2119595997734567,-12206.0,-12650.948,0.020999999999999998,unit_proxy,"confidence_only:spread_proxy_missing,liquidity_proxy_missing",ok,
matrix_transformer,masked_reconstruction,10,fold_1,0,20,0.33,passive_conservative,21188,3,0.0001415895790069851,0.3333333333333333,-1.0,-1.0315,0.0105,unit_proxy,"confidence_only:spread_proxy_missing,liquidity_proxy_missing",ok,
matrix_transformer,masked_reconstruction,10,fold_1,0,20,0.33,abstain_only,21188,0,0.0,,0.0,0.0,,unit_proxy,baseline_no_trades,ok,
matrix_transformer,masked_reconstruction,10,fold_1,1,20,0.33,aggressive_crossing,18788,18788,1.0,0.19837130083031723,-11334.0,-11925.822,0.031499999999999986,unit_proxy,none,ok,
matrix_transformer,masked_reconstruction,10,fold_1,1,20,0.33,passive_optimistic,18788,18788,1.0,0.19837130083031723,-11334.0,-11728.548,0.021,unit_proxy,"confidence_only:spread_proxy_missing,liquidity_proxy_missing",ok,
matrix_transformer,masked_reconstruction,10,fold_1,1,20,0.33,passive_conservative,18788,0,0.0,,0.0,0.0,,unit_proxy,"confidence_only:spread_proxy_missing,liquidity_proxy_missing",ok,
matrix_transformer,masked_reconstruction,10,fold_1,1,20,0.33,abstain_only,18788,0,0.0,,0.0,0.0,,unit_proxy,baseline_no_trades,ok,
matrix_transformer,masked_reconstruction,10,fold_1,2,20,0.33,aggressive_crossing,18785,18785,1.0,0.19361192440777217,-11511.0,-12102.727499999999,0.031499999999999986,unit_proxy,none,ok,
matrix_transformer,masked_reconstruction,10,fold_1,2,20,0.33,passive_optimistic,18785,18785,1.0,0.19361192440777217,-11511.0,-11905.485,0.021,unit_proxy,"confidence_only:spread_proxy_missing,liquidity_proxy_missing",ok,
matrix_transformer,masked_reconstruction,10,fold_1,2,20,0.33,passive_conservative,18785,0,0.0,,0.0,0.0,,unit_proxy,"confidence_only:spread_proxy_missing,liquidity_proxy_missing",ok,
matrix_transformer,masked_reconstruction,10,fold_1,2,20,0.33,abstain_only,18785,0,0.0,,0.0,0.0,,unit_proxy,baseline_no_trades,ok,
matrix_transformer,masked_reconstruction,10,fold_2,0,20,0.33,aggressive_crossing,14476,14476,1.0,0.200124343741365,-8682.0,-9137.994,0.031499999999999986,unit_proxy,none,ok,
matrix_transformer,masked_reconstruction,10,fold_2,0,20,0.33,passive_optimistic,14476,14476,1.0,0.200124343741365,-8682.0,-8985.996,0.020999999999999998,unit_proxy,"confidence_only:spread_proxy_missing,liquidity_proxy_missing",ok,
matrix_transformer,masked_reconstruction,10,fold_2,0,20,0.33,passive_conservative,14476,0,0.0,,0.0,0.0,,unit_proxy,"confidence_only:spread_proxy_missing,liquidity_proxy_missing",ok,
matrix_transformer,masked_reconstruction,10,fold_2,0,20,0.33,abstain_only,14476,0,0.0,,0.0,0.0,,unit_proxy,baseline_no_trades,ok,
matrix_transformer,masked_reconstruction,10,fold_2,1,20,0.33,aggressive_crossing,14491,14491,1.0,0.19584569732937684,-8815.0,-9271.4665,0.031499999999999986,unit_proxy,none,ok,
matrix_transformer,masked_reconstruction,10,fold_2,1,20,0.33,passive_optimistic,14491,14491,1.0,0.19584569732937684,-8815.0,-9119.311,0.021,unit_proxy,"confidence_only:spread_proxy_missing,liquidity_proxy_missing",ok,
matrix_transformer,masked_reconstruction,10,fold_2,1,20,0.33,passive_conservative,14491,0,0.0,,0.0,0.0,,unit_proxy,"confidence_only:spread_proxy_missing,liquidity_proxy_missing",ok,
matrix_transformer,masked_reconstruction,10,fold_2,1,20,0.33,abstain_only,14491,0,0.0,,0.0,0.0,,unit_proxy,baseline_no_trades,ok,
matrix_transformer,masked_reconstruction,10,fold_2,2,20,0.33,aggressive_crossing,14603,14603,1.0,0.18920769704855167,-9077.0,-9536.9945,0.031499999999999986,unit_proxy,none,ok,
matrix_transformer,masked_reconstruction,10,fold_2,2,20,0.33,passive_optimistic,14603,14603,1.0,0.18920769704855167,-9077.0,-9383.663,0.021,unit_proxy,"confidence_only:spread_proxy_missing,liquidity_proxy_missing",ok,
matrix_transformer,masked_reconstruction,10,fold_2,2,20,0.33,passive_conservative,14603,0,0.0,,0.0,0.0,,unit_proxy,"confidence_only:spread_proxy_missing,liquidity_proxy_missing",ok,
matrix_transformer,masked_reconstruction,10,fold_2,2,20,0.33,abstain_only,14603,0,0.0,,0.0,0.0,,unit_proxy,baseline_no_trades,ok,
matrix_transformer,masked_reconstruction,10,fold_3,0,20,0.33,aggressive_crossing,21487,21487,1.0,0.22157583655233398,-11965.0,-12641.8405,0.03149999999999999,unit_proxy,none,ok,
matrix_transformer,masked_reconstruction,10,fold_3,0,20,0.33,passive_optimistic,21487,21487,1.0,0.22157583655233398,-11965.0,-12416.227,0.020999999999999998,unit_proxy,"confidence_only:spread_proxy_missing,liquidity_proxy_missing",ok,
matrix_transformer,masked_reconstruction,10,fold_3,0,20,0.33,passive_conservative,21487,0,0.0,,0.0,0.0,,unit_proxy,"confidence_only:spread_proxy_missing,liquidity_proxy_missing",ok,
matrix_transformer,masked_reconstruction,10,fold_3,0,20,0.33,abstain_only,21487,0,0.0,,0.0,0.0,,unit_proxy,baseline_no_trades,ok,
matrix_transformer,masked_reconstruction,10,fold_3,1,20,0.33,aggressive_crossing,22981,22981,1.0,0.2256646795178626,-12609.0,-13332.9015,0.031499999999999986,unit_proxy,none,ok,
matrix_transformer,masked_reconstruction,10,fold_3,1,20,0.33,passive_optimistic,22981,22981,1.0,0.2256646795178626,-12609.0,-13091.601,0.021,unit_proxy,"confidence_only:spread_proxy_missing,liquidity_proxy_missing",ok,
matrix_transformer,masked_reconstruction,10,fold_3,1,20,0.33,passive_conservative,22981,0,0.0,,0.0,0.0,,unit_proxy,"confidence_only:spread_proxy_missing,liquidity_proxy_missing",ok,
matrix_transformer,masked_reconstruction,10,fold_3,1,20,0.33,abstain_only,22981,0,0.0,,0.0,0.0,,unit_proxy,baseline_no_trades,ok,
matrix_transformer,masked_reconstruction,10,fold_3,2,20,0.33,aggressive_crossing,23266,23266,1.0,0.2194188945241984,-13056.0,-13788.878999999999,0.031499999999999986,unit_proxy,none,ok,
matrix_transformer,masked_reconstruction,10,fold_3,2,20,0.33,passive_optimistic,23266,23266,1.0,0.2194188945241984,-13056.0,-13544.586,0.021,unit_proxy,"confidence_only:spread_proxy_missing,liquidity_proxy_missing",ok,
matrix_transformer,masked_reconstruction,10,fold_3,2,20,0.33,passive_conservative,23266,0,0.0,,0.0,0.0,,unit_proxy,"confidence_only:spread_proxy_missing,liquidity_proxy_missing",ok,
matrix_transformer,masked_reconstruction,10,fold_3,2,20,0.33,abstain_only,23266,0,0.0,,0.0,0.0,,unit_proxy,baseline_no_trades,ok,
matrix_transformer,masked_reconstruction,10,fold_4,0,20,0.33,aggressive_crossing,16219,16219,1.0,0.22584622973056293,-8893.0,-9403.8985,0.031499999999999986,unit_proxy,none,ok,
matrix_transformer,masked_reconstruction,10,fold_4,0,20,0.33,passive_optimistic,16219,16219,1.0,0.22584622973056293,-8893.0,-9233.599,0.021,unit_proxy,"confidence_only:spread_proxy_missing,liquidity_proxy_missing",ok,
matrix_transformer,masked_reconstruction,10,fold_4,0,20,0.33,passive_conservative,16219,0,0.0,,0.0,0.0,,unit_proxy,"confidence_only:spread_proxy_missing,liquidity_proxy_missing",ok,
matrix_transformer,masked_reconstruction,10,fold_4,0,20,0.33,abstain_only,16219,0,0.0,,0.0,0.0,,unit_proxy,baseline_no_trades,ok,
matrix_transformer,masked_reconstruction,10,fold_4,1,20,0.33,aggressive_crossing,20063,20063,1.0,0.23331505756865872,-10701.0,-11332.9845,0.03149999999999999,unit_proxy,none,ok,
matrix_transformer,masked_reconstruction,10,fold_4,1,20,0.33,passive_optimistic,20063,20063,1.0,0.23331505756865872,-10701.0,-11122.323,0.021,unit_proxy,"confidence_only:spread_proxy_missing,liquidity_proxy_missing",ok,
matrix_transformer,masked_reconstruction,10,fold_4,1,20,0.33,passive_conservative,20063,5,0.00024921497283556795,1.0,5.0,4.9475,0.0105,unit_proxy,"confidence_only:spread_proxy_missing,liquidity_proxy_missing",ok,
matrix_transformer,masked_reconstruction,10,fold_4,1,20,0.33,abstain_only,20063,0,0.0,,0.0,0.0,,unit_proxy,baseline_no_trades,ok,
matrix_transformer,masked_reconstruction,10,fold_4,2,20,0.33,aggressive_crossing,19362,19362,1.0,0.2111352133044107,-11186.0,-11795.903,0.031499999999999986,unit_proxy,none,ok,
matrix_transformer,masked_reconstruction,10,fold_4,2,20,0.33,passive_optimistic,19362,19362,1.0,0.2111352133044107,-11186.0,-11592.602,0.020999999999999998,unit_proxy,"confidence_only:spread_proxy_missing,liquidity_proxy_missing",ok,
matrix_transformer,masked_reconstruction,10,fold_4,2,20,0.33,passive_conservative,19362,13,0.0006714182419171573,0.23076923076923078,-7.0,-7.1365,0.0105,unit_proxy,"confidence_only:spread_proxy_missing,liquidity_proxy_missing",ok,
matrix_transformer,masked_reconstruction,10,fold_4,2,20,0.33,abstain_only,19362,0,0.0,,0.0,0.0,,unit_proxy,baseline_no_trades,ok,
matrix_transformer,masked_reconstruction,10,fold_5,0,20,0.33,aggressive_crossing,7626,7626,1.0,0.19184369263047468,-4700.0,-4940.219,0.031499999999999986,unit_proxy,none,ok,
matrix_transformer,masked_reconstruction,10,fold_5,0,20,0.33,passive_optimistic,7626,7626,1.0,0.19184369263047468,-4700.0,-4860.146,0.020999999999999998,unit_proxy,"confidence_only:spread_proxy_missing,liquidity_proxy_missing",ok,
matrix_transformer,masked_reconstruction,10,fold_5,0,20,0.33,passive_conservative,7626,13,0.0017046944662995017,0.0,-13.0,-13.1365,0.0105,unit_proxy,"confidence_only:spread_proxy_missing,liquidity_proxy_missing",ok,
matrix_transformer,masked_reconstruction,10,fold_5,0,20,0.33,abstain_only,7626,0,0.0,,0.0,0.0,,unit_proxy,baseline_no_trades,ok,
matrix_transformer,masked_reconstruction,10,fold_5,1,20,0.33,aggressive_crossing,19659,19659,1.0,0.2294623327737932,-10637.0,-11256.2585,0.031499999999999986,unit_proxy,none,ok,
matrix_transformer,masked_reconstruction,10,fold_5,1,20,0.33,passive_optimistic,19659,19659,1.0,0.2294623327737932,-10637.0,-11049.839,0.021,unit_proxy,"confidence_only:spread_proxy_missing,liquidity_proxy_missing",ok,
matrix_transformer,masked_reconstruction,10,fold_5,1,20,0.33,passive_conservative,19659,54,0.0027468335113688385,0.12962962962962962,-40.0,-40.567,0.010499999999999995,unit_proxy,"confidence_only:spread_proxy_missing,liquidity_proxy_missing",ok,
matrix_transformer,masked_reconstruction,10,fold_5,1,20,0.33,abstain_only,19659,0,0.0,,0.0,0.0,,unit_proxy,baseline_no_trades,ok,
matrix_transformer,masked_reconstruction,10,fold_5,2,20,0.33,aggressive_crossing,15307,15307,1.0,0.23897563206376168,-7991.0,-8473.1705,0.031499999999999986,unit_proxy,none,ok,
matrix_transformer,masked_reconstruction,10,fold_5,2,20,0.33,passive_optimistic,15307,15307,1.0,0.23897563206376168,-7991.0,-8312.447,0.021,unit_proxy,"confidence_only:spread_proxy_missing,liquidity_proxy_missing",ok,
matrix_transformer,masked_reconstruction,10,fold_5,2,20,0.33,passive_conservative,15307,87,0.0056836741360162014,0.11494252873563218,-67.0,-67.9135,0.010499999999999995,unit_proxy,"confidence_only:spread_proxy_missing,liquidity_proxy_missing",ok,
matrix_transformer,masked_reconstruction,10,fold_5,2,20,0.33,abstain_only,15307,0,0.0,,0.0,0.0,,unit_proxy,baseline_no_trades,ok,
matrix_transformer,masked_reconstruction,20,fold_1,0,20,0.33,aggressive_crossing,27457,27457,1.0,0.29446042903449027,-11287.0,-12151.895499999999,0.031499999999999986,unit_proxy,none,ok,
matrix_transformer,masked_reconstruction,20,fold_1,0,20,0.33,passive_optimistic,27457,27457,1.0,0.29446042903449027,-11287.0,-11863.597,0.020999999999999998,unit_proxy,"confidence_only:spread_proxy_missing,liquidity_proxy_missing",ok,
matrix_transformer,masked_reconstruction,20,fold_1,0,20,0.33,passive_conservative,27457,11,0.000400626434060531,0.0,-11.0,-11.1155,0.010499999999999999,unit_proxy,"confidence_only:spread_proxy_missing,liquidity_proxy_missing",ok,
matrix_transformer,masked_reconstruction,20,fold_1,0,20,0.33,abstain_only,27457,0,0.0,,0.0,0.0,,unit_proxy,baseline_no_trades,ok,
matrix_transformer,masked_reconstruction,20,fold_1,1,20,0.33,aggressive_crossing,18795,18795,1.0,0.26241021548284116,-8931.0,-9523.0425,0.031499999999999986,unit_proxy,none,ok,
matrix_transformer,masked_reconstruction,20,fold_1,1,20,0.33,passive_optimistic,18795,18795,1.0,0.26241021548284116,-8931.0,-9325.695,0.021,unit_proxy,"confidence_only:spread_proxy_missing,liquidity_proxy_missing",ok,
matrix_transformer,masked_reconstruction,20,fold_1,1,20,0.33,passive_conservative,18795,0,0.0,,0.0,0.0,,unit_proxy,"confidence_only:spread_proxy_missing,liquidity_proxy_missing",ok,
matrix_transformer,masked_reconstruction,20,fold_1,1,20,0.33,abstain_only,18795,0,0.0,,0.0,0.0,,unit_proxy,baseline_no_trades,ok,
matrix_transformer,masked_reconstruction,20,fold_1,2,20,0.33,aggressive_crossing,18971,18971,1.0,0.25781455906383427,-9189.0,-9786.5865,0.031499999999999986,unit_proxy,none,ok,
matrix_transformer,masked_reconstruction,20,fold_1,2,20,0.33,passive_optimistic,18971,18971,1.0,0.25781455906383427,-9189.0,-9587.391,0.021,unit_proxy,"confidence_only:spread_proxy_missing,liquidity_proxy_missing",ok,
matrix_transformer,masked_reconstruction,20,fold_1,2,20,0.33,passive_conservative,18971,0,0.0,,0.0,0.0,,unit_proxy,"confidence_only:spread_proxy_missing,liquidity_proxy_missing",ok,
matrix_transformer,masked_reconstruction,20,fold_1,2,20,0.33,abstain_only,18971,0,0.0,,0.0,0.0,,unit_proxy,baseline_no_trades,ok,
matrix_transformer,masked_reconstruction,20,fold_2,0,20,0.33,aggressive_crossing,14420,14420,1.0,0.2667822468793343,-6726.0,-7180.23,0.031499999999999986,unit_proxy,none,ok,
matrix_transformer,masked_reconstruction,20,fold_2,0,20,0.33,passive_optimistic,14420,14420,1.0,0.2667822468793343,-6726.0,-7028.82,0.021000000000000005,unit_proxy,"confidence_only:spread_proxy_missing,liquidity_proxy_missing",ok,
matrix_transformer,masked_reconstruction,20,fold_2,0,20,0.33,passive_conservative,14420,0,0.0,,0.0,0.0,,unit_proxy,"confidence_only:spread_proxy_missing,liquidity_proxy_missing",ok,
matrix_transformer,masked_reconstruction,20,fold_2,0,20,0.33,abstain_only,14420,0,0.0,,0.0,0.0,,unit_proxy,baseline_no_trades,ok,
matrix_transformer,masked_reconstruction,20,fold_2,1,20,0.33,aggressive_crossing,14604,14604,1.0,0.2529443987948507,-7216.0,-7676.026,0.031499999999999986,unit_proxy,none,ok,
matrix_transformer,masked_reconstruction,20,fold_2,1,20,0.33,passive_optimistic,14604,14604,1.0,0.2529443987948507,-7216.0,-7522.684,0.020999999999999998,unit_proxy,"confidence_only:spread_proxy_missing,liquidity_proxy_missing",ok,
matrix_transformer,masked_reconstruction,20,fold_2,1,20,0.33,passive_conservative,14604,0,0.0,,0.0,0.0,,unit_proxy,"confidence_only:spread_proxy_missing,liquidity_proxy_missing",ok,
matrix_transformer,masked_reconstruction,20,fold_2,1,20,0.33,abstain_only,14604,0,0.0,,0.0,0.0,,unit_proxy,baseline_no_trades,ok,
matrix_transformer,masked_reconstruction,20,fold_2,2,20,0.33,aggressive_crossing,14675,14675,1.0,0.24190800681431004,-7575.0,-8037.2625,0.031499999999999986,unit_proxy,none,ok,
matrix_transformer,masked_reconstruction,20,fold_2,2,20,0.33,passive_optimistic,14675,14675,1.0,0.24190800681431004,-7575.0,-7883.175,0.020999999999999998,unit_proxy,"confidence_only:spread_proxy_missing,liquidity_proxy_missing",ok,
matrix_transformer,masked_reconstruction,20,fold_2,2,20,0.33,passive_conservative,14675,0,0.0,,0.0,0.0,,unit_proxy,"confidence_only:spread_proxy_missing,liquidity_proxy_missing",ok,
matrix_transformer,masked_reconstruction,20,fold_2,2,20,0.33,abstain_only,14675,0,0.0,,0.0,0.0,,unit_proxy,baseline_no_trades,ok,
matrix_transformer,masked_reconstruction,20,fold_3,0,20,0.33,aggressive_crossing,26810,26810,1.0,0.29164490861618797,-11172.0,-12016.515,0.031499999999999986,unit_proxy,none,ok,
matrix_transformer,masked_reconstruction,20,fold_3,0,20,0.33,passive_optimistic,26810,26810,1.0,0.29164490861618797,-11172.0,-11735.01,0.021,unit_proxy,"confidence_only:spread_proxy_missing,liquidity_proxy_missing",ok,
matrix_transformer,masked_reconstruction,20,fold_3,0,20,0.33,passive_conservative,26810,361,0.013465124953375606,0.20498614958448755,-213.0,-216.7905,0.010499999999999997,unit_proxy,"confidence_only:spread_proxy_missing,liquidity_proxy_missing",ok,
matrix_transformer,masked_reconstruction,20,fold_3,0,20,0.33,abstain_only,26810,0,0.0,,0.0,0.0,,unit_proxy,baseline_no_trades,ok,
matrix_transformer,masked_reconstruction,20,fold_3,1,20,0.33,aggressive_crossing,26513,26513,1.0,0.31177158375136726,-9981.0,-10816.1595,0.031499999999999986,unit_proxy,none,ok,
matrix_transformer,masked_reconstruction,20,fold_3,1,20,0.33,passive_optimistic,26513,26513,1.0,0.31177158375136726,-9981.0,-10537.773,0.021,unit_proxy,"confidence_only:spread_proxy_missing,liquidity_proxy_missing",ok,
matrix_transformer,masked_reconstruction,20,fold_3,1,20,0.33,passive_conservative,26513,0,0.0,,0.0,0.0,,unit_proxy,"confidence_only:spread_proxy_missing,liquidity_proxy_missing",ok,
matrix_transformer,masked_reconstruction,20,fold_3,1,20,0.33,abstain_only,26513,0,0.0,,0.0,0.0,,unit_proxy,baseline_no_trades,ok,
matrix_transformer,masked_reconstruction,20,fold_3,2,20,0.33,aggressive_crossing,26300,26300,1.0,0.3002281368821293,-10508.0,-11336.449999999999,0.031499999999999986,unit_proxy,none,ok,
matrix_transformer,masked_reconstruction,20,fold_3,2,20,0.33,passive_optimistic,26300,26300,1.0,0.3002281368821293,-10508.0,-11060.3,0.020999999999999998,unit_proxy,"confidence_only:spread_proxy_missing,liquidity_proxy_missing",ok,
matrix_transformer,masked_reconstruction,20,fold_3,2,20,0.33,passive_conservative,26300,0,0.0,,0.0,0.0,,unit_proxy,"confidence_only:spread_proxy_missing,liquidity_proxy_missing",ok,
matrix_transformer,masked_reconstruction,20,fold_3,2,20,0.33,abstain_only,26300,0,0.0,,0.0,0.0,,unit_proxy,baseline_no_trades,ok,
matrix_transformer,masked_reconstruction,20,fold_4,0,20,0.33,aggressive_crossing,23526,23526,1.0,0.32823259372609026,-8082.0,-8823.069,0.031499999999999986,unit_proxy,none,ok,
matrix_transformer,masked_reconstruction,20,fold_4,0,20,0.33,passive_optimistic,23526,23526,1.0,0.32823259372609026,-8082.0,-8576.046,0.021,unit_proxy,"confidence_only:spread_proxy_missing,liquidity_proxy_missing",ok,
matrix_transformer,masked_reconstruction,20,fold_4,0,20,0.33,passive_conservative,23526,0,0.0,,0.0,0.0,,unit_proxy,"confidence_only:spread_proxy_missing,liquidity_proxy_missing",ok,
matrix_transformer,masked_reconstruction,20,fold_4,0,20,0.33,abstain_only,23526,0,0.0,,0.0,0.0,,unit_proxy,baseline_no_trades,ok,
matrix_transformer,masked_reconstruction,20,fold_4,1,20,0.33,aggressive_crossing,28697,28697,1.0,0.3287800118479284,-9827.0,-10730.9555,0.031499999999999986,unit_proxy,none,ok,
matrix_transformer,masked_reconstruction,20,fold_4,1,20,0.33,passive_optimistic,28697,28697,1.0,0.3287800118479284,-9827.0,-10429.637,0.020999999999999998,unit_proxy,"confidence_only:spread_proxy_missing,liquidity_proxy_missing",ok,
matrix_transformer,masked_reconstruction,20,fold_4,1,20,0.33,passive_conservative,28697,2,6.969369620517824e-05,1.0,2.0,1.979,0.0105,unit_proxy,"confidence_only:spread_proxy_missing,liquidity_proxy_missing",ok,
matrix_transformer,masked_reconstruction,20,fold_4,1,20,0.33,abstain_only,28697,0,0.0,,0.0,0.0,,unit_proxy,baseline_no_trades,ok,
matrix_transformer,masked_reconstruction,20,fold_4,2,20,0.33,aggressive_crossing,26030,26030,1.0,0.32646945831732616,-9034.0,-9853.945,0.031499999999999986,unit_proxy,none,ok,
matrix_transformer,masked_reconstruction,20,fold_4,2,20,0.33,passive_optimistic,26030,26030,1.0,0.32646945831732616,-9034.0,-9580.63,0.021,unit_proxy,"confidence_only:spread_proxy_missing,liquidity_proxy_missing",ok,
matrix_transformer,masked_reconstruction,20,fold_4,2,20,0.33,passive_conservative,26030,1,3.84172109104879e-05,1.0,1.0,0.9895,0.0105,unit_proxy,"confidence_only:spread_proxy_missing,liquidity_proxy_missing",ok,
matrix_transformer,masked_reconstruction,20,fold_4,2,20,0.33,abstain_only,26030,0,0.0,,0.0,0.0,,unit_proxy,baseline_no_trades,ok,
matrix_transformer,masked_reconstruction,20,fold_5,0,20,0.33,aggressive_crossing,22505,22505,1.0,0.3123305932015108,-8447.0,-9155.9075,0.03149999999999999,unit_proxy,none,ok,
matrix_transformer,masked_reconstruction,20,fold_5,0,20,0.33,passive_optimistic,22505,22505,1.0,0.3123305932015108,-8447.0,-8919.605,0.021,unit_proxy,"confidence_only:spread_proxy_missing,liquidity_proxy_missing",ok,
matrix_transformer,masked_reconstruction,20,fold_5,0,20,0.33,passive_conservative,22505,181,0.008042657187291713,0.12154696132596685,-137.0,-138.9005,0.010499999999999997,unit_proxy,"confidence_only:spread_proxy_missing,liquidity_proxy_missing",ok,
matrix_transformer,masked_reconstruction,20,fold_5,0,20,0.33,abstain_only,22505,0,0.0,,0.0,0.0,,unit_proxy,baseline_no_trades,ok,
matrix_transformer,masked_reconstruction,20,fold_5,1,20,0.33,aggressive_crossing,24112,24112,1.0,0.31494691439946915,-8924.0,-9683.528,0.031499999999999986,unit_proxy,none,ok,
matrix_transformer,masked_reconstruction,20,fold_5,1,20,0.33,passive_optimistic,24112,24112,1.0,0.31494691439946915,-8924.0,-9430.352,0.021,unit_proxy,"confidence_only:spread_proxy_missing,liquidity_proxy_missing",ok,
matrix_transformer,masked_reconstruction,20,fold_5,1,20,0.33,passive_conservative,24112,0,0.0,,0.0,0.0,,unit_proxy,"confidence_only:spread_proxy_missing,liquidity_proxy_missing",ok,
matrix_transformer,masked_reconstruction,20,fold_5,1,20,0.33,abstain_only,24112,0,0.0,,0.0,0.0,,unit_proxy,baseline_no_trades,ok,
matrix_transformer,masked_reconstruction,20,fold_5,2,20,0.33,aggressive_crossing,24864,24864,1.0,0.33047779922779924,-8430.0,-9213.216,0.031499999999999986,unit_proxy,none,ok,
matrix_transformer,masked_reconstruction,20,fold_5,2,20,0.33,passive_optimistic,24864,24864,1.0,0.33047779922779924,-8430.0,-8952.144,0.021,unit_proxy,"confidence_only:spread_proxy_missing,liquidity_proxy_missing",ok,
matrix_transformer,masked_reconstruction,20,fold_5,2,20,0.33,passive_conservative,24864,489,0.019666988416988416,0.2085889570552147,-285.0,-290.1345,0.010499999999999999,unit_proxy,"confidence_only:spread_proxy_missing,liquidity_proxy_missing",ok,
matrix_transformer,masked_reconstruction,20,fold_5,2,20,0.33,abstain_only,24864,0,0.0,,0.0,0.0,,unit_proxy,baseline_no_trades,ok,
matrix_transformer,masked_reconstruction,50,fold_1,0,20,0.33,aggressive_crossing,31725,31725,1.0,0.42565799842395585,-4717.0,-5716.3375,0.031499999999999986,unit_proxy,none,ok,
matrix_transformer,masked_reconstruction,50,fold_1,0,20,0.33,passive_optimistic,31725,31725,1.0,0.42565799842395585,-4717.0,-5383.225,0.021,unit_proxy,"confidence_only:spread_proxy_missing,liquidity_proxy_missing",ok,
matrix_transformer,masked_reconstruction,50,fold_1,0,20,0.33,passive_conservative,31725,1614,0.05087470449172577,0.5508054522924412,164.0,147.053,0.010499999999999997,unit_proxy,"confidence_only:spread_proxy_missing,liquidity_proxy_missing",ok,
matrix_transformer,masked_reconstruction,50,fold_1,0,20,0.33,abstain_only,31725,0,0.0,,0.0,0.0,,unit_proxy,baseline_no_trades,ok,
matrix_transformer,masked_reconstruction,50,fold_1,1,20,0.33,aggressive_crossing,38372,38372,1.0,0.37066089857187534,-9926.0,-11134.717999999999,0.031499999999999986,unit_proxy,none,ok,
matrix_transformer,masked_reconstruction,50,fold_1,1,20,0.33,passive_optimistic,38372,38372,1.0,0.37066089857187534,-9926.0,-10731.812,0.021,unit_proxy,"confidence_only:spread_proxy_missing,liquidity_proxy_missing",ok,
matrix_transformer,masked_reconstruction,50,fold_1,1,20,0.33,passive_conservative,38372,0,0.0,,0.0,0.0,,unit_proxy,"confidence_only:spread_proxy_missing,liquidity_proxy_missing",ok,
matrix_transformer,masked_reconstruction,50,fold_1,1,20,0.33,abstain_only,38372,0,0.0,,0.0,0.0,,unit_proxy,baseline_no_trades,ok,
matrix_transformer,masked_reconstruction,50,fold_1,2,20,0.33,aggressive_crossing,33672,33672,1.0,0.4200522689474935,-5384.0,-6444.668,0.031499999999999986,unit_proxy,none,ok,
matrix_transformer,masked_reconstruction,50,fold_1,2,20,0.33,passive_optimistic,33672,33672,1.0,0.4200522689474935,-5384.0,-6091.112,0.021,unit_proxy,"confidence_only:spread_proxy_missing,liquidity_proxy_missing",ok,
matrix_transformer,masked_reconstruction,50,fold_1,2,20,0.33,passive_conservative,33672,1250,0.037122832026609646,0.5896,224.0,210.875,0.010499999999999997,unit_proxy,"confidence_only:spread_proxy_missing,liquidity_proxy_missing",ok,
matrix_transformer,masked_reconstruction,50,fold_1,2,20,0.33,abstain_only,33672,0,0.0,,0.0,0.0,,unit_proxy,baseline_no_trades,ok,
matrix_transformer,masked_reconstruction,50,fold_2,0,20,0.33,aggressive_crossing,21491,21491,1.0,0.3860685868503094,-4897.0,-5573.9664999999995,0.031499999999999986,unit_proxy,none,ok,
matrix_transformer,masked_reconstruction,50,fold_2,0,20,0.33,passive_optimistic,21491,21491,1.0,0.3860685868503094,-4897.0,-5348.311,0.021,unit_proxy,"confidence_only:spread_proxy_missing,liquidity_proxy_missing",ok,
matrix_transformer,masked_reconstruction,50,fold_2,0,20,0.33,passive_conservative,21491,20,0.0009306221208878135,0.9,16.0,15.79,0.010500000000000002,unit_proxy,"confidence_only:spread_proxy_missing,liquidity_proxy_missing",ok,
matrix_transformer,masked_reconstruction,50,fold_2,0,20,0.33,abstain_only,21491,0,0.0,,0.0,0.0,,unit_proxy,baseline_no_trades,ok,
matrix_transformer,masked_reconstruction,50,fold_2,1,20,0.33,aggressive_crossing,20282,20282,1.0,0.4134207671827236,-3512.0,-4150.883,0.031499999999999986,unit_proxy,none,ok,
matrix_transformer,masked_reconstruction,50,fold_2,1,20,0.33,passive_optimistic,20282,20282,1.0,0.4134207671827236,-3512.0,-3937.922,0.021,unit_proxy,"confidence_only:spread_proxy_missing,liquidity_proxy_missing",ok,
matrix_transformer,masked_reconstruction,50,fold_2,1,20,0.33,passive_conservative,20282,0,0.0,,0.0,0.0,,unit_proxy,"confidence_only:spread_proxy_missing,liquidity_proxy_missing",ok,
matrix_transformer,masked_reconstruction,50,fold_2,1,20,0.33,abstain_only,20282,0,0.0,,0.0,0.0,,unit_proxy,baseline_no_trades,ok,
matrix_transformer,masked_reconstruction,50,fold_2,2,20,0.33,aggressive_crossing,19168,19168,1.0,0.3805822203672788,-4578.0,-5181.7919999999995,0.031499999999999986,unit_proxy,none,ok,
matrix_transformer,masked_reconstruction,50,fold_2,2,20,0.33,passive_optimistic,19168,19168,1.0,0.3805822203672788,-4578.0,-4980.528,0.021,unit_proxy,"confidence_only:spread_proxy_missing,liquidity_proxy_missing",ok,
matrix_transformer,masked_reconstruction,50,fold_2,2,20,0.33,passive_conservative,19168,27,0.0014085976627712855,0.5925925925925926,5.0,4.7165,0.0105,unit_proxy,"confidence_only:spread_proxy_missing,liquidity_proxy_missing",ok,
matrix_transformer,masked_reconstruction,50,fold_2,2,20,0.33,abstain_only,19168,0,0.0,,0.0,0.0,,unit_proxy,baseline_no_trades,ok,
matrix_transformer,masked_reconstruction,50,fold_3,0,20,0.33,aggressive_crossing,30515,30515,1.0,0.40681631984270034,-5687.0,-6648.2225,0.031499999999999986,unit_proxy,none,ok,
matrix_transformer,masked_reconstruction,50,fold_3,0,20,0.33,passive_optimistic,30515,30515,1.0,0.40681631984270034,-5687.0,-6327.815,0.020999999999999998,unit_proxy,"confidence_only:spread_proxy_missing,liquidity_proxy_missing",ok,
matrix_transformer,masked_reconstruction,50,fold_3,0,20,0.33,passive_conservative,30515,79,0.0025888907094871374,0.3037974683544304,-31.0,-31.8295,0.010499999999999994,unit_proxy,"confidence_only:spread_proxy_missing,liquidity_proxy_missing",ok,
matrix_transformer,masked_reconstruction,50,fold_3,0,20,0.33,abstain_only,30515,0,0.0,,0.0,0.0,,unit_proxy,baseline_no_trades,ok,
matrix_transformer,masked_reconstruction,50,fold_3,1,20,0.33,aggressive_crossing,30902,30902,1.0,0.4156041680150152,-5216.0,-6189.413,0.031499999999999986,unit_proxy,none,ok,
matrix_transformer,masked_reconstruction,50,fold_3,1,20,0.33,passive_optimistic,30902,30902,1.0,0.4156041680150152,-5216.0,-5864.942,0.021,unit_proxy,"confidence_only:spread_proxy_missing,liquidity_proxy_missing",ok,
matrix_transformer,masked_reconstruction,50,fold_3,1,20,0.33,passive_conservative,30902,115,0.00372144197786551,0.5043478260869565,1.0,-0.2074999999999998,0.010499999999999999,unit_proxy,"confidence_only:spread_proxy_missing,liquidity_proxy_missing",ok,
matrix_transformer,masked_reconstruction,50,fold_3,1,20,0.33,abstain_only,30902,0,0.0,,0.0,0.0,,unit_proxy,baseline_no_trades,ok,
matrix_transformer,masked_reconstruction,50,fold_3,2,20,0.33,aggressive_crossing,29659,29659,1.0,0.4275936477966216,-4295.0,-5229.2585,0.031499999999999986,unit_proxy,none,ok,
matrix_transformer,masked_reconstruction,50,fold_3,2,20,0.33,passive_optimistic,29659,29659,1.0,0.4275936477966216,-4295.0,-4917.839,0.020999999999999998,unit_proxy,"confidence_only:spread_proxy_missing,liquidity_proxy_missing",ok,
matrix_transformer,masked_reconstruction,50,fold_3,2,20,0.33,passive_conservative,29659,197,0.00664216595299909,0.37055837563451777,-51.0,-53.0685,0.010499999999999997,unit_proxy,"confidence_only:spread_proxy_missing,liquidity_proxy_missing",ok,
matrix_transformer,masked_reconstruction,50,fold_3,2,20,0.33,abstain_only,29659,0,0.0,,0.0,0.0,,unit_proxy,baseline_no_trades,ok,
matrix_transformer,masked_reconstruction,50,fold_4,0,20,0.33,aggressive_crossing,27397,27397,1.0,0.43059459064861116,-3803.0,-4666.005499999999,0.031499999999999986,unit_proxy,none,ok,
matrix_transformer,masked_reconstruction,50,fold_4,0,20,0.33,passive_optimistic,27397,27397,1.0,0.43059459064861116,-3803.0,-4378.3369999999995,0.021,unit_proxy,"confidence_only:spread_proxy_missing,liquidity_proxy_missing",ok,
matrix_transformer,masked_reconstruction,50,fold_4,0,20,0.33,passive_conservative,27397,0,0.0,,0.0,0.0,,unit_proxy,"confidence_only:spread_proxy_missing,liquidity_proxy_missing",ok,
matrix_transformer,masked_reconstruction,50,fold_4,0,20,0.33,abstain_only,27397,0,0.0,,0.0,0.0,,unit_proxy,baseline_no_trades,ok,
matrix_transformer,masked_reconstruction,50,fold_4,1,20,0.33,aggressive_crossing,30774,30774,1.0,0.43630987196984466,-3920.0,-4889.380999999999,0.031499999999999986,unit_proxy,none,ok,
matrix_transformer,masked_reconstruction,50,fold_4,1,20,0.33,passive_optimistic,30774,30774,1.0,0.43630987196984466,-3920.0,-4566.254,0.021,unit_proxy,"confidence_only:spread_proxy_missing,liquidity_proxy_missing",ok,
matrix_transformer,masked_reconstruction,50,fold_4,1,20,0.33,passive_conservative,30774,1521,0.04942483914993176,0.42998027613412226,-213.0,-228.9705,0.010499999999999997,unit_proxy,"confidence_only:spread_proxy_missing,liquidity_proxy_missing",ok,
matrix_transformer,masked_reconstruction,50,fold_4,1,20,0.33,abstain_only,30774,0,0.0,,0.0,0.0,,unit_proxy,baseline_no_trades,ok,
matrix_transformer,masked_reconstruction,50,fold_4,2,20,0.33,aggressive_crossing,31790,31790,1.0,0.39971689210443534,-6376.0,-7377.384999999999,0.031499999999999986,unit_proxy,none,ok,
matrix_transformer,masked_reconstruction,50,fold_4,2,20,0.33,passive_optimistic,31790,31790,1.0,0.39971689210443534,-6376.0,-7043.59,0.021,unit_proxy,"confidence_only:spread_proxy_missing,liquidity_proxy_missing",ok,
matrix_transformer,masked_reconstruction,50,fold_4,2,20,0.33,passive_conservative,31790,0,0.0,,0.0,0.0,,unit_proxy,"confidence_only:spread_proxy_missing,liquidity_proxy_missing",ok,
matrix_transformer,masked_reconstruction,50,fold_4,2,20,0.33,abstain_only,31790,0,0.0,,0.0,0.0,,unit_proxy,baseline_no_trades,ok,
matrix_transformer,masked_reconstruction,50,fold_5,0,20,0.33,aggressive_crossing,32186,32186,1.0,0.4295345802522836,-4536.0,-5549.8589999999995,0.031499999999999986,unit_proxy,none,ok,
matrix_transformer,masked_reconstruction,50,fold_5,0,20,0.33,passive_optimistic,32186,32186,1.0,0.4295345802522836,-4536.0,-5211.906,0.020999999999999998,unit_proxy,"confidence_only:spread_proxy_missing,liquidity_proxy_missing",ok,
matrix_transformer,masked_reconstruction,50,fold_5,0,20,0.33,passive_conservative,32186,135,0.004194370223078357,0.1111111111111111,-105.0,-106.4175,0.010499999999999997,unit_proxy,"confidence_only:spread_proxy_missing,liquidity_proxy_missing",ok,
matrix_transformer,masked_reconstruction,50,fold_5,0,20,0.33,abstain_only,32186,0,0.0,,0.0,0.0,,unit_proxy,baseline_no_trades,ok,
matrix_transformer,masked_reconstruction,50,fold_5,1,20,0.33,aggressive_crossing,29019,29019,1.0,0.44622488714290637,-3121.0,-4035.0984999999996,0.031499999999999986,unit_proxy,none,ok,
matrix_transformer,masked_reconstruction,50,fold_5,1,20,0.33,passive_optimistic,29019,29019,1.0,0.44622488714290637,-3121.0,-3730.399,0.021,unit_proxy,"confidence_only:spread_proxy_missing,liquidity_proxy_missing",ok,
matrix_transformer,masked_reconstruction,50,fold_5,1,20,0.33,passive_conservative,29019,499,0.01719563044901616,0.35070140280561124,-149.0,-154.2395,0.010499999999999999,unit_proxy,"confidence_only:spread_proxy_missing,liquidity_proxy_missing",ok,
matrix_transformer,masked_reconstruction,50,fold_5,1,20,0.33,abstain_only,29019,0,0.0,,0.0,0.0,,unit_proxy,baseline_no_trades,ok,
matrix_transformer,masked_reconstruction,50,fold_5,2,20,0.33,aggressive_crossing,31736,31736,1.0,0.4390912528358961,-3866.0,-4865.683999999999,0.031499999999999986,unit_proxy,none,ok,
matrix_transformer,masked_reconstruction,50,fold_5,2,20,0.33,passive_optimistic,31736,31736,1.0,0.4390912528358961,-3866.0,-4532.456,0.021,unit_proxy,"confidence_only:spread_proxy_missing,liquidity_proxy_missing",ok,
matrix_transformer,masked_reconstruction,50,fold_5,2,20,0.33,passive_conservative,31736,30,0.0009452987143937484,0.36666666666666664,-8.0,-8.315,0.010500000000000002,unit_proxy,"confidence_only:spread_proxy_missing,liquidity_proxy_missing",ok,
matrix_transformer,masked_reconstruction,50,fold_5,2,20,0.33,abstain_only,31736,0,0.0,,0.0,0.0,,unit_proxy,baseline_no_trades,ok,
matrix_transformer,next_field,10,fold_1,0,20,0.33,aggressive_crossing,0,0,,,0.0,0.0,,unit_proxy,none,ok,
matrix_transformer,next_field,10,fold_1,0,20,0.33,passive_optimistic,0,0,,,0.0,0.0,,unit_proxy,"confidence_only:spread_proxy_missing,liquidity_proxy_missing",ok,
matrix_transformer,next_field,10,fold_1,0,20,0.33,passive_conservative,0,0,,,0.0,0.0,,unit_proxy,"confidence_only:spread_proxy_missing,liquidity_proxy_missing",ok,
matrix_transformer,next_field,10,fold_1,0,20,0.33,abstain_only,0,0,,,0.0,0.0,,unit_proxy,baseline_no_trades,ok,
matrix_transformer,next_field,10,fold_1,1,20,0.33,aggressive_crossing,0,0,,,0.0,0.0,,unit_proxy,none,ok,
matrix_transformer,next_field,10,fold_1,1,20,0.33,passive_optimistic,0,0,,,0.0,0.0,,unit_proxy,"confidence_only:spread_proxy_missing,liquidity_proxy_missing",ok,
matrix_transformer,next_field,10,fold_1,1,20,0.33,passive_conservative,0,0,,,0.0,0.0,,unit_proxy,"confidence_only:spread_proxy_missing,liquidity_proxy_missing",ok,
matrix_transformer,next_field,10,fold_1,1,20,0.33,abstain_only,0,0,,,0.0,0.0,,unit_proxy,baseline_no_trades,ok,
matrix_transformer,next_field,10,fold_1,2,20,0.33,aggressive_crossing,0,0,,,0.0,0.0,,unit_proxy,none,ok,
matrix_transformer,next_field,10,fold_1,2,20,0.33,passive_optimistic,0,0,,,0.0,0.0,,unit_proxy,"confidence_only:spread_proxy_missing,liquidity_proxy_missing",ok,
matrix_transformer,next_field,10,fold_1,2,20,0.33,passive_conservative,0,0,,,0.0,0.0,,unit_proxy,"confidence_only:spread_proxy_missing,liquidity_proxy_missing",ok,
matrix_transformer,next_field,10,fold_1,2,20,0.33,abstain_only,0,0,,,0.0,0.0,,unit_proxy,baseline_no_trades,ok,
matrix_transformer,next_field,10,fold_2,0,20,0.33,aggressive_crossing,1454,1454,1.0,0.2297111416781293,-786.0,-831.8009999999999,0.03149999999999999,unit_proxy,none,ok,
matrix_transformer,next_field,10,fold_2,0,20,0.33,passive_optimistic,1454,1454,1.0,0.2297111416781293,-786.0,-816.534,0.020999999999999994,unit_proxy,"confidence_only:spread_proxy_missing,liquidity_proxy_missing",ok,
matrix_transformer,next_field,10,fold_2,0,20,0.33,passive_conservative,1454,255,0.17537826685006877,0.27450980392156865,-115.0,-117.6775,0.010499999999999997,unit_proxy,"confidence_only:spread_proxy_missing,liquidity_proxy_missing",ok,
matrix_transformer,next_field,10,fold_2,0,20,0.33,abstain_only,1454,0,0.0,,0.0,0.0,,unit_proxy,baseline_no_trades,ok,
matrix_transformer,next_field,10,fold_2,1,20,0.33,aggressive_crossing,2,2,1.0,0.0,-2.0,-2.063,0.0315,unit_proxy,none,ok,
matrix_transformer,next_field,10,fold_2,1,20,0.33,passive_optimistic,2,2,1.0,0.0,-2.0,-2.042,0.021,unit_proxy,"confidence_only:spread_proxy_missing,liquidity_proxy_missing",ok,
matrix_transformer,next_field,10,fold_2,1,20,0.33,passive_conservative,2,0,0.0,,0.0,0.0,,unit_proxy,"confidence_only:spread_proxy_missing,liquidity_proxy_missing",ok,
matrix_transformer,next_field,10,fold_2,1,20,0.33,abstain_only,2,0,0.0,,0.0,0.0,,unit_proxy,baseline_no_trades,ok,
matrix_transformer,next_field,10,fold_2,2,20,0.33,aggressive_crossing,0,0,,,0.0,0.0,,unit_proxy,none,ok,
matrix_transformer,next_field,10,fold_2,2,20,0.33,passive_optimistic,0,0,,,0.0,0.0,,unit_proxy,"confidence_only:spread_proxy_missing,liquidity_proxy_missing",ok,
matrix_transformer,next_field,10,fold_2,2,20,0.33,passive_conservative,0,0,,,0.0,0.0,,unit_proxy,"confidence_only:spread_proxy_missing,liquidity_proxy_missing",ok,
matrix_transformer,next_field,10,fold_2,2,20,0.33,abstain_only,0,0,,,0.0,0.0,,unit_proxy,baseline_no_trades,ok,
matrix_transformer,next_field,10,fold_3,0,20,0.33,aggressive_crossing,7,7,1.0,0.0,-7.0,-7.2205,0.0315,unit_proxy,none,ok,
matrix_transformer,next_field,10,fold_3,0,20,0.33,passive_optimistic,7,7,1.0,0.0,-7.0,-7.147,0.020999999999999998,unit_proxy,"confidence_only:spread_proxy_missing,liquidity_proxy_missing",ok,
matrix_transformer,next_field,10,fold_3,0,20,0.33,passive_conservative,7,0,0.0,,0.0,0.0,,unit_proxy,"confidence_only:spread_proxy_missing,liquidity_proxy_missing",ok,
matrix_transformer,next_field,10,fold_3,0,20,0.33,abstain_only,7,0,0.0,,0.0,0.0,,unit_proxy,baseline_no_trades,ok,
matrix_transformer,next_field,10,fold_3,1,20,0.33,aggressive_crossing,420,420,1.0,0.1380952380952381,-304.0,-317.23,0.031499999999999986,unit_proxy,none,ok,
matrix_transformer,next_field,10,fold_3,1,20,0.33,passive_optimistic,420,420,1.0,0.1380952380952381,-304.0,-312.82,0.020999999999999998,unit_proxy,"confidence_only:spread_proxy_missing,liquidity_proxy_missing",ok,
matrix_transformer,next_field,10,fold_3,1,20,0.33,passive_conservative,420,54,0.12857142857142856,0.1111111111111111,-42.0,-42.567,0.010499999999999995,unit_proxy,"confidence_only:spread_proxy_missing,liquidity_proxy_missing",ok,
matrix_transformer,next_field,10,fold_3,1,20,0.33,abstain_only,420,0,0.0,,0.0,0.0,,unit_proxy,baseline_no_trades,ok,
matrix_transformer,next_field,10,fold_3,2,20,0.33,aggressive_crossing,407,407,1.0,0.2628992628992629,-193.0,-205.82049999999998,0.031499999999999986,unit_proxy,none,ok,
matrix_transformer,next_field,10,fold_3,2,20,0.33,passive_optimistic,407,407,1.0,0.2628992628992629,-193.0,-201.547,0.020999999999999994,unit_proxy,"confidence_only:spread_proxy_missing,liquidity_proxy_missing",ok,
matrix_transformer,next_field,10,fold_3,2,20,0.33,passive_conservative,407,0,0.0,,0.0,0.0,,unit_proxy,"confidence_only:spread_proxy_missing,liquidity_proxy_missing",ok,
matrix_transformer,next_field,10,fold_3,2,20,0.33,abstain_only,407,0,0.0,,0.0,0.0,,unit_proxy,baseline_no_trades,ok,
matrix_transformer,next_field,10,fold_4,0,20,0.33,aggressive_crossing,9801,9801,1.0,0.19620446893174165,-5955.0,-6263.7315,0.031499999999999986,unit_proxy,none,ok,
matrix_transformer,next_field,10,fold_4,0,20,0.33,passive_optimistic,9801,9801,1.0,0.19620446893174165,-5955.0,-6160.821,0.021,unit_proxy,"confidence_only:spread_proxy_missing,liquidity_proxy_missing",ok,
matrix_transformer,next_field,10,fold_4,0,20,0.33,passive_conservative,9801,1232,0.12570145903479238,0.18831168831168832,-768.0,-780.936,0.010499999999999997,unit_proxy,"confidence_only:spread_proxy_missing,liquidity_proxy_missing",ok,
matrix_transformer,next_field,10,fold_4,0,20,0.33,abstain_only,9801,0,0.0,,0.0,0.0,,unit_proxy,baseline_no_trades,ok,
matrix_transformer,next_field,10,fold_4,1,20,0.33,aggressive_crossing,12859,12859,1.0,0.21992378878606422,-7203.0,-7608.0585,0.031499999999999986,unit_proxy,none,ok,
matrix_transformer,next_field,10,fold_4,1,20,0.33,passive_optimistic,12859,12859,1.0,0.21992378878606422,-7203.0,-7473.039,0.020999999999999998,unit_proxy,"confidence_only:spread_proxy_missing,liquidity_proxy_missing",ok,
matrix_transformer,next_field,10,fold_4,1,20,0.33,passive_conservative,12859,227,0.017653005676957774,0.2422907488986784,-117.0,-119.3835,0.010499999999999999,unit_proxy,"confidence_only:spread_proxy_missing,liquidity_proxy_missing",ok,
matrix_transformer,next_field,10,fold_4,1,20,0.33,abstain_only,12859,0,0.0,,0.0,0.0,,unit_proxy,baseline_no_trades,ok,
matrix_transformer,next_field,10,fold_4,2,20,0.33,aggressive_crossing,16366,16366,1.0,0.20041549553953317,-9806.0,-10321.529,0.031499999999999986,unit_proxy,none,ok,
matrix_transformer,next_field,10,fold_4,2,20,0.33,passive_optimistic,16366,16366,1.0,0.20041549553953317,-9806.0,-10149.686,0.021,unit_proxy,"confidence_only:spread_proxy_missing,liquidity_proxy_missing",ok,
matrix_transformer,next_field,10,fold_4,2,20,0.33,passive_conservative,16366,395,0.024135402664059637,0.15949367088607594,-269.0,-273.1475,0.010499999999999997,unit_proxy,"confidence_only:spread_proxy_missing,liquidity_proxy_missing",ok,
matrix_transformer,next_field,10,fold_4,2,20,0.33,abstain_only,16366,0,0.0,,0.0,0.0,,unit_proxy,baseline_no_trades,ok,
matrix_transformer,next_field,10,fold_5,0,20,0.33,aggressive_crossing,7,7,1.0,0.2857142857142857,-3.0,-3.2205,0.0315,unit_proxy,none,ok,
matrix_transformer,next_field,10,fold_5,0,20,0.33,passive_optimistic,7,7,1.0,0.2857142857142857,-3.0,-3.147,0.020999999999999998,unit_proxy,"confidence_only:spread_proxy_missing,liquidity_proxy_missing",ok,
matrix_transformer,next_field,10,fold_5,0,20,0.33,passive_conservative,7,0,0.0,,0.0,0.0,,unit_proxy,"confidence_only:spread_proxy_missing,liquidity_proxy_missing",ok,
matrix_transformer,next_field,10,fold_5,0,20,0.33,abstain_only,7,0,0.0,,0.0,0.0,,unit_proxy,baseline_no_trades,ok,
matrix_transformer,next_field,10,fold_5,1,20,0.33,aggressive_crossing,14055,14055,1.0,0.19537531127712557,-8563.0,-9005.7325,0.031499999999999986,unit_proxy,none,ok,
matrix_transformer,next_field,10,fold_5,1,20,0.33,passive_optimistic,14055,14055,1.0,0.19537531127712557,-8563.0,-8858.155,0.020999999999999998,unit_proxy,"confidence_only:spread_proxy_missing,liquidity_proxy_missing",ok,
matrix_transformer,next_field,10,fold_5,1,20,0.33,passive_conservative,14055,37,0.0026325151191746708,0.13513513513513514,-27.0,-27.3885,0.010500000000000002,unit_proxy,"confidence_only:spread_proxy_missing,liquidity_proxy_missing",ok,
matrix_transformer,next_field,10,fold_5,1,20,0.33,abstain_only,14055,0,0.0,,0.0,0.0,,unit_proxy,baseline_no_trades,ok,
matrix_transformer,next_field,10,fold_5,2,20,0.33,aggressive_crossing,6230,6230,1.0,0.16613162118780098,-4160.0,-4356.245,0.031499999999999986,unit_proxy,none,ok,
matrix_transformer,next_field,10,fold_5,2,20,0.33,passive_optimistic,6230,6230,1.0,0.16613162118780098,-4160.0,-4290.83,0.020999999999999998,unit_proxy,"confidence_only:spread_proxy_missing,liquidity_proxy_missing",ok,
matrix_transformer,next_field,10,fold_5,2,20,0.33,passive_conservative,6230,0,0.0,,0.0,0.0,,unit_proxy,"confidence_only:spread_proxy_missing,liquidity_proxy_missing",ok,
matrix_transformer,next_field,10,fold_5,2,20,0.33,abstain_only,6230,0,0.0,,0.0,0.0,,unit_proxy,baseline_no_trades,ok,
matrix_transformer,next_field,20,fold_1,0,20,0.33,aggressive_crossing,0,0,,,0.0,0.0,,unit_proxy,none,ok,
matrix_transformer,next_field,20,fold_1,0,20,0.33,passive_optimistic,0,0,,,0.0,0.0,,unit_proxy,"confidence_only:spread_proxy_missing,liquidity_proxy_missing",ok,
matrix_transformer,next_field,20,fold_1,0,20,0.33,passive_conservative,0,0,,,0.0,0.0,,unit_proxy,"confidence_only:spread_proxy_missing,liquidity_proxy_missing",ok,
matrix_transformer,next_field,20,fold_1,0,20,0.33,abstain_only,0,0,,,0.0,0.0,,unit_proxy,baseline_no_trades,ok,
matrix_transformer,next_field,20,fold_1,1,20,0.33,aggressive_crossing,0,0,,,0.0,0.0,,unit_proxy,none,ok,
matrix_transformer,next_field,20,fold_1,1,20,0.33,passive_optimistic,0,0,,,0.0,0.0,,unit_proxy,"confidence_only:spread_proxy_missing,liquidity_proxy_missing",ok,
matrix_transformer,next_field,20,fold_1,1,20,0.33,passive_conservative,0,0,,,0.0,0.0,,unit_proxy,"confidence_only:spread_proxy_missing,liquidity_proxy_missing",ok,
matrix_transformer,next_field,20,fold_1,1,20,0.33,abstain_only,0,0,,,0.0,0.0,,unit_proxy,baseline_no_trades,ok,
matrix_transformer,next_field,20,fold_1,2,20,0.33,aggressive_crossing,0,0,,,0.0,0.0,,unit_proxy,none,ok,
matrix_transformer,next_field,20,fold_1,2,20,0.33,passive_optimistic,0,0,,,0.0,0.0,,unit_proxy,"confidence_only:spread_proxy_missing,liquidity_proxy_missing",ok,
matrix_transformer,next_field,20,fold_1,2,20,0.33,passive_conservative,0,0,,,0.0,0.0,,unit_proxy,"confidence_only:spread_proxy_missing,liquidity_proxy_missing",ok,
matrix_transformer,next_field,20,fold_1,2,20,0.33,abstain_only,0,0,,,0.0,0.0,,unit_proxy,baseline_no_trades,ok,
matrix_transformer,next_field,20,fold_2,0,20,0.33,aggressive_crossing,0,0,,,0.0,0.0,,unit_proxy,none,ok,
matrix_transformer,next_field,20,fold_2,0,20,0.33,passive_optimistic,0,0,,,0.0,0.0,,unit_proxy,"confidence_only:spread_proxy_missing,liquidity_proxy_missing",ok,
matrix_transformer,next_field,20,fold_2,0,20,0.33,passive_conservative,0,0,,,0.0,0.0,,unit_proxy,"confidence_only:spread_proxy_missing,liquidity_proxy_missing",ok,
matrix_transformer,next_field,20,fold_2,0,20,0.33,abstain_only,0,0,,,0.0,0.0,,unit_proxy,baseline_no_trades,ok,
matrix_transformer,next_field,20,fold_2,1,20,0.33,aggressive_crossing,57,57,1.0,0.40350877192982454,-11.0,-12.7955,0.0315,unit_proxy,none,ok,
matrix_transformer,next_field,20,fold_2,1,20,0.33,passive_optimistic,57,57,1.0,0.40350877192982454,-11.0,-12.197,0.020999999999999998,unit_proxy,"confidence_only:spread_proxy_missing,liquidity_proxy_missing",ok,
matrix_transformer,next_field,20,fold_2,1,20,0.33,passive_conservative,57,0,0.0,,0.0,0.0,,unit_proxy,"confidence_only:spread_proxy_missing,liquidity_proxy_missing",ok,
matrix_transformer,next_field,20,fold_2,1,20,0.33,abstain_only,57,0,0.0,,0.0,0.0,,unit_proxy,baseline_no_trades,ok,
matrix_transformer,next_field,20,fold_2,2,20,0.33,aggressive_crossing,24,24,1.0,0.5416666666666666,2.0,1.244,0.0315,unit_proxy,none,ok,
matrix_transformer,next_field,20,fold_2,2,20,0.33,passive_optimistic,24,24,1.0,0.5416666666666666,2.0,1.496,0.021,unit_proxy,"confidence_only:spread_proxy_missing,liquidity_proxy_missing",ok,
matrix_transformer,next_field,20,fold_2,2,20,0.33,passive_conservative,24,0,0.0,,0.0,0.0,,unit_proxy,"confidence_only:spread_proxy_missing,liquidity_proxy_missing",ok,
matrix_transformer,next_field,20,fold_2,2,20,0.33,abstain_only,24,0,0.0,,0.0,0.0,,unit_proxy,baseline_no_trades,ok,
matrix_transformer,next_field,20,fold_3,0,20,0.33,aggressive_crossing,1044,1044,1.0,0.2796934865900383,-460.0,-492.88599999999997,0.031499999999999986,unit_proxy,none,ok,
matrix_transformer,next_field,20,fold_3,0,20,0.33,passive_optimistic,1044,1044,1.0,0.2796934865900383,-460.0,-481.924,0.021,unit_proxy,"confidence_only:spread_proxy_missing,liquidity_proxy_missing",ok,
matrix_transformer,next_field,20,fold_3,0,20,0.33,passive_conservative,1044,0,0.0,,0.0,0.0,,unit_proxy,"confidence_only:spread_proxy_missing,liquidity_proxy_missing",ok,
matrix_transformer,next_field,20,fold_3,0,20,0.33,abstain_only,1044,0,0.0,,0.0,0.0,,unit_proxy,baseline_no_trades,ok,
matrix_transformer,next_field,20,fold_3,1,20,0.33,aggressive_crossing,123,123,1.0,0.3170731707317073,-45.0,-48.8745,0.031499999999999986,unit_proxy,none,ok,
matrix_transformer,next_field,20,fold_3,1,20,0.33,passive_optimistic,123,123,1.0,0.3170731707317073,-45.0,-47.583,0.020999999999999998,unit_proxy,"confidence_only:spread_proxy_missing,liquidity_proxy_missing",ok,
matrix_transformer,next_field,20,fold_3,1,20,0.33,passive_conservative,123,0,0.0,,0.0,0.0,,unit_proxy,"confidence_only:spread_proxy_missing,liquidity_proxy_missing",ok,
matrix_transformer,next_field,20,fold_3,1,20,0.33,abstain_only,123,0,0.0,,0.0,0.0,,unit_proxy,baseline_no_trades,ok,
matrix_transformer,next_field,20,fold_3,2,20,0.33,aggressive_crossing,12675,12675,1.0,0.29128205128205126,-5291.0,-5690.2625,0.03149999999999999,unit_proxy,none,ok,
matrix_transformer,next_field,20,fold_3,2,20,0.33,passive_optimistic,12675,12675,1.0,0.29128205128205126,-5291.0,-5557.175,0.021,unit_proxy,"confidence_only:spread_proxy_missing,liquidity_proxy_missing",ok,
matrix_transformer,next_field,20,fold_3,2,20,0.33,passive_conservative,12675,10,0.0007889546351084812,0.7,4.0,3.895,0.010499999999999999,unit_proxy,"confidence_only:spread_proxy_missing,liquidity_proxy_missing",ok,
matrix_transformer,next_field,20,fold_3,2,20,0.33,abstain_only,12675,0,0.0,,0.0,0.0,,unit_proxy,baseline_no_trades,ok,
matrix_transformer,next_field,20,fold_4,0,20,0.33,aggressive_crossing,3775,3775,1.0,0.24927152317880794,-1893.0,-2011.9125,0.03149999999999999,unit_proxy,none,ok,
matrix_transformer,next_field,20,fold_4,0,20,0.33,passive_optimistic,3775,3775,1.0,0.24927152317880794,-1893.0,-1972.275,0.020999999999999998,unit_proxy,"confidence_only:spread_proxy_missing,liquidity_proxy_missing",ok,
matrix_transformer,next_field,20,fold_4,0,20,0.33,passive_conservative,3775,0,0.0,,0.0,0.0,,unit_proxy,"confidence_only:spread_proxy_missing,liquidity_proxy_missing",ok,
matrix_transformer,next_field,20,fold_4,0,20,0.33,abstain_only,3775,0,0.0,,0.0,0.0,,unit_proxy,baseline_no_trades,ok,
matrix_transformer,next_field,20,fold_4,1,20,0.33,aggressive_crossing,20099,20099,1.0,0.3061843872829494,-7791.0,-8424.1185,0.031499999999999986,unit_proxy,none,ok,
matrix_transformer,next_field,20,fold_4,1,20,0.33,passive_optimistic,20099,20099,1.0,0.3061843872829494,-7791.0,-8213.079,0.021,unit_proxy,"confidence_only:spread_proxy_missing,liquidity_proxy_missing",ok,
matrix_transformer,next_field,20,fold_4,1,20,0.33,passive_conservative,20099,55,0.002736454549977611,0.18181818181818182,-35.0,-35.5775,0.010499999999999994,unit_proxy,"confidence_only:spread_proxy_missing,liquidity_proxy_missing",ok,
matrix_transformer,next_field,20,fold_4,1,20,0.33,abstain_only,20099,0,0.0,,0.0,0.0,,unit_proxy,baseline_no_trades,ok,
matrix_transformer,next_field,20,fold_4,2,20,0.33,aggressive_crossing,19200,19200,1.0,0.3098958333333333,-7300.0,-7904.799999999999,0.031499999999999986,unit_proxy,none,ok,
matrix_transformer,next_field,20,fold_4,2,20,0.33,passive_optimistic,19200,19200,1.0,0.3098958333333333,-7300.0,-7703.2,0.020999999999999998,unit_proxy,"confidence_only:spread_proxy_missing,liquidity_proxy_missing",ok,
matrix_transformer,next_field,20,fold_4,2,20,0.33,passive_conservative,19200,88,0.004583333333333333,0.2840909090909091,-38.0,-38.924,0.010499999999999997,unit_proxy,"confidence_only:spread_proxy_missing,liquidity_proxy_missing",ok,
matrix_transformer,next_field,20,fold_4,2,20,0.33,abstain_only,19200,0,0.0,,0.0,0.0,,unit_proxy,baseline_no_trades,ok,
matrix_transformer,next_field,20,fold_5,0,20,0.33,aggressive_crossing,17932,17932,1.0,0.31117555208565695,-6772.0,-7336.858,0.031499999999999986,unit_proxy,none,ok,
matrix_transformer,next_field,20,fold_5,0,20,0.33,passive_optimistic,17932,17932,1.0,0.31117555208565695,-6772.0,-7148.572,0.021,unit_proxy,"confidence_only:spread_proxy_missing,liquidity_proxy_missing",ok,
matrix_transformer,next_field,20,fold_5,0,20,0.33,passive_conservative,17932,1280,0.07138077180459514,0.25390625,-630.0,-643.44,0.010499999999999999,unit_proxy,"confidence_only:spread_proxy_missing,liquidity_proxy_missing",ok,
matrix_transformer,next_field,20,fold_5,0,20,0.33,abstain_only,17932,0,0.0,,0.0,0.0,,unit_proxy,baseline_no_trades,ok,
matrix_transformer,next_field,20,fold_5,1,20,0.33,aggressive_crossing,15737,15737,1.0,0.31244837008324333,-5903.0,-6398.7155,0.031499999999999986,unit_proxy,none,ok,
matrix_transformer,next_field,20,fold_5,1,20,0.33,passive_optimistic,15737,15737,1.0,0.31244837008324333,-5903.0,-6233.477,0.020999999999999998,unit_proxy,"confidence_only:spread_proxy_missing,liquidity_proxy_missing",ok,
matrix_transformer,next_field,20,fold_5,1,20,0.33,passive_conservative,15737,4681,0.29745186503145454,0.2956633198034608,-1913.0,-1962.1505,0.010499999999999999,unit_proxy,"confidence_only:spread_proxy_missing,liquidity_proxy_missing",ok,
matrix_transformer,next_field,20,fold_5,1,20,0.33,abstain_only,15737,0,0.0,,0.0,0.0,,unit_proxy,baseline_no_trades,ok,
matrix_transformer,next_field,20,fold_5,2,20,0.33,aggressive_crossing,18298,18298,1.0,0.2924363318395453,-7596.0,-8172.387,0.031499999999999986,unit_proxy,none,ok,
matrix_transformer,next_field,20,fold_5,2,20,0.33,passive_optimistic,18298,18298,1.0,0.2924363318395453,-7596.0,-7980.258,0.021,unit_proxy,"confidence_only:spread_proxy_missing,liquidity_proxy_missing",ok,
matrix_transformer,next_field,20,fold_5,2,20,0.33,passive_conservative,18298,1941,0.10607716690348672,0.23596084492529623,-1025.0,-1045.3805,0.0105,unit_proxy,"confidence_only:spread_proxy_missing,liquidity_proxy_missing",ok,
matrix_transformer,next_field,20,fold_5,2,20,0.33,abstain_only,18298,0,0.0,,0.0,0.0,,unit_proxy,baseline_no_trades,ok,
matrix_transformer,next_field,50,fold_1,0,20,0.33,aggressive_crossing,19571,19571,1.0,0.3203208829390425,-7033.0,-7649.4865,0.031499999999999986,unit_proxy,none,ok,
matrix_transformer,next_field,50,fold_1,0,20,0.33,passive_optimistic,19571,19571,1.0,0.3203208829390425,-7033.0,-7443.991,0.020999999999999998,unit_proxy,"confidence_only:spread_proxy_missing,liquidity_proxy_missing",ok,
matrix_transformer,next_field,50,fold_1,0,20,0.33,passive_conservative,19571,0,0.0,,0.0,0.0,,unit_proxy,"confidence_only:spread_proxy_missing,liquidity_proxy_missing",ok,
matrix_transformer,next_field,50,fold_1,0,20,0.33,abstain_only,19571,0,0.0,,0.0,0.0,,unit_proxy,baseline_no_trades,ok,
matrix_transformer,next_field,50,fold_1,1,20,0.33,aggressive_crossing,19582,19582,1.0,0.35690940659789605,-5604.0,-6220.833,0.031499999999999986,unit_proxy,none,ok,
matrix_transformer,next_field,50,fold_1,1,20,0.33,passive_optimistic,19582,19582,1.0,0.35690940659789605,-5604.0,-6015.222,0.020999999999999998,unit_proxy,"confidence_only:spread_proxy_missing,liquidity_proxy_missing",ok,
matrix_transformer,next_field,50,fold_1,1,20,0.33,passive_conservative,19582,0,0.0,,0.0,0.0,,unit_proxy,"confidence_only:spread_proxy_missing,liquidity_proxy_missing",ok,
matrix_transformer,next_field,50,fold_1,1,20,0.33,abstain_only,19582,0,0.0,,0.0,0.0,,unit_proxy,baseline_no_trades,ok,
matrix_transformer,next_field,50,fold_1,2,20,0.33,aggressive_crossing,19566,19566,1.0,0.32035163037922926,-7030.0,-7646.329,0.031499999999999986,unit_proxy,none,ok,
matrix_transformer,next_field,50,fold_1,2,20,0.33,passive_optimistic,19566,19566,1.0,0.32035163037922926,-7030.0,-7440.886,0.021,unit_proxy,"confidence_only:spread_proxy_missing,liquidity_proxy_missing",ok,
matrix_transformer,next_field,50,fold_1,2,20,0.33,passive_conservative,19566,0,0.0,,0.0,0.0,,unit_proxy,"confidence_only:spread_proxy_missing,liquidity_proxy_missing",ok,
matrix_transformer,next_field,50,fold_1,2,20,0.33,abstain_only,19566,0,0.0,,0.0,0.0,,unit_proxy,baseline_no_trades,ok,
matrix_transformer,next_field,50,fold_2,0,20,0.33,aggressive_crossing,10299,10299,1.0,0.44606272453636275,-1111.0,-1435.4184999999998,0.031499999999999986,unit_proxy,none,ok,
matrix_transformer,next_field,50,fold_2,0,20,0.33,passive_optimistic,10299,10299,1.0,0.44606272453636275,-1111.0,-1327.279,0.021,unit_proxy,"confidence_only:spread_proxy_missing,liquidity_proxy_missing",ok,
matrix_transformer,next_field,50,fold_2,0,20,0.33,passive_conservative,10299,373,0.03621710845713176,0.4718498659517426,-21.0,-24.9165,0.010499999999999997,unit_proxy,"confidence_only:spread_proxy_missing,liquidity_proxy_missing",ok,
matrix_transformer,next_field,50,fold_2,0,20,0.33,abstain_only,10299,0,0.0,,0.0,0.0,,unit_proxy,baseline_no_trades,ok,
matrix_transformer,next_field,50,fold_2,1,20,0.33,aggressive_crossing,21230,21230,1.0,0.3525200188412624,-6262.0,-6930.745,0.031499999999999986,unit_proxy,none,ok,
matrix_transformer,next_field,50,fold_2,1,20,0.33,passive_optimistic,21230,21230,1.0,0.3525200188412624,-6262.0,-6707.83,0.020999999999999998,unit_proxy,"confidence_only:spread_proxy_missing,liquidity_proxy_missing",ok,
matrix_transformer,next_field,50,fold_2,1,20,0.33,passive_conservative,21230,4365,0.20560527555346209,0.3619702176403207,-1205.0,-1250.8325,0.010499999999999999,unit_proxy,"confidence_only:spread_proxy_missing,liquidity_proxy_missing",ok,
matrix_transformer,next_field,50,fold_2,1,20,0.33,abstain_only,21230,0,0.0,,0.0,0.0,,unit_proxy,baseline_no_trades,ok,
matrix_transformer,next_field,50,fold_2,2,20,0.33,aggressive_crossing,17360,17360,1.0,0.34475806451612906,-5390.0,-5936.84,0.031499999999999986,unit_proxy,none,ok,
matrix_transformer,next_field,50,fold_2,2,20,0.33,passive_optimistic,17360,17360,1.0,0.34475806451612906,-5390.0,-5754.56,0.021,unit_proxy,"confidence_only:spread_proxy_missing,liquidity_proxy_missing",ok,
matrix_transformer,next_field,50,fold_2,2,20,0.33,passive_conservative,17360,64,0.003686635944700461,0.609375,14.0,13.328,0.010499999999999999,unit_proxy,"confidence_only:spread_proxy_missing,liquidity_proxy_missing",ok,
matrix_transformer,next_field,50,fold_2,2,20,0.33,abstain_only,17360,0,0.0,,0.0,0.0,,unit_proxy,baseline_no_trades,ok,
matrix_transformer,next_field,50,fold_3,0,20,0.33,aggressive_crossing,30706,30706,1.0,0.41047352308994983,-5498.0,-6465.239,0.031499999999999986,unit_proxy,none,ok,
matrix_transformer,next_field,50,fold_3,0,20,0.33,passive_optimistic,30706,30706,1.0,0.41047352308994983,-5498.0,-6142.826,0.021,unit_proxy,"confidence_only:spread_proxy_missing,liquidity_proxy_missing",ok,
matrix_transformer,next_field,50,fold_3,0,20,0.33,passive_conservative,30706,0,0.0,,0.0,0.0,,unit_proxy,"confidence_only:spread_proxy_missing,liquidity_proxy_missing",ok,
matrix_transformer,next_field,50,fold_3,0,20,0.33,abstain_only,30706,0,0.0,,0.0,0.0,,unit_proxy,baseline_no_trades,ok,
matrix_transformer,next_field,50,fold_3,1,20,0.33,aggressive_crossing,30093,30093,1.0,0.4280397434619347,-4331.0,-5278.929499999999,0.031499999999999986,unit_proxy,none,ok,
matrix_transformer,next_field,50,fold_3,1,20,0.33,passive_optimistic,30093,30093,1.0,0.4280397434619347,-4331.0,-4962.9529999999995,0.020999999999999998,unit_proxy,"confidence_only:spread_proxy_missing,liquidity_proxy_missing",ok,
matrix_transformer,next_field,50,fold_3,1,20,0.33,passive_conservative,30093,3486,0.11584089323098395,0.5249569707401033,174.0,137.397,0.010499999999999999,unit_proxy,"confidence_only:spread_proxy_missing,liquidity_proxy_missing",ok,
matrix_transformer,next_field,50,fold_3,1,20,0.33,abstain_only,30093,0,0.0,,0.0,0.0,,unit_proxy,baseline_no_trades,ok,
matrix_transformer,next_field,50,fold_3,2,20,0.33,aggressive_crossing,34618,34618,1.0,0.3898838754405223,-7624.0,-8714.467,0.031499999999999986,unit_proxy,none,ok,
matrix_transformer,next_field,50,fold_3,2,20,0.33,passive_optimistic,34618,34618,1.0,0.3898838754405223,-7624.0,-8350.978,0.021,unit_proxy,"confidence_only:spread_proxy_missing,liquidity_proxy_missing",ok,
matrix_transformer,next_field,50,fold_3,2,20,0.33,passive_conservative,34618,82,0.0023687099196949566,0.5853658536585366,14.0,13.139,0.010499999999999997,unit_proxy,"confidence_only:spread_proxy_missing,liquidity_proxy_missing",ok,
matrix_transformer,next_field,50,fold_3,2,20,0.33,abstain_only,34618,0,0.0,,0.0,0.0,,unit_proxy,baseline_no_trades,ok,
matrix_transformer,next_field,50,fold_4,0,20,0.33,aggressive_crossing,29137,29137,1.0,0.4609946116621478,-2273.0,-3190.8154999999997,0.031499999999999986,unit_proxy,none,ok,
matrix_transformer,next_field,50,fold_4,0,20,0.33,passive_optimistic,29137,29137,1.0,0.4609946116621478,-2273.0,-2884.877,0.020999999999999998,unit_proxy,"confidence_only:spread_proxy_missing,liquidity_proxy_missing",ok,
matrix_transformer,next_field,50,fold_4,0,20,0.33,passive_conservative,29137,6,0.00020592373957511068,0.5,0.0,-0.063,0.0105,unit_proxy,"confidence_only:spread_proxy_missing,liquidity_proxy_missing",ok,
matrix_transformer,next_field,50,fold_4,0,20,0.33,abstain_only,29137,0,0.0,,0.0,0.0,,unit_proxy,baseline_no_trades,ok,
matrix_transformer,next_field,50,fold_4,1,20,0.33,aggressive_crossing,32196,32196,1.0,0.45754130947943844,-2734.0,-3748.1739999999995,0.031499999999999986,unit_proxy,none,ok,
matrix_transformer,next_field,50,fold_4,1,20,0.33,passive_optimistic,32196,32196,1.0,0.45754130947943844,-2734.0,-3410.116,0.020999999999999998,unit_proxy,"confidence_only:spread_proxy_missing,liquidity_proxy_missing",ok,
matrix_transformer,next_field,50,fold_4,1,20,0.33,passive_conservative,32196,477,0.014815505031680954,0.4549266247379455,-43.0,-48.0085,0.010499999999999999,unit_proxy,"confidence_only:spread_proxy_missing,liquidity_proxy_missing",ok,
matrix_transformer,next_field,50,fold_4,1,20,0.33,abstain_only,32196,0,0.0,,0.0,0.0,,unit_proxy,baseline_no_trades,ok,
matrix_transformer,next_field,50,fold_4,2,20,0.33,aggressive_crossing,32175,32175,1.0,0.46066822066822066,-2531.0,-3544.5125,0.031499999999999986,unit_proxy,none,ok,
matrix_transformer,next_field,50,fold_4,2,20,0.33,passive_optimistic,32175,32175,1.0,0.46066822066822066,-2531.0,-3206.675,0.020999999999999998,unit_proxy,"confidence_only:spread_proxy_missing,liquidity_proxy_missing",ok,
matrix_transformer,next_field,50,fold_4,2,20,0.33,passive_conservative,32175,1332,0.0413986013986014,0.49024024024024027,-26.0,-39.986,0.010499999999999999,unit_proxy,"confidence_only:spread_proxy_missing,liquidity_proxy_missing",ok,
matrix_transformer,next_field,50,fold_4,2,20,0.33,abstain_only,32175,0,0.0,,0.0,0.0,,unit_proxy,baseline_no_trades,ok,
matrix_transformer,next_field,50,fold_5,0,20,0.33,aggressive_crossing,32738,32738,1.0,0.4309670719042092,-4520.0,-5551.246999999999,0.031499999999999986,unit_proxy,none,ok,
matrix_transformer,next_field,50,fold_5,0,20,0.33,passive_optimistic,32738,32738,1.0,0.4309670719042092,-4520.0,-5207.498,0.021,unit_proxy,"confidence_only:spread_proxy_missing,liquidity_proxy_missing",ok,
matrix_transformer,next_field,50,fold_5,0,20,0.33,passive_conservative,32738,176,0.005376015639318224,0.5056818181818182,2.0,0.15200000000000036,0.010499999999999997,unit_proxy,"confidence_only:spread_proxy_missing,liquidity_proxy_missing",ok,
matrix_transformer,next_field,50,fold_5,0,20,0.33,abstain_only,32738,0,0.0,,0.0,0.0,,unit_proxy,baseline_no_trades,ok,
matrix_transformer,next_field,50,fold_5,1,20,0.33,aggressive_crossing,29144,29144,1.0,0.44036508372220695,-3476.0,-4394.036,0.031499999999999986,unit_proxy,none,ok,
matrix_transformer,next_field,50,fold_5,1,20,0.33,passive_optimistic,29144,29144,1.0,0.44036508372220695,-3476.0,-4088.024,0.021,unit_proxy,"confidence_only:spread_proxy_missing,liquidity_proxy_missing",ok,
matrix_transformer,next_field,50,fold_5,1,20,0.33,passive_conservative,29144,174,0.005970354103760637,0.46551724137931033,-12.0,-13.827,0.010499999999999997,unit_proxy,"confidence_only:spread_proxy_missing,liquidity_proxy_missing",ok,
matrix_transformer,next_field,50,fold_5,1,20,0.33,abstain_only,29144,0,0.0,,0.0,0.0,,unit_proxy,baseline_no_trades,ok,
matrix_transformer,next_field,50,fold_5,2,20,0.33,aggressive_crossing,31348,31348,1.0,0.42650248819701414,-4608.0,-5595.4619999999995,0.031499999999999986,unit_proxy,none,ok,
matrix_transformer,next_field,50,fold_5,2,20,0.33,passive_optimistic,31348,31348,1.0,0.42650248819701414,-4608.0,-5266.308,0.021,unit_proxy,"confidence_only:spread_proxy_missing,liquidity_proxy_missing",ok,
matrix_transformer,next_field,50,fold_5,2,20,0.33,passive_conservative,31348,824,0.026285568457317852,0.3907766990291262,-180.0,-188.652,0.010499999999999997,unit_proxy,"confidence_only:spread_proxy_missing,liquidity_proxy_missing",ok,
matrix_transformer,next_field,50,fold_5,2,20,0.33,abstain_only,31348,0,0.0,,0.0,0.0,,unit_proxy,baseline_no_trades,ok,
matrix_transformer,supervised,10,fold_1,0,20,0.33,aggressive_crossing,17148,17148,1.0,0.19757406111499884,-10372.0,-10912.162,0.031499999999999986,unit_proxy,none,ok,
matrix_transformer,supervised,10,fold_1,0,20,0.33,passive_optimistic,17148,17148,1.0,0.19757406111499884,-10372.0,-10732.108,0.021,unit_proxy,"confidence_only:spread_proxy_missing,liquidity_proxy_missing",ok,
matrix_transformer,supervised,10,fold_1,0,20,0.33,passive_conservative,17148,0,0.0,,0.0,0.0,,unit_proxy,"confidence_only:spread_proxy_missing,liquidity_proxy_missing",ok,
matrix_transformer,supervised,10,fold_1,0,20,0.33,abstain_only,17148,0,0.0,,0.0,0.0,,unit_proxy,baseline_no_trades,ok,
matrix_transformer,supervised,10,fold_1,1,20,0.33,aggressive_crossing,18782,18782,1.0,0.20429134277499733,-11108.0,-11699.633,0.03149999999999999,unit_proxy,none,ok,
matrix_transformer,supervised,10,fold_1,1,20,0.33,passive_optimistic,18782,18782,1.0,0.20429134277499733,-11108.0,-11502.422,0.021,unit_proxy,"confidence_only:spread_proxy_missing,liquidity_proxy_missing",ok,
matrix_transformer,supervised,10,fold_1,1,20,0.33,passive_conservative,18782,0,0.0,,0.0,0.0,,unit_proxy,"confidence_only:spread_proxy_missing,liquidity_proxy_missing",ok,
matrix_transformer,supervised,10,fold_1,1,20,0.33,abstain_only,18782,0,0.0,,0.0,0.0,,unit_proxy,baseline_no_trades,ok,
matrix_transformer,supervised,10,fold_1,2,20,0.33,aggressive_crossing,1063,1063,1.0,0.30103480714957664,-423.0,-456.4845,0.0315,unit_proxy,none,ok,
matrix_transformer,supervised,10,fold_1,2,20,0.33,passive_optimistic,1063,1063,1.0,0.30103480714957664,-423.0,-445.323,0.021,unit_proxy,"confidence_only:spread_proxy_missing,liquidity_proxy_missing",ok,
matrix_transformer,supervised,10,fold_1,2,20,0.33,passive_conservative,1063,0,0.0,,0.0,0.0,,unit_proxy,"confidence_only:spread_proxy_missing,liquidity_proxy_missing",ok,
matrix_transformer,supervised,10,fold_1,2,20,0.33,abstain_only,1063,0,0.0,,0.0,0.0,,unit_proxy,baseline_no_trades,ok,
matrix_transformer,supervised,10,fold_2,0,20,0.33,aggressive_crossing,14617,14617,1.0,0.18683724430457685,-9155.0,-9615.4355,0.031499999999999986,unit_proxy,none,ok,
matrix_transformer,supervised,10,fold_2,0,20,0.33,passive_optimistic,14617,14617,1.0,0.18683724430457685,-9155.0,-9461.957,0.020999999999999998,unit_proxy,"confidence_only:spread_proxy_missing,liquidity_proxy_missing",ok,
matrix_transformer,supervised,10,fold_2,0,20,0.33,passive_conservative,14617,0,0.0,,0.0,0.0,,unit_proxy,"confidence_only:spread_proxy_missing,liquidity_proxy_missing",ok,
matrix_transformer,supervised,10,fold_2,0,20,0.33,abstain_only,14617,0,0.0,,0.0,0.0,,unit_proxy,baseline_no_trades,ok,
matrix_transformer,supervised,10,fold_2,1,20,0.33,aggressive_crossing,14704,14704,1.0,0.18253536452665942,-9336.0,-9799.176,0.031499999999999986,unit_proxy,none,ok,
matrix_transformer,supervised,10,fold_2,1,20,0.33,passive_optimistic,14704,14704,1.0,0.18253536452665942,-9336.0,-9644.784,0.020999999999999998,unit_proxy,"confidence_only:spread_proxy_missing,liquidity_proxy_missing",ok,
matrix_transformer,supervised,10,fold_2,1,20,0.33,passive_conservative,14704,0,0.0,,0.0,0.0,,unit_proxy,"confidence_only:spread_proxy_missing,liquidity_proxy_missing",ok,
matrix_transformer,supervised,10,fold_2,1,20,0.33,abstain_only,14704,0,0.0,,0.0,0.0,,unit_proxy,baseline_no_trades,ok,
matrix_transformer,supervised,10,fold_2,2,20,0.33,aggressive_crossing,14620,14620,1.0,0.19008207934336524,-9062.0,-9522.53,0.031499999999999986,unit_proxy,none,ok,
matrix_transformer,supervised,10,fold_2,2,20,0.33,passive_optimistic,14620,14620,1.0,0.19008207934336524,-9062.0,-9369.02,0.020999999999999998,unit_proxy,"confidence_only:spread_proxy_missing,liquidity_proxy_missing",ok,
matrix_transformer,supervised,10,fold_2,2,20,0.33,passive_conservative,14620,0,0.0,,0.0,0.0,,unit_proxy,"confidence_only:spread_proxy_missing,liquidity_proxy_missing",ok,
matrix_transformer,supervised,10,fold_2,2,20,0.33,abstain_only,14620,0,0.0,,0.0,0.0,,unit_proxy,baseline_no_trades,ok,
matrix_transformer,supervised,10,fold_3,0,20,0.33,aggressive_crossing,11885,11885,1.0,0.23971392511569206,-6187.0,-6561.3775,0.031499999999999986,unit_proxy,none,ok,
matrix_transformer,supervised,10,fold_3,0,20,0.33,passive_optimistic,11885,11885,1.0,0.23971392511569206,-6187.0,-6436.585,0.021,unit_proxy,"confidence_only:spread_proxy_missing,liquidity_proxy_missing",ok,
matrix_transformer,supervised,10,fold_3,0,20,0.33,passive_conservative,11885,0,0.0,,0.0,0.0,,unit_proxy,"confidence_only:spread_proxy_missing,liquidity_proxy_missing",ok,
matrix_transformer,supervised,10,fold_3,0,20,0.33,abstain_only,11885,0,0.0,,0.0,0.0,,unit_proxy,baseline_no_trades,ok,
matrix_transformer,supervised,10,fold_3,1,20,0.33,aggressive_crossing,20095,20095,1.0,0.23155013684996267,-10789.0,-11421.9925,0.031499999999999986,unit_proxy,none,ok,
matrix_transformer,supervised,10,fold_3,1,20,0.33,passive_optimistic,20095,20095,1.0,0.23155013684996267,-10789.0,-11210.995,0.021,unit_proxy,"confidence_only:spread_proxy_missing,liquidity_proxy_missing",ok,
matrix_transformer,supervised,10,fold_3,1,20,0.33,passive_conservative,20095,0,0.0,,0.0,0.0,,unit_proxy,"confidence_only:spread_proxy_missing,liquidity_proxy_missing",ok,
matrix_transformer,supervised,10,fold_3,1,20,0.33,abstain_only,20095,0,0.0,,0.0,0.0,,unit_proxy,baseline_no_trades,ok,
matrix_transformer,supervised,10,fold_3,2,20,0.33,aggressive_crossing,22672,22672,1.0,0.22243295695130558,-12586.0,-13300.168,0.031499999999999986,unit_proxy,none,ok,
matrix_transformer,supervised,10,fold_3,2,20,0.33,passive_optimistic,22672,22672,1.0,0.22243295695130558,-12586.0,-13062.112,0.021,unit_proxy,"confidence_only:spread_proxy_missing,liquidity_proxy_missing",ok,
matrix_transformer,supervised,10,fold_3,2,20,0.33,passive_conservative,22672,0,0.0,,0.0,0.0,,unit_proxy,"confidence_only:spread_proxy_missing,liquidity_proxy_missing",ok,
matrix_transformer,supervised,10,fold_3,2,20,0.33,abstain_only,22672,0,0.0,,0.0,0.0,,unit_proxy,baseline_no_trades,ok,
matrix_transformer,supervised,10,fold_4,0,20,0.33,aggressive_crossing,19191,19191,1.0,0.24772028555051848,-9683.0,-10287.5165,0.031499999999999986,unit_proxy,none,ok,
matrix_transformer,supervised,10,fold_4,0,20,0.33,passive_optimistic,19191,19191,1.0,0.24772028555051848,-9683.0,-10086.011,0.021,unit_proxy,"confidence_only:spread_proxy_missing,liquidity_proxy_missing",ok,
matrix_transformer,supervised,10,fold_4,0,20,0.33,passive_conservative,19191,0,0.0,,0.0,0.0,,unit_proxy,"confidence_only:spread_proxy_missing,liquidity_proxy_missing",ok,
matrix_transformer,supervised,10,fold_4,0,20,0.33,abstain_only,19191,0,0.0,,0.0,0.0,,unit_proxy,baseline_no_trades,ok,
matrix_transformer,supervised,10,fold_4,1,20,0.33,aggressive_crossing,9535,9535,1.0,0.26334556895647615,-4513.0,-4813.3525,0.031499999999999986,unit_proxy,none,ok,
matrix_transformer,supervised,10,fold_4,1,20,0.33,passive_optimistic,9535,9535,1.0,0.26334556895647615,-4513.0,-4713.235,0.021,unit_proxy,"confidence_only:spread_proxy_missing,liquidity_proxy_missing",ok,
matrix_transformer,supervised,10,fold_4,1,20,0.33,passive_conservative,9535,0,0.0,,0.0,0.0,,unit_proxy,"confidence_only:spread_proxy_missing,liquidity_proxy_missing",ok,
matrix_transformer,supervised,10,fold_4,1,20,0.33,abstain_only,9535,0,0.0,,0.0,0.0,,unit_proxy,baseline_no_trades,ok,
matrix_transformer,supervised,10,fold_4,2,20,0.33,aggressive_crossing,20632,20632,1.0,0.2562524234199302,-10058.0,-10707.908,0.031499999999999986,unit_proxy,none,ok,
matrix_transformer,supervised,10,fold_4,2,20,0.33,passive_optimistic,20632,20632,1.0,0.2562524234199302,-10058.0,-10491.272,0.021,unit_proxy,"confidence_only:spread_proxy_missing,liquidity_proxy_missing",ok,
matrix_transformer,supervised,10,fold_4,2,20,0.33,passive_conservative,20632,9,0.0004362155874369911,0.1111111111111111,-7.0,-7.0945,0.0105,unit_proxy,"confidence_only:spread_proxy_missing,liquidity_proxy_missing",ok,
matrix_transformer,supervised,10,fold_4,2,20,0.33,abstain_only,20632,0,0.0,,0.0,0.0,,unit_proxy,baseline_no_trades,ok,
matrix_transformer,supervised,10,fold_5,0,20,0.33,aggressive_crossing,23385,23385,1.0,0.3075475732307034,-9001.0,-9737.6275,0.031499999999999986,unit_proxy,none,ok,
matrix_transformer,supervised,10,fold_5,0,20,0.33,passive_optimistic,23385,23385,1.0,0.3075475732307034,-9001.0,-9492.085,0.021,unit_proxy,"confidence_only:spread_proxy_missing,liquidity_proxy_missing",ok,
matrix_transformer,supervised,10,fold_5,0,20,0.33,passive_conservative,23385,66,0.0028223220012828735,0.15151515151515152,-46.0,-46.693,0.010499999999999997,unit_proxy,"confidence_only:spread_proxy_missing,liquidity_proxy_missing",ok,
matrix_transformer,supervised,10,fold_5,0,20,0.33,abstain_only,23385,0,0.0,,0.0,0.0,,unit_proxy,baseline_no_trades,ok,
matrix_transformer,supervised,10,fold_5,1,20,0.33,aggressive_crossing,7001,7001,1.0,0.208541636909013,-4081.0,-4301.5315,0.03149999999999999,unit_proxy,none,ok,
matrix_transformer,supervised,10,fold_5,1,20,0.33,passive_optimistic,7001,7001,1.0,0.208541636909013,-4081.0,-4228.021,0.020999999999999998,unit_proxy,"confidence_only:spread_proxy_missing,liquidity_proxy_missing",ok,
matrix_transformer,supervised,10,fold_5,1,20,0.33,passive_conservative,7001,0,0.0,,0.0,0.0,,unit_proxy,"confidence_only:spread_proxy_missing,liquidity_proxy_missing",ok,
matrix_transformer,supervised,10,fold_5,1,20,0.33,abstain_only,7001,0,0.0,,0.0,0.0,,unit_proxy,baseline_no_trades,ok,
matrix_transformer,supervised,10,fold_5,2,20,0.33,aggressive_crossing,15424,15424,1.0,0.2635503112033195,-7294.0,-7779.856,0.031499999999999986,unit_proxy,none,ok,
matrix_transformer,supervised,10,fold_5,2,20,0.33,passive_optimistic,15424,15424,1.0,0.2635503112033195,-7294.0,-7617.904,0.021,unit_proxy,"confidence_only:spread_proxy_missing,liquidity_proxy_missing",ok,
matrix_transformer,supervised,10,fold_5,2,20,0.33,passive_conservative,15424,166,0.010762448132780083,0.060240963855421686,-146.0,-147.743,0.010499999999999997,unit_proxy,"confidence_only:spread_proxy_missing,liquidity_proxy_missing",ok,
matrix_transformer,supervised,10,fold_5,2,20,0.33,abstain_only,15424,0,0.0,,0.0,0.0,,unit_proxy,baseline_no_trades,ok,
matrix_transformer,supervised,20,fold_1,0,20,0.33,aggressive_crossing,15080,15080,1.0,0.2740053050397878,-6816.0,-7291.0199999999995,0.031499999999999986,unit_proxy,none,ok,
matrix_transformer,supervised,20,fold_1,0,20,0.33,passive_optimistic,15080,15080,1.0,0.2740053050397878,-6816.0,-7132.68,0.020999999999999998,unit_proxy,"confidence_only:spread_proxy_missing,liquidity_proxy_missing",ok,
matrix_transformer,supervised,20,fold_1,0,20,0.33,passive_conservative,15080,0,0.0,,0.0,0.0,,unit_proxy,"confidence_only:spread_proxy_missing,liquidity_proxy_missing",ok,
matrix_transformer,supervised,20,fold_1,0,20,0.33,abstain_only,15080,0,0.0,,0.0,0.0,,unit_proxy,baseline_no_trades,ok,
matrix_transformer,supervised,20,fold_1,1,20,0.33,aggressive_crossing,18827,18827,1.0,0.2932490572050778,-7785.0,-8378.0505,0.03149999999999999,unit_proxy,none,ok,
matrix_transformer,supervised,20,fold_1,1,20,0.33,passive_optimistic,18827,18827,1.0,0.2932490572050778,-7785.0,-8180.367,0.021,unit_proxy,"confidence_only:spread_proxy_missing,liquidity_proxy_missing",ok,
matrix_transformer,supervised,20,fold_1,1,20,0.33,passive_conservative,18827,0,0.0,,0.0,0.0,,unit_proxy,"confidence_only:spread_proxy_missing,liquidity_proxy_missing",ok,
matrix_transformer,supervised,20,fold_1,1,20,0.33,abstain_only,18827,0,0.0,,0.0,0.0,,unit_proxy,baseline_no_trades,ok,
matrix_transformer,supervised,20,fold_1,2,20,0.33,aggressive_crossing,18213,18213,1.0,0.3062647559435568,-7057.0,-7630.7095,0.031499999999999986,unit_proxy,none,ok,
matrix_transformer,supervised,20,fold_1,2,20,0.33,passive_optimistic,18213,18213,1.0,0.3062647559435568,-7057.0,-7439.473,0.021,unit_proxy,"confidence_only:spread_proxy_missing,liquidity_proxy_missing",ok,
matrix_transformer,supervised,20,fold_1,2,20,0.33,passive_conservative,18213,0,0.0,,0.0,0.0,,unit_proxy,"confidence_only:spread_proxy_missing,liquidity_proxy_missing",ok,
matrix_transformer,supervised,20,fold_1,2,20,0.33,abstain_only,18213,0,0.0,,0.0,0.0,,unit_proxy,baseline_no_trades,ok,
matrix_transformer,supervised,20,fold_2,0,20,0.33,aggressive_crossing,14929,14929,1.0,0.25085404246768034,-7439.0,-7909.2635,0.031499999999999986,unit_proxy,none,ok,
matrix_transformer,supervised,20,fold_2,0,20,0.33,passive_optimistic,14929,14929,1.0,0.25085404246768034,-7439.0,-7752.509,0.021,unit_proxy,"confidence_only:spread_proxy_missing,liquidity_proxy_missing",ok,
matrix_transformer,supervised,20,fold_2,0,20,0.33,passive_conservative,14929,0,0.0,,0.0,0.0,,unit_proxy,"confidence_only:spread_proxy_missing,liquidity_proxy_missing",ok,
matrix_transformer,supervised,20,fold_2,0,20,0.33,abstain_only,14929,0,0.0,,0.0,0.0,,unit_proxy,baseline_no_trades,ok,
matrix_transformer,supervised,20,fold_2,1,20,0.33,aggressive_crossing,14705,14705,1.0,0.2416865011900714,-7597.0,-8060.2074999999995,0.031499999999999986,unit_proxy,none,ok,
matrix_transformer,supervised,20,fold_2,1,20,0.33,passive_optimistic,14705,14705,1.0,0.2416865011900714,-7597.0,-7905.805,0.020999999999999998,unit_proxy,"confidence_only:spread_proxy_missing,liquidity_proxy_missing",ok,
matrix_transformer,supervised,20,fold_2,1,20,0.33,passive_conservative,14705,0,0.0,,0.0,0.0,,unit_proxy,"confidence_only:spread_proxy_missing,liquidity_proxy_missing",ok,
matrix_transformer,supervised,20,fold_2,1,20,0.33,abstain_only,14705,0,0.0,,0.0,0.0,,unit_proxy,baseline_no_trades,ok,
matrix_transformer,supervised,20,fold_2,2,20,0.33,aggressive_crossing,14743,14743,1.0,0.2395034931832056,-7681.0,-8145.4045,0.031499999999999986,unit_proxy,none,ok,
matrix_transformer,supervised,20,fold_2,2,20,0.33,passive_optimistic,14743,14743,1.0,0.2395034931832056,-7681.0,-7990.603,0.020999999999999998,unit_proxy,"confidence_only:spread_proxy_missing,liquidity_proxy_missing",ok,
matrix_transformer,supervised,20,fold_2,2,20,0.33,passive_conservative,14743,0,0.0,,0.0,0.0,,unit_proxy,"confidence_only:spread_proxy_missing,liquidity_proxy_missing",ok,
matrix_transformer,supervised,20,fold_2,2,20,0.33,abstain_only,14743,0,0.0,,0.0,0.0,,unit_proxy,baseline_no_trades,ok,
matrix_transformer,supervised,20,fold_3,0,20,0.33,aggressive_crossing,25658,25658,1.0,0.31814638709174525,-9332.0,-10140.226999999999,0.031499999999999986,unit_proxy,none,ok,
matrix_transformer,supervised,20,fold_3,0,20,0.33,passive_optimistic,25658,25658,1.0,0.31814638709174525,-9332.0,-9870.818,0.020999999999999998,unit_proxy,"confidence_only:spread_proxy_missing,liquidity_proxy_missing",ok,
matrix_transformer,supervised,20,fold_3,0,20,0.33,passive_conservative,25658,0,0.0,,0.0,0.0,,unit_proxy,"confidence_only:spread_proxy_missing,liquidity_proxy_missing",ok,
matrix_transformer,supervised,20,fold_3,0,20,0.33,abstain_only,25658,0,0.0,,0.0,0.0,,unit_proxy,baseline_no_trades,ok,
matrix_transformer,supervised,20,fold_3,1,20,0.33,aggressive_crossing,27705,27705,1.0,0.32051976177585273,-9945.0,-10817.7075,0.031499999999999986,unit_proxy,none,ok,
matrix_transformer,supervised,20,fold_3,1,20,0.33,passive_optimistic,27705,27705,1.0,0.32051976177585273,-9945.0,-10526.805,0.021,unit_proxy,"confidence_only:spread_proxy_missing,liquidity_proxy_missing",ok,
matrix_transformer,supervised,20,fold_3,1,20,0.33,passive_conservative,27705,3,0.00010828370330265295,0.3333333333333333,-1.0,-1.0315,0.0105,unit_proxy,"confidence_only:spread_proxy_missing,liquidity_proxy_missing",ok,
matrix_transformer,supervised,20,fold_3,1,20,0.33,abstain_only,27705,0,0.0,,0.0,0.0,,unit_proxy,baseline_no_trades,ok,
matrix_transformer,supervised,20,fold_3,2,20,0.33,aggressive_crossing,26840,26840,1.0,0.30923994038748137,-10240.0,-11085.46,0.031499999999999986,unit_proxy,none,ok,
matrix_transformer,supervised,20,fold_3,2,20,0.33,passive_optimistic,26840,26840,1.0,0.30923994038748137,-10240.0,-10803.64,0.020999999999999998,unit_proxy,"confidence_only:spread_proxy_missing,liquidity_proxy_missing",ok,
matrix_transformer,supervised,20,fold_3,2,20,0.33,passive_conservative,26840,0,0.0,,0.0,0.0,,unit_proxy,"confidence_only:spread_proxy_missing,liquidity_proxy_missing",ok,
matrix_transformer,supervised,20,fold_3,2,20,0.33,abstain_only,26840,0,0.0,,0.0,0.0,,unit_proxy,baseline_no_trades,ok,
matrix_transformer,supervised,20,fold_4,0,20,0.33,aggressive_crossing,25044,25044,1.0,0.34191822392589044,-7918.0,-8706.886,0.031499999999999986,unit_proxy,none,ok,
matrix_transformer,supervised,20,fold_4,0,20,0.33,passive_optimistic,25044,25044,1.0,0.34191822392589044,-7918.0,-8443.923999999999,0.020999999999999998,unit_proxy,"confidence_only:spread_proxy_missing,liquidity_proxy_missing",ok,
matrix_transformer,supervised,20,fold_4,0,20,0.33,passive_conservative,25044,4,0.00015971889474524837,0.5,0.0,-0.042,0.0105,unit_proxy,"confidence_only:spread_proxy_missing,liquidity_proxy_missing",ok,
matrix_transformer,supervised,20,fold_4,0,20,0.33,abstain_only,25044,0,0.0,,0.0,0.0,,unit_proxy,baseline_no_trades,ok,
matrix_transformer,supervised,20,fold_4,1,20,0.33,aggressive_crossing,25548,25548,1.0,0.33701268201033346,-8328.0,-9132.761999999999,0.031499999999999986,unit_proxy,none,ok,
matrix_transformer,supervised,20,fold_4,1,20,0.33,passive_optimistic,25548,25548,1.0,0.33701268201033346,-8328.0,-8864.508,0.021,unit_proxy,"confidence_only:spread_proxy_missing,liquidity_proxy_missing",ok,
matrix_transformer,supervised,20,fold_4,1,20,0.33,passive_conservative,25548,53,0.002074526381712854,0.2641509433962264,-25.0,-25.5565,0.010499999999999995,unit_proxy,"confidence_only:spread_proxy_missing,liquidity_proxy_missing",ok,
matrix_transformer,supervised,20,fold_4,1,20,0.33,abstain_only,25548,0,0.0,,0.0,0.0,,unit_proxy,baseline_no_trades,ok,
matrix_transformer,supervised,20,fold_4,2,20,0.33,aggressive_crossing,27218,27218,1.0,0.33036960834741713,-9234.0,-10091.367,0.031499999999999986,unit_proxy,none,ok,
matrix_transformer,supervised,20,fold_4,2,20,0.33,passive_optimistic,27218,27218,1.0,0.33036960834741713,-9234.0,-9805.578,0.020999999999999998,unit_proxy,"confidence_only:spread_proxy_missing,liquidity_proxy_missing",ok,
matrix_transformer,supervised,20,fold_4,2,20,0.33,passive_conservative,27218,72,0.0026453082518921303,0.4027777777777778,-14.0,-14.756,0.010499999999999999,unit_proxy,"confidence_only:spread_proxy_missing,liquidity_proxy_missing",ok,
matrix_transformer,supervised,20,fold_4,2,20,0.33,abstain_only,27218,0,0.0,,0.0,0.0,,unit_proxy,baseline_no_trades,ok,
matrix_transformer,supervised,20,fold_5,0,20,0.33,aggressive_crossing,26085,26085,1.0,0.36308223116733757,-7143.0,-7964.6775,0.031499999999999986,unit_proxy,none,ok,
matrix_transformer,supervised,20,fold_5,0,20,0.33,passive_optimistic,26085,26085,1.0,0.36308223116733757,-7143.0,-7690.785,0.020999999999999998,unit_proxy,"confidence_only:spread_proxy_missing,liquidity_proxy_missing",ok,
matrix_transformer,supervised,20,fold_5,0,20,0.33,passive_conservative,26085,0,0.0,,0.0,0.0,,unit_proxy,"confidence_only:spread_proxy_missing,liquidity_proxy_missing",ok,
matrix_transformer,supervised,20,fold_5,0,20,0.33,abstain_only,26085,0,0.0,,0.0,0.0,,unit_proxy,baseline_no_trades,ok,
matrix_transformer,supervised,20,fold_5,1,20,0.33,aggressive_crossing,22530,22530,1.0,0.31877496671105193,-8166.0,-8875.695,0.031499999999999986,unit_proxy,none,ok,
matrix_transformer,supervised,20,fold_5,1,20,0.33,passive_optimistic,22530,22530,1.0,0.31877496671105193,-8166.0,-8639.13,0.021,unit_proxy,"confidence_only:spread_proxy_missing,liquidity_proxy_missing",ok,
matrix_transformer,supervised,20,fold_5,1,20,0.33,passive_conservative,22530,2,8.87705281846427e-05,0.0,-2.0,-2.021,0.0105,unit_proxy,"confidence_only:spread_proxy_missing,liquidity_proxy_missing",ok,
matrix_transformer,supervised,20,fold_5,1,20,0.33,abstain_only,22530,0,0.0,,0.0,0.0,,unit_proxy,baseline_no_trades,ok,
matrix_transformer,supervised,20,fold_5,2,20,0.33,aggressive_crossing,25879,25879,1.0,0.3449515050813401,-8025.0,-8840.1885,0.031499999999999986,unit_proxy,none,ok,
matrix_transformer,supervised,20,fold_5,2,20,0.33,passive_optimistic,25879,25879,1.0,0.3449515050813401,-8025.0,-8568.459,0.020999999999999998,unit_proxy,"confidence_only:spread_proxy_missing,liquidity_proxy_missing",ok,
matrix_transformer,supervised,20,fold_5,2,20,0.33,passive_conservative,25879,206,0.007960122106727462,0.16019417475728157,-140.0,-142.163,0.010499999999999997,unit_proxy,"confidence_only:spread_proxy_missing,liquidity_proxy_missing",ok,
matrix_transformer,supervised,20,fold_5,2,20,0.33,abstain_only,25879,0,0.0,,0.0,0.0,,unit_proxy,baseline_no_trades,ok,
matrix_transformer,supervised,50,fold_1,0,20,0.33,aggressive_crossing,30560,30560,1.0,0.36387434554973824,-8320.0,-9282.64,0.031499999999999986,unit_proxy,none,ok,
matrix_transformer,supervised,50,fold_1,0,20,0.33,passive_optimistic,30560,30560,1.0,0.36387434554973824,-8320.0,-8961.76,0.021,unit_proxy,"confidence_only:spread_proxy_missing,liquidity_proxy_missing",ok,
matrix_transformer,supervised,50,fold_1,0,20,0.33,passive_conservative,30560,1450,0.04744764397905759,0.5344827586206896,100.0,84.775,0.010499999999999999,unit_proxy,"confidence_only:spread_proxy_missing,liquidity_proxy_missing",ok,
matrix_transformer,supervised,50,fold_1,0,20,0.33,abstain_only,30560,0,0.0,,0.0,0.0,,unit_proxy,baseline_no_trades,ok,
matrix_transformer,supervised,50,fold_1,1,20,0.33,aggressive_crossing,36378,36378,1.0,0.40087415470889,-7212.0,-8357.907,0.031499999999999986,unit_proxy,none,ok,
matrix_transformer,supervised,50,fold_1,1,20,0.33,passive_optimistic,36378,36378,1.0,0.40087415470889,-7212.0,-7975.938,0.021,unit_proxy,"confidence_only:spread_proxy_missing,liquidity_proxy_missing",ok,
matrix_transformer,supervised,50,fold_1,1,20,0.33,passive_conservative,36378,16,0.00043982626862389357,0.4375,-2.0,-2.168,0.0105,unit_proxy,"confidence_only:spread_proxy_missing,liquidity_proxy_missing",ok,
matrix_transformer,supervised,50,fold_1,1,20,0.33,abstain_only,36378,0,0.0,,0.0,0.0,,unit_proxy,baseline_no_trades,ok,
matrix_transformer,supervised,50,fold_1,2,20,0.33,aggressive_crossing,36494,36494,1.0,0.41176631775086314,-6440.0,-7589.561,0.031499999999999986,unit_proxy,none,ok,
matrix_transformer,supervised,50,fold_1,2,20,0.33,passive_optimistic,36494,36494,1.0,0.41176631775086314,-6440.0,-7206.374,0.021,unit_proxy,"confidence_only:spread_proxy_missing,liquidity_proxy_missing",ok,
matrix_transformer,supervised,50,fold_1,2,20,0.33,passive_conservative,36494,876,0.024003945854113005,0.5399543378995434,70.0,60.802,0.010499999999999999,unit_proxy,"confidence_only:spread_proxy_missing,liquidity_proxy_missing",ok,
matrix_transformer,supervised,50,fold_1,2,20,0.33,abstain_only,36494,0,0.0,,0.0,0.0,,unit_proxy,baseline_no_trades,ok,
matrix_transformer,supervised,50,fold_2,0,20,0.33,aggressive_crossing,19162,19162,1.0,0.4107086942907838,-3422.0,-4025.6029999999996,0.031499999999999986,unit_proxy,none,ok,
matrix_transformer,supervised,50,fold_2,0,20,0.33,passive_optimistic,19162,19162,1.0,0.4107086942907838,-3422.0,-3824.402,0.020999999999999998,unit_proxy,"confidence_only:spread_proxy_missing,liquidity_proxy_missing",ok,
matrix_transformer,supervised,50,fold_2,0,20,0.33,passive_conservative,19162,0,0.0,,0.0,0.0,,unit_proxy,"confidence_only:spread_proxy_missing,liquidity_proxy_missing",ok,
matrix_transformer,supervised,50,fold_2,0,20,0.33,abstain_only,19162,0,0.0,,0.0,0.0,,unit_proxy,baseline_no_trades,ok,
matrix_transformer,supervised,50,fold_2,1,20,0.33,aggressive_crossing,24646,24646,1.0,0.39357299358922343,-5246.0,-6022.349,0.031499999999999986,unit_proxy,none,ok,
matrix_transformer,supervised,50,fold_2,1,20,0.33,passive_optimistic,24646,24646,1.0,0.39357299358922343,-5246.0,-5763.566,0.021,unit_proxy,"confidence_only:spread_proxy_missing,liquidity_proxy_missing",ok,
matrix_transformer,supervised,50,fold_2,1,20,0.33,passive_conservative,24646,5,0.0002028726771078471,1.0,5.0,4.9475,0.0105,unit_proxy,"confidence_only:spread_proxy_missing,liquidity_proxy_missing",ok,
matrix_transformer,supervised,50,fold_2,1,20,0.33,abstain_only,24646,0,0.0,,0.0,0.0,,unit_proxy,baseline_no_trades,ok,
matrix_transformer,supervised,50,fold_2,2,20,0.33,aggressive_crossing,27090,27090,1.0,0.3428940568475452,-8512.0,-9365.335,0.031499999999999986,unit_proxy,none,ok,
matrix_transformer,supervised,50,fold_2,2,20,0.33,passive_optimistic,27090,27090,1.0,0.3428940568475452,-8512.0,-9080.89,0.020999999999999998,unit_proxy,"confidence_only:spread_proxy_missing,liquidity_proxy_missing",ok,
matrix_transformer,supervised,50,fold_2,2,20,0.33,passive_conservative,27090,0,0.0,,0.0,0.0,,unit_proxy,"confidence_only:spread_proxy_missing,liquidity_proxy_missing",ok,
matrix_transformer,supervised,50,fold_2,2,20,0.33,abstain_only,27090,0,0.0,,0.0,0.0,,unit_proxy,baseline_no_trades,ok,
matrix_transformer,supervised,50,fold_3,0,20,0.33,aggressive_crossing,28918,28918,1.0,0.42105263157894735,-4566.0,-5476.9169999999995,0.031499999999999986,unit_proxy,none,ok,
matrix_transformer,supervised,50,fold_3,0,20,0.33,passive_optimistic,28918,28918,1.0,0.42105263157894735,-4566.0,-5173.278,0.021,unit_proxy,"confidence_only:spread_proxy_missing,liquidity_proxy_missing",ok,
matrix_transformer,supervised,50,fold_3,0,20,0.33,passive_conservative,28918,30,0.0010374161421951725,0.7333333333333333,14.0,13.685,0.010500000000000002,unit_proxy,"confidence_only:spread_proxy_missing,liquidity_proxy_missing",ok,
matrix_transformer,supervised,50,fold_3,0,20,0.33,abstain_only,28918,0,0.0,,0.0,0.0,,unit_proxy,baseline_no_trades,ok,
matrix_transformer,supervised,50,fold_3,1,20,0.33,aggressive_crossing,30798,30798,1.0,0.4205143191116306,-4896.0,-5866.137,0.031499999999999986,unit_proxy,none,ok,
matrix_transformer,supervised,50,fold_3,1,20,0.33,passive_optimistic,30798,30798,1.0,0.4205143191116306,-4896.0,-5542.758,0.021,unit_proxy,"confidence_only:spread_proxy_missing,liquidity_proxy_missing",ok,
matrix_transformer,supervised,50,fold_3,1,20,0.33,passive_conservative,30798,42,0.0013637249172024158,0.5238095238095238,2.0,1.559,0.0105,unit_proxy,"confidence_only:spread_proxy_missing,liquidity_proxy_missing",ok,
matrix_transformer,supervised,50,fold_3,1,20,0.33,abstain_only,30798,0,0.0,,0.0,0.0,,unit_proxy,baseline_no_trades,ok,
matrix_transformer,supervised,50,fold_3,2,20,0.33,aggressive_crossing,30247,30247,1.0,0.4165371772407181,-5049.0,-6001.7805,0.031499999999999986,unit_proxy,none,ok,
matrix_transformer,supervised,50,fold_3,2,20,0.33,passive_optimistic,30247,30247,1.0,0.4165371772407181,-5049.0,-5684.187,0.021,unit_proxy,"confidence_only:spread_proxy_missing,liquidity_proxy_missing",ok,
matrix_transformer,supervised,50,fold_3,2,20,0.33,passive_conservative,30247,14,0.0004628558204119417,0.42857142857142855,-2.0,-2.1470000000000002,0.0105,unit_proxy,"confidence_only:spread_proxy_missing,liquidity_proxy_missing",ok,
matrix_transformer,supervised,50,fold_3,2,20,0.33,abstain_only,30247,0,0.0,,0.0,0.0,,unit_proxy,baseline_no_trades,ok,
matrix_transformer,supervised,50,fold_4,0,20,0.33,aggressive_crossing,32186,32186,1.0,0.4581495059963959,-2694.0,-3707.8589999999995,0.031499999999999986,unit_proxy,none,ok,
matrix_transformer,supervised,50,fold_4,0,20,0.33,passive_optimistic,32186,32186,1.0,0.4581495059963959,-2694.0,-3369.906,0.020999999999999998,unit_proxy,"confidence_only:spread_proxy_missing,liquidity_proxy_missing",ok,
matrix_transformer,supervised,50,fold_4,0,20,0.33,passive_conservative,32186,4,0.00012427763623935873,0.5,0.0,-0.042,0.0105,unit_proxy,"confidence_only:spread_proxy_missing,liquidity_proxy_missing",ok,
matrix_transformer,supervised,50,fold_4,0,20,0.33,abstain_only,32186,0,0.0,,0.0,0.0,,unit_proxy,baseline_no_trades,ok,
matrix_transformer,supervised,50,fold_4,1,20,0.33,aggressive_crossing,30533,30533,1.0,0.4656928569089182,-2095.0,-3056.7895,0.031499999999999986,unit_proxy,none,ok,
matrix_transformer,supervised,50,fold_4,1,20,0.33,passive_optimistic,30533,30533,1.0,0.4656928569089182,-2095.0,-2736.193,0.020999999999999998,unit_proxy,"confidence_only:spread_proxy_missing,liquidity_proxy_missing",ok,
matrix_transformer,supervised,50,fold_4,1,20,0.33,passive_conservative,30533,172,0.005633249271280254,0.5116279069767442,4.0,2.1940000000000004,0.010499999999999997,unit_proxy,"confidence_only:spread_proxy_missing,liquidity_proxy_missing",ok,
matrix_transformer,supervised,50,fold_4,1,20,0.33,abstain_only,30533,0,0.0,,0.0,0.0,,unit_proxy,baseline_no_trades,ok,
matrix_transformer,supervised,50,fold_4,2,20,0.33,aggressive_crossing,32194,32194,1.0,0.45219606137789653,-3078.0,-4092.111,0.031499999999999986,unit_proxy,none,ok,
matrix_transformer,supervised,50,fold_4,2,20,0.33,passive_optimistic,32194,32194,1.0,0.45219606137789653,-3078.0,-3754.074,0.020999999999999998,unit_proxy,"confidence_only:spread_proxy_missing,liquidity_proxy_missing",ok,
matrix_transformer,supervised,50,fold_4,2,20,0.33,passive_conservative,32194,0,0.0,,0.0,0.0,,unit_proxy,"confidence_only:spread_proxy_missing,liquidity_proxy_missing",ok,
matrix_transformer,supervised,50,fold_4,2,20,0.33,abstain_only,32194,0,0.0,,0.0,0.0,,unit_proxy,baseline_no_trades,ok,
matrix_transformer,supervised,50,fold_5,0,20,0.33,aggressive_crossing,32143,32143,1.0,0.4506424415891485,-3173.0,-4185.504499999999,0.031499999999999986,unit_proxy,none,ok,
matrix_transformer,supervised,50,fold_5,0,20,0.33,passive_optimistic,32143,32143,1.0,0.4506424415891485,-3173.0,-3848.0029999999997,0.020999999999999998,unit_proxy,"confidence_only:spread_proxy_missing,liquidity_proxy_missing",ok,
matrix_transformer,supervised,50,fold_5,0,20,0.33,passive_conservative,32143,0,0.0,,0.0,0.0,,unit_proxy,"confidence_only:spread_proxy_missing,liquidity_proxy_missing",ok,
matrix_transformer,supervised,50,fold_5,0,20,0.33,abstain_only,32143,0,0.0,,0.0,0.0,,unit_proxy,baseline_no_trades,ok,
matrix_transformer,supervised,50,fold_5,1,20,0.33,aggressive_crossing,33167,33167,1.0,0.43296047275906774,-4447.0,-5491.760499999999,0.031499999999999986,unit_proxy,none,ok,
matrix_transformer,supervised,50,fold_5,1,20,0.33,passive_optimistic,33167,33167,1.0,0.43296047275906774,-4447.0,-5143.507,0.021,unit_proxy,"confidence_only:spread_proxy_missing,liquidity_proxy_missing",ok,
matrix_transformer,supervised,50,fold_5,1,20,0.33,passive_conservative,33167,117,0.003527602737660928,0.23931623931623933,-61.0,-62.2285,0.010499999999999997,unit_proxy,"confidence_only:spread_proxy_missing,liquidity_proxy_missing",ok,
matrix_transformer,supervised,50,fold_5,1,20,0.33,abstain_only,33167,0,0.0,,0.0,0.0,,unit_proxy,baseline_no_trades,ok,
matrix_transformer,supervised,50,fold_5,2,20,0.33,aggressive_crossing,30440,30440,1.0,0.44464520367936927,-3370.0,-4328.86,0.031499999999999986,unit_proxy,none,ok,
matrix_transformer,supervised,50,fold_5,2,20,0.33,passive_optimistic,30440,30440,1.0,0.44464520367936927,-3370.0,-4009.24,0.021,unit_proxy,"confidence_only:spread_proxy_missing,liquidity_proxy_missing",ok,
matrix_transformer,supervised,50,fold_5,2,20,0.33,passive_conservative,30440,15,0.0004927726675427069,0.26666666666666666,-7.0,-7.1575,0.010500000000000002,unit_proxy,"confidence_only:spread_proxy_missing,liquidity_proxy_missing",ok,
matrix_transformer,supervised,50,fold_5,2,20,0.33,abstain_only,30440,0,0.0,,0.0,0.0,,unit_proxy,baseline_no_trades,ok,
