model_family,pretraining_objective,horizon,fold,seed,lookback,partition,latency_step,retained_samples,dropped_samples,active_trades,directional_hit_rate,gross_proxy,net_proxy,degradation_vs_latency_0,net_degradation_vs_latency_0,payoff_mode,cost_mode,status,skipped_reason
matrix_transformer,masked_reconstruction,10,fold_1,0,20,test,0,38378,0,21188,0.2119595997734567,-12206.0,-12206.0,0.0,0.0,unit_payoff,unit_proxy,ok,
matrix_transformer,masked_reconstruction,10,fold_1,0,20,test,1,38377,1,21188,0.21101566924674345,-12246.0,-12246.0,-40.0,-40.0,unit_payoff,unit_proxy,ok,
matrix_transformer,masked_reconstruction,10,fold_1,0,20,test,2,38376,2,21188,0.2068623749292052,-12422.0,-12422.0,-216.0,-216.0,unit_payoff,unit_proxy,ok,
matrix_transformer,masked_reconstruction,10,fold_1,0,20,test,5,38373,5,21188,0.20577685482348498,-12468.0,-12468.0,-262.0,-262.0,unit_payoff,unit_proxy,ok,
matrix_transformer,masked_reconstruction,10,fold_1,0,20,test,10,38368,10,21188,0.20289786671700963,-12590.0,-12590.0,-384.0,-384.0,unit_payoff,unit_proxy,ok,
matrix_transformer,masked_reconstruction,10,fold_1,1,20,test,0,38378,0,18788,0.19837130083031723,-11334.0,-11334.0,0.0,0.0,unit_payoff,unit_proxy,ok,
matrix_transformer,masked_reconstruction,10,fold_1,1,20,test,1,38377,1,18788,0.19805194805194806,-11346.0,-11346.0,-12.0,-12.0,unit_payoff,unit_proxy,ok,
matrix_transformer,masked_reconstruction,10,fold_1,1,20,test,2,38376,2,18788,0.19533744943581008,-11448.0,-11448.0,-114.0,-114.0,unit_payoff,unit_proxy,ok,
matrix_transformer,masked_reconstruction,10,fold_1,1,20,test,5,38373,5,18788,0.19528422397274856,-11450.0,-11450.0,-116.0,-116.0,unit_payoff,unit_proxy,ok,
matrix_transformer,masked_reconstruction,10,fold_1,1,20,test,10,38368,10,18788,0.19416648924845648,-11492.0,-11492.0,-158.0,-158.0,unit_payoff,unit_proxy,ok,
matrix_transformer,masked_reconstruction,10,fold_1,2,20,test,0,38378,0,18785,0.19361192440777217,-11511.0,-11511.0,0.0,0.0,unit_payoff,unit_proxy,ok,
matrix_transformer,masked_reconstruction,10,fold_1,2,20,test,1,38377,1,18785,0.1937183923343093,-11507.0,-11507.0,4.0,4.0,unit_payoff,unit_proxy,ok,
matrix_transformer,masked_reconstruction,10,fold_1,2,20,test,2,38376,2,18785,0.19366515837104073,-11509.0,-11509.0,2.0,2.0,unit_payoff,unit_proxy,ok,
matrix_transformer,masked_reconstruction,10,fold_1,2,20,test,5,38373,5,18785,0.1935586904445036,-11513.0,-11513.0,-2.0,-2.0,unit_payoff,unit_proxy,ok,
matrix_transformer,masked_reconstruction,10,fold_1,2,20,test,10,38368,10,18785,0.19270694703220656,-11545.0,-11545.0,-34.0,-34.0,unit_payoff,unit_proxy,ok,
matrix_transformer,masked_reconstruction,10,fold_2,0,20,test,0,28516,0,14476,0.200124343741365,-8682.0,-8682.0,0.0,0.0,unit_payoff,unit_proxy,ok,
matrix_transformer,masked_reconstruction,10,fold_2,0,20,test,1,28515,1,14476,0.19687759049461176,-8776.0,-8776.0,-94.0,-94.0,unit_payoff,unit_proxy,ok,
matrix_transformer,masked_reconstruction,10,fold_2,0,20,test,2,28514,2,14476,0.18465045592705168,-9130.0,-9130.0,-448.0,-448.0,unit_payoff,unit_proxy,ok,
matrix_transformer,masked_reconstruction,10,fold_2,0,20,test,5,28511,5,14476,0.18395965736391268,-9150.0,-9150.0,-468.0,-468.0,unit_payoff,unit_proxy,ok,
matrix_transformer,masked_reconstruction,10,fold_2,0,20,test,10,28506,10,14476,0.18458137607073777,-9132.0,-9132.0,-450.0,-450.0,unit_payoff,unit_proxy,ok,
matrix_transformer,masked_reconstruction,10,fold_2,1,20,test,0,28516,0,14491,0.19584569732937684,-8815.0,-8815.0,0.0,0.0,unit_payoff,unit_proxy,ok,
matrix_transformer,masked_reconstruction,10,fold_2,1,20,test,1,28515,1,14491,0.19474156372921123,-8847.0,-8847.0,-32.0,-32.0,unit_payoff,unit_proxy,ok,
matrix_transformer,masked_reconstruction,10,fold_2,1,20,test,2,28514,2,14491,0.1840452694776068,-9157.0,-9157.0,-342.0,-342.0,unit_payoff,unit_proxy,ok,
matrix_transformer,masked_reconstruction,10,fold_2,1,20,test,5,28511,5,14491,0.18142295217721344,-9233.0,-9233.0,-418.0,-418.0,unit_payoff,unit_proxy,ok,
matrix_transformer,masked_reconstruction,10,fold_2,1,20,test,10,28506,10,14491,0.1762473259264371,-9383.0,-9383.0,-568.0,-568.0,unit_payoff,unit_proxy,ok,
matrix_transformer,masked_reconstruction,10,fold_2,2,20,test,0,28516,0,14603,0.18920769704855167,-9077.0,-9077.0,0.0,0.0,unit_payoff,unit_proxy,ok,
matrix_transformer,masked_reconstruction,10,fold_2,2,20,test,1,28515,1,14603,0.18694788742039306,-9143.0,-9143.0,-66.0,-66.0,unit_payoff,unit_proxy,ok,
matrix_transformer,masked_reconstruction,10,fold_2,2,20,test,2,28514,2,14603,0.18092172841197016,-9319.0,-9319.0,-242.0,-242.0,unit_payoff,unit_proxy,ok,
matrix_transformer,masked_reconstruction,10,fold_2,2,20,test,5,28511,5,14603,0.17879887694309388,-9381.0,-9381.0,-304.0,-304.0,unit_payoff,unit_proxy,ok,
matrix_transformer,masked_reconstruction,10,fold_2,2,20,test,10,28506,10,14603,0.17927823050058206,-9367.0,-9367.0,-290.0,-290.0,unit_payoff,unit_proxy,ok,
matrix_transformer,masked_reconstruction,10,fold_3,0,20,test,0,37004,0,21487,0.22157583655233398,-11965.0,-11965.0,0.0,0.0,unit_payoff,unit_proxy,ok,
matrix_transformer,masked_reconstruction,10,fold_3,0,20,test,1,37003,1,21487,0.22250663191697306,-11925.0,-11925.0,40.0,40.0,unit_payoff,unit_proxy,ok,
matrix_transformer,masked_reconstruction,10,fold_3,0,20,test,2,37002,2,21487,0.2108716898589845,-12425.0,-12425.0,-460.0,-460.0,unit_payoff,unit_proxy,ok,
matrix_transformer,masked_reconstruction,10,fold_3,0,20,test,5,36999,5,21487,0.20528691767115,-12665.0,-12665.0,-700.0,-700.0,unit_payoff,unit_proxy,ok,
matrix_transformer,masked_reconstruction,10,fold_3,0,20,test,10,36994,10,21487,0.2054730767440778,-12657.0,-12657.0,-692.0,-692.0,unit_payoff,unit_proxy,ok,
matrix_transformer,masked_reconstruction,10,fold_3,1,20,test,0,37004,0,22981,0.2256646795178626,-12609.0,-12609.0,0.0,0.0,unit_payoff,unit_proxy,ok,
matrix_transformer,masked_reconstruction,10,fold_3,1,20,test,1,37003,1,22981,0.22453331012575606,-12661.0,-12661.0,-52.0,-52.0,unit_payoff,unit_proxy,ok,
matrix_transformer,masked_reconstruction,10,fold_3,1,20,test,2,37002,2,22981,0.21561289761107003,-13071.0,-13071.0,-462.0,-462.0,unit_payoff,unit_proxy,ok,
matrix_transformer,masked_reconstruction,10,fold_3,1,20,test,5,36999,5,22981,0.2106957921761455,-13297.0,-13297.0,-688.0,-688.0,unit_payoff,unit_proxy,ok,
matrix_transformer,masked_reconstruction,10,fold_3,1,20,test,10,36994,10,22981,0.2106522779687568,-13299.0,-13299.0,-690.0,-690.0,unit_payoff,unit_proxy,ok,
matrix_transformer,masked_reconstruction,10,fold_3,2,20,test,0,37004,0,23266,0.2194188945241984,-13056.0,-13056.0,0.0,0.0,unit_payoff,unit_proxy,ok,
matrix_transformer,masked_reconstruction,10,fold_3,2,20,test,1,37003,1,23266,0.2180864781225823,-13118.0,-13118.0,-62.0,-62.0,unit_payoff,unit_proxy,ok,
matrix_transformer,masked_reconstruction,10,fold_3,2,20,test,2,37002,2,23266,0.21159632081148458,-13420.0,-13420.0,-364.0,-364.0,unit_payoff,unit_proxy,ok,
matrix_transformer,masked_reconstruction,10,fold_3,2,20,test,5,36999,5,23266,0.20785695865211037,-13594.0,-13594.0,-538.0,-538.0,unit_payoff,unit_proxy,ok,
matrix_transformer,masked_reconstruction,10,fold_3,2,20,test,10,36994,10,23266,0.20747012808389925,-13612.0,-13612.0,-556.0,-556.0,unit_payoff,unit_proxy,ok,
matrix_transformer,masked_reconstruction,10,fold_4,0,20,test,0,34766,0,16219,0.22584622973056293,-8893.0,-8893.0,0.0,0.0,unit_payoff,unit_proxy,ok,
matrix_transformer,masked_reconstruction,10,fold_4,0,20,test,1,34765,1,16219,0.22584622973056293,-8893.0,-8893.0,0.0,0.0,unit_payoff,unit_proxy,ok,
matrix_transformer,masked_reconstruction,10,fold_4,0,20,test,2,34764,2,16219,0.21758431469264444,-9161.0,-9161.0,-268.0,-268.0,unit_payoff,unit_proxy,ok,
matrix_transformer,masked_reconstruction,10,fold_4,0,20,test,5,34761,5,16219,0.2068561563598249,-9509.0,-9509.0,-616.0,-616.0,unit_payoff,unit_proxy,ok,
matrix_transformer,masked_reconstruction,10,fold_4,0,20,test,10,34756,10,16219,0.2049448178062766,-9571.0,-9571.0,-678.0,-678.0,unit_payoff,unit_proxy,ok,
matrix_transformer,masked_reconstruction,10,fold_4,1,20,test,0,34766,0,20063,0.23331505756865872,-10701.0,-10701.0,0.0,0.0,unit_payoff,unit_proxy,ok,
matrix_transformer,masked_reconstruction,10,fold_4,1,20,test,1,34765,1,20063,0.23231819767731646,-10741.0,-10741.0,-40.0,-40.0,unit_payoff,unit_proxy,ok,
matrix_transformer,masked_reconstruction,10,fold_4,1,20,test,2,34764,2,20063,0.2219010118127897,-11159.0,-11159.0,-458.0,-458.0,unit_payoff,unit_proxy,ok,
matrix_transformer,masked_reconstruction,10,fold_4,1,20,test,5,34761,5,20063,0.21686686936151123,-11361.0,-11361.0,-660.0,-660.0,unit_payoff,unit_proxy,ok,
matrix_transformer,masked_reconstruction,10,fold_4,1,20,test,10,34756,10,20063,0.21143398295369586,-11579.0,-11579.0,-878.0,-878.0,unit_payoff,unit_proxy,ok,
matrix_transformer,masked_reconstruction,10,fold_4,2,20,test,0,34766,0,19362,0.2111352133044107,-11186.0,-11186.0,0.0,0.0,unit_payoff,unit_proxy,ok,
matrix_transformer,masked_reconstruction,10,fold_4,2,20,test,1,34765,1,19362,0.21005061460592914,-11228.0,-11228.0,-42.0,-42.0,unit_payoff,unit_proxy,ok,
matrix_transformer,masked_reconstruction,10,fold_4,2,20,test,2,34764,2,19362,0.20514409668422684,-11418.0,-11418.0,-232.0,-232.0,unit_payoff,unit_proxy,ok,
matrix_transformer,masked_reconstruction,10,fold_4,2,20,test,5,34761,5,19362,0.20400785042867473,-11462.0,-11462.0,-276.0,-276.0,unit_payoff,unit_proxy,ok,
matrix_transformer,masked_reconstruction,10,fold_4,2,20,test,10,34756,10,19362,0.2016320628034294,-11554.0,-11554.0,-368.0,-368.0,unit_payoff,unit_proxy,ok,
matrix_transformer,masked_reconstruction,10,fold_5,0,20,test,0,39133,0,7626,0.19184369263047468,-4700.0,-4700.0,0.0,0.0,unit_payoff,unit_proxy,ok,
matrix_transformer,masked_reconstruction,10,fold_5,0,20,test,1,39132,1,7626,0.1977445580907422,-4610.0,-4610.0,90.0,90.0,unit_payoff,unit_proxy,ok,
matrix_transformer,masked_reconstruction,10,fold_5,0,20,test,2,39131,2,7626,0.1942040388145817,-4664.0,-4664.0,36.0,36.0,unit_payoff,unit_proxy,ok,
matrix_transformer,masked_reconstruction,10,fold_5,0,20,test,5,39128,5,7626,0.1911880409126672,-4710.0,-4710.0,-10.0,-10.0,unit_payoff,unit_proxy,ok,
matrix_transformer,masked_reconstruction,10,fold_5,0,20,test,10,39123,10,7626,0.1881720430107527,-4756.0,-4756.0,-56.0,-56.0,unit_payoff,unit_proxy,ok,
matrix_transformer,masked_reconstruction,10,fold_5,1,20,test,0,39133,0,19659,0.2294623327737932,-10637.0,-10637.0,0.0,0.0,unit_payoff,unit_proxy,ok,
matrix_transformer,masked_reconstruction,10,fold_5,1,20,test,1,39132,1,19659,0.2227478508571138,-10901.0,-10901.0,-264.0,-264.0,unit_payoff,unit_proxy,ok,
matrix_transformer,masked_reconstruction,10,fold_5,1,20,test,2,39131,2,19659,0.21679637824914796,-11135.0,-11135.0,-498.0,-498.0,unit_payoff,unit_proxy,ok,
matrix_transformer,masked_reconstruction,10,fold_5,1,20,test,5,39128,5,19659,0.21313393356732285,-11279.0,-11279.0,-642.0,-642.0,unit_payoff,unit_proxy,ok,
matrix_transformer,masked_reconstruction,10,fold_5,1,20,test,10,39123,10,19659,0.21155704766264816,-11341.0,-11341.0,-704.0,-704.0,unit_payoff,unit_proxy,ok,
matrix_transformer,masked_reconstruction,10,fold_5,2,20,test,0,39133,0,15307,0.23897563206376168,-7991.0,-7991.0,0.0,0.0,unit_payoff,unit_proxy,ok,
matrix_transformer,masked_reconstruction,10,fold_5,2,20,test,1,39132,1,15307,0.23662376690403084,-8063.0,-8063.0,-72.0,-72.0,unit_payoff,unit_proxy,ok,
matrix_transformer,masked_reconstruction,10,fold_5,2,20,test,2,39131,2,15307,0.22649768079963414,-8373.0,-8373.0,-382.0,-382.0,unit_payoff,unit_proxy,ok,
matrix_transformer,masked_reconstruction,10,fold_5,2,20,test,5,39128,5,15307,0.2187887894427386,-8609.0,-8609.0,-618.0,-618.0,unit_payoff,unit_proxy,ok,
matrix_transformer,masked_reconstruction,10,fold_5,2,20,test,10,39123,10,15307,0.21369308159665512,-8765.0,-8765.0,-774.0,-774.0,unit_payoff,unit_proxy,ok,
matrix_transformer,masked_reconstruction,20,fold_1,0,20,test,0,38378,0,27457,0.29446042903449027,-11287.0,-11287.0,0.0,0.0,unit_payoff,unit_proxy,ok,
matrix_transformer,masked_reconstruction,20,fold_1,0,20,test,1,38377,1,27456,0.29013694638694637,-11524.0,-11524.0,-237.0,-237.0,unit_payoff,unit_proxy,ok,
matrix_transformer,masked_reconstruction,20,fold_1,0,20,test,2,38376,2,27455,0.28329994536514297,-11899.0,-11899.0,-612.0,-612.0,unit_payoff,unit_proxy,ok,
matrix_transformer,masked_reconstruction,20,fold_1,0,20,test,5,38373,5,27452,0.2796153285735101,-12100.0,-12100.0,-813.0,-813.0,unit_payoff,unit_proxy,ok,
matrix_transformer,masked_reconstruction,20,fold_1,0,20,test,10,38368,10,27447,0.2789740226618574,-12133.0,-12133.0,-846.0,-846.0,unit_payoff,unit_proxy,ok,
matrix_transformer,masked_reconstruction,20,fold_1,1,20,test,0,38378,0,18795,0.26241021548284116,-8931.0,-8931.0,0.0,0.0,unit_payoff,unit_proxy,ok,
matrix_transformer,masked_reconstruction,20,fold_1,1,20,test,1,38377,1,18795,0.26097366320830007,-8985.0,-8985.0,-54.0,-54.0,unit_payoff,unit_proxy,ok,
matrix_transformer,masked_reconstruction,20,fold_1,1,20,test,2,38376,2,18795,0.25836658685820696,-9083.0,-9083.0,-152.0,-152.0,unit_payoff,unit_proxy,ok,
matrix_transformer,masked_reconstruction,20,fold_1,1,20,test,5,38373,5,18795,0.2587390263367917,-9069.0,-9069.0,-138.0,-138.0,unit_payoff,unit_proxy,ok,
matrix_transformer,masked_reconstruction,20,fold_1,1,20,test,10,38368,10,18795,0.2567172120244746,-9145.0,-9145.0,-214.0,-214.0,unit_payoff,unit_proxy,ok,
matrix_transformer,masked_reconstruction,20,fold_1,2,20,test,0,38378,0,18971,0.25781455906383427,-9189.0,-9189.0,0.0,0.0,unit_payoff,unit_proxy,ok,
matrix_transformer,masked_reconstruction,20,fold_1,2,20,test,1,38377,1,18971,0.2576564229613621,-9195.0,-9195.0,-6.0,-6.0,unit_payoff,unit_proxy,ok,
matrix_transformer,masked_reconstruction,20,fold_1,2,20,test,2,38376,2,18971,0.2572874387222603,-9209.0,-9209.0,-20.0,-20.0,unit_payoff,unit_proxy,ok,
matrix_transformer,masked_reconstruction,20,fold_1,2,20,test,5,38373,5,18971,0.2568130304148437,-9227.0,-9227.0,-38.0,-38.0,unit_payoff,unit_proxy,ok,
matrix_transformer,masked_reconstruction,20,fold_1,2,20,test,10,38368,10,18971,0.2556533656633809,-9271.0,-9271.0,-82.0,-82.0,unit_payoff,unit_proxy,ok,
matrix_transformer,masked_reconstruction,20,fold_2,0,20,test,0,28516,0,14420,0.2667822468793343,-6726.0,-6726.0,0.0,0.0,unit_payoff,unit_proxy,ok,
matrix_transformer,masked_reconstruction,20,fold_2,0,20,test,1,28515,1,14420,0.2588072122052705,-6956.0,-6956.0,-230.0,-230.0,unit_payoff,unit_proxy,ok,
matrix_transformer,masked_reconstruction,20,fold_2,0,20,test,2,28514,2,14420,0.24653259361997226,-7310.0,-7310.0,-584.0,-584.0,unit_payoff,unit_proxy,ok,
matrix_transformer,masked_reconstruction,20,fold_2,0,20,test,5,28511,5,14420,0.24459084604715672,-7366.0,-7366.0,-640.0,-640.0,unit_payoff,unit_proxy,ok,
matrix_transformer,masked_reconstruction,20,fold_2,0,20,test,10,28506,10,14420,0.2421636615811373,-7436.0,-7436.0,-710.0,-710.0,unit_payoff,unit_proxy,ok,
matrix_transformer,masked_reconstruction,20,fold_2,1,20,test,0,28516,0,14604,0.2529443987948507,-7216.0,-7216.0,0.0,0.0,unit_payoff,unit_proxy,ok,
matrix_transformer,masked_reconstruction,20,fold_2,1,20,test,1,28515,1,14604,0.24890440975075323,-7334.0,-7334.0,-118.0,-118.0,unit_payoff,unit_proxy,ok,
matrix_transformer,masked_reconstruction,20,fold_2,1,20,test,2,28514,2,14604,0.24157764995891537,-7548.0,-7548.0,-332.0,-332.0,unit_payoff,unit_proxy,ok,
matrix_transformer,masked_reconstruction,20,fold_2,1,20,test,5,28511,5,14604,0.2410983292248699,-7562.0,-7562.0,-346.0,-346.0,unit_payoff,unit_proxy,ok,
matrix_transformer,masked_reconstruction,20,fold_2,1,20,test,10,28506,10,14604,0.2390440975075322,-7622.0,-7622.0,-406.0,-406.0,unit_payoff,unit_proxy,ok,
matrix_transformer,masked_reconstruction,20,fold_2,2,20,test,0,28516,0,14675,0.24190800681431004,-7575.0,-7575.0,0.0,0.0,unit_payoff,unit_proxy,ok,
matrix_transformer,masked_reconstruction,20,fold_2,2,20,test,1,28515,1,14675,0.24088586030664394,-7605.0,-7605.0,-30.0,-30.0,unit_payoff,unit_proxy,ok,
matrix_transformer,masked_reconstruction,20,fold_2,2,20,test,2,28514,2,14675,0.2389778534923339,-7661.0,-7661.0,-86.0,-86.0,unit_payoff,unit_proxy,ok,
matrix_transformer,masked_reconstruction,20,fold_2,2,20,test,5,28511,5,14675,0.23911413969335604,-7657.0,-7657.0,-82.0,-82.0,unit_payoff,unit_proxy,ok,
matrix_transformer,masked_reconstruction,20,fold_2,2,20,test,10,28506,10,14675,0.23816013628620103,-7685.0,-7685.0,-110.0,-110.0,unit_payoff,unit_proxy,ok,
matrix_transformer,masked_reconstruction,20,fold_3,0,20,test,0,37004,0,26810,0.29164490861618797,-11172.0,-11172.0,0.0,0.0,unit_payoff,unit_proxy,ok,
matrix_transformer,masked_reconstruction,20,fold_3,0,20,test,1,37003,1,26810,0.2884744498321522,-11342.0,-11342.0,-170.0,-170.0,unit_payoff,unit_proxy,ok,
matrix_transformer,masked_reconstruction,20,fold_3,0,20,test,2,37002,2,26810,0.2844461022006714,-11558.0,-11558.0,-386.0,-386.0,unit_payoff,unit_proxy,ok,
matrix_transformer,masked_reconstruction,20,fold_3,0,20,test,5,36999,5,26807,0.28160555078897304,-11709.0,-11709.0,-537.0,-537.0,unit_payoff,unit_proxy,ok,
matrix_transformer,masked_reconstruction,20,fold_3,0,20,test,10,36994,10,26804,0.27854051634084465,-11872.0,-11872.0,-700.0,-700.0,unit_payoff,unit_proxy,ok,
matrix_transformer,masked_reconstruction,20,fold_3,1,20,test,0,37004,0,26513,0.31177158375136726,-9981.0,-9981.0,0.0,0.0,unit_payoff,unit_proxy,ok,
matrix_transformer,masked_reconstruction,20,fold_3,1,20,test,1,37003,1,26513,0.3053219175498812,-10323.0,-10323.0,-342.0,-342.0,unit_payoff,unit_proxy,ok,
matrix_transformer,masked_reconstruction,20,fold_3,1,20,test,2,37002,2,26513,0.2931769320710595,-10967.0,-10967.0,-986.0,-986.0,unit_payoff,unit_proxy,ok,
matrix_transformer,masked_reconstruction,20,fold_3,1,20,test,5,36999,5,26513,0.286840417908196,-11303.0,-11303.0,-1322.0,-1322.0,unit_payoff,unit_proxy,ok,
matrix_transformer,masked_reconstruction,20,fold_3,1,20,test,10,36994,10,26513,0.28461509448195227,-11421.0,-11421.0,-1440.0,-1440.0,unit_payoff,unit_proxy,ok,
matrix_transformer,masked_reconstruction,20,fold_3,2,20,test,0,37004,0,26300,0.3002281368821293,-10508.0,-10508.0,0.0,0.0,unit_payoff,unit_proxy,ok,
matrix_transformer,masked_reconstruction,20,fold_3,2,20,test,1,37003,1,26300,0.295361216730038,-10764.0,-10764.0,-256.0,-256.0,unit_payoff,unit_proxy,ok,
matrix_transformer,masked_reconstruction,20,fold_3,2,20,test,2,37002,2,26300,0.2856273764258555,-11276.0,-11276.0,-768.0,-768.0,unit_payoff,unit_proxy,ok,
matrix_transformer,masked_reconstruction,20,fold_3,2,20,test,5,36999,5,26300,0.2802661596958175,-11558.0,-11558.0,-1050.0,-1050.0,unit_payoff,unit_proxy,ok,
matrix_transformer,masked_reconstruction,20,fold_3,2,20,test,10,36994,10,26300,0.27608365019011405,-11778.0,-11778.0,-1270.0,-1270.0,unit_payoff,unit_proxy,ok,
matrix_transformer,masked_reconstruction,20,fold_4,0,20,test,0,34766,0,23526,0.32823259372609026,-8082.0,-8082.0,0.0,0.0,unit_payoff,unit_proxy,ok,
matrix_transformer,masked_reconstruction,20,fold_4,0,20,test,1,34765,1,23526,0.3222392246875797,-8364.0,-8364.0,-282.0,-282.0,unit_payoff,unit_proxy,ok,
matrix_transformer,masked_reconstruction,20,fold_4,0,20,test,2,34764,2,23525,0.3106907545164718,-8907.0,-8907.0,-825.0,-825.0,unit_payoff,unit_proxy,ok,
matrix_transformer,masked_reconstruction,20,fold_4,0,20,test,5,34761,5,23522,0.3052036391463311,-9164.0,-9164.0,-1082.0,-1082.0,unit_payoff,unit_proxy,ok,
matrix_transformer,masked_reconstruction,20,fold_4,0,20,test,10,34756,10,23517,0.2990602542841349,-9451.0,-9451.0,-1369.0,-1369.0,unit_payoff,unit_proxy,ok,
matrix_transformer,masked_reconstruction,20,fold_4,1,20,test,0,34766,0,28697,0.3287800118479284,-9827.0,-9827.0,0.0,0.0,unit_payoff,unit_proxy,ok,
matrix_transformer,masked_reconstruction,20,fold_4,1,20,test,1,34765,1,28697,0.31975467818935777,-10345.0,-10345.0,-518.0,-518.0,unit_payoff,unit_proxy,ok,
matrix_transformer,masked_reconstruction,20,fold_4,1,20,test,2,34764,2,28696,0.30742960691385557,-11052.0,-11052.0,-1225.0,-1225.0,unit_payoff,unit_proxy,ok,
matrix_transformer,masked_reconstruction,20,fold_4,1,20,test,5,34761,5,28693,0.30097933293834733,-11421.0,-11421.0,-1594.0,-1594.0,unit_payoff,unit_proxy,ok,
matrix_transformer,masked_reconstruction,20,fold_4,1,20,test,10,34756,10,28688,0.29399051868377024,-11820.0,-11820.0,-1993.0,-1993.0,unit_payoff,unit_proxy,ok,
matrix_transformer,masked_reconstruction,20,fold_4,2,20,test,0,34766,0,26030,0.32646945831732616,-9034.0,-9034.0,0.0,0.0,unit_payoff,unit_proxy,ok,
matrix_transformer,masked_reconstruction,20,fold_4,2,20,test,1,34765,1,26030,0.3215904725316942,-9288.0,-9288.0,-254.0,-254.0,unit_payoff,unit_proxy,ok,
matrix_transformer,masked_reconstruction,20,fold_4,2,20,test,2,34764,2,26029,0.3097698720657728,-9903.0,-9903.0,-869.0,-869.0,unit_payoff,unit_proxy,ok,
matrix_transformer,masked_reconstruction,20,fold_4,2,20,test,5,34761,5,26026,0.30050718512256974,-10384.0,-10384.0,-1350.0,-1350.0,unit_payoff,unit_proxy,ok,
matrix_transformer,masked_reconstruction,20,fold_4,2,20,test,10,34756,10,26021,0.29103416471311633,-10875.0,-10875.0,-1841.0,-1841.0,unit_payoff,unit_proxy,ok,
matrix_transformer,masked_reconstruction,20,fold_5,0,20,test,0,39133,0,22505,0.3123305932015108,-8447.0,-8447.0,0.0,0.0,unit_payoff,unit_proxy,ok,
matrix_transformer,masked_reconstruction,20,fold_5,0,20,test,1,39132,1,22505,0.30686514107976004,-8693.0,-8693.0,-246.0,-246.0,unit_payoff,unit_proxy,ok,
matrix_transformer,masked_reconstruction,20,fold_5,0,20,test,2,39131,2,22505,0.2968673628082648,-9143.0,-9143.0,-696.0,-696.0,unit_payoff,unit_proxy,ok,
matrix_transformer,masked_reconstruction,20,fold_5,0,20,test,5,39128,5,22505,0.2933125972006221,-9303.0,-9303.0,-856.0,-856.0,unit_payoff,unit_proxy,ok,
matrix_transformer,masked_reconstruction,20,fold_5,0,20,test,10,39123,10,22505,0.28629193512552764,-9619.0,-9619.0,-1172.0,-1172.0,unit_payoff,unit_proxy,ok,
matrix_transformer,masked_reconstruction,20,fold_5,1,20,test,0,39133,0,24112,0.31494691439946915,-8924.0,-8924.0,0.0,0.0,unit_payoff,unit_proxy,ok,
matrix_transformer,masked_reconstruction,20,fold_5,1,20,test,1,39132,1,24112,0.3077305905773059,-9272.0,-9272.0,-348.0,-348.0,unit_payoff,unit_proxy,ok,
matrix_transformer,masked_reconstruction,20,fold_5,1,20,test,2,39131,2,24112,0.29665726609157267,-9806.0,-9806.0,-882.0,-882.0,unit_payoff,unit_proxy,ok,
matrix_transformer,masked_reconstruction,20,fold_5,1,20,test,5,39128,5,24112,0.2899386197743862,-10130.0,-10130.0,-1206.0,-1206.0,unit_payoff,unit_proxy,ok,
matrix_transformer,masked_reconstruction,20,fold_5,1,20,test,10,39123,10,24112,0.28288818845388186,-10470.0,-10470.0,-1546.0,-1546.0,unit_payoff,unit_proxy,ok,
matrix_transformer,masked_reconstruction,20,fold_5,2,20,test,0,39133,0,24864,0.33047779922779924,-8430.0,-8430.0,0.0,0.0,unit_payoff,unit_proxy,ok,
matrix_transformer,masked_reconstruction,20,fold_5,2,20,test,1,39132,1,24864,0.3211470398970399,-8894.0,-8894.0,-464.0,-464.0,unit_payoff,unit_proxy,ok,
matrix_transformer,masked_reconstruction,20,fold_5,2,20,test,2,39131,2,24864,0.30328989703989706,-9782.0,-9782.0,-1352.0,-1352.0,unit_payoff,unit_proxy,ok,
matrix_transformer,masked_reconstruction,20,fold_5,2,20,test,5,39128,5,24863,0.29437316494389254,-10225.0,-10225.0,-1795.0,-1795.0,unit_payoff,unit_proxy,ok,
matrix_transformer,masked_reconstruction,20,fold_5,2,20,test,10,39123,10,24863,0.28757591601978844,-10563.0,-10563.0,-2133.0,-2133.0,unit_payoff,unit_proxy,ok,
matrix_transformer,masked_reconstruction,50,fold_1,0,20,test,0,38378,0,31725,0.42565799842395585,-4717.0,-4717.0,0.0,0.0,unit_payoff,unit_proxy,ok,
matrix_transformer,masked_reconstruction,50,fold_1,0,20,test,1,38377,1,31724,0.4209431345353675,-5016.0,-5016.0,-299.0,-299.0,unit_payoff,unit_proxy,ok,
matrix_transformer,masked_reconstruction,50,fold_1,0,20,test,2,38376,2,31723,0.41534533303911986,-5371.0,-5371.0,-654.0,-654.0,unit_payoff,unit_proxy,ok,
matrix_transformer,masked_reconstruction,50,fold_1,0,20,test,5,38373,5,31720,0.3949873896595208,-6662.0,-6662.0,-1945.0,-1945.0,unit_payoff,unit_proxy,ok,
matrix_transformer,masked_reconstruction,50,fold_1,0,20,test,10,38368,10,31715,0.3838562194545168,-7367.0,-7367.0,-2650.0,-2650.0,unit_payoff,unit_proxy,ok,
matrix_transformer,masked_reconstruction,50,fold_1,1,20,test,0,38378,0,38372,0.37066089857187534,-9926.0,-9926.0,0.0,0.0,unit_payoff,unit_proxy,ok,
matrix_transformer,masked_reconstruction,50,fold_1,1,20,test,1,38377,1,38371,0.3689505094993615,-10057.0,-10057.0,-131.0,-131.0,unit_payoff,unit_proxy,ok,
matrix_transformer,masked_reconstruction,50,fold_1,1,20,test,2,38376,2,38370,0.3663539223351577,-10256.0,-10256.0,-330.0,-330.0,unit_payoff,unit_proxy,ok,
matrix_transformer,masked_reconstruction,50,fold_1,1,20,test,5,38373,5,38367,0.356217582818568,-11033.0,-11033.0,-1107.0,-1107.0,unit_payoff,unit_proxy,ok,
matrix_transformer,masked_reconstruction,50,fold_1,1,20,test,10,38368,10,38362,0.3519889473958605,-11356.0,-11356.0,-1430.0,-1430.0,unit_payoff,unit_proxy,ok,
matrix_transformer,masked_reconstruction,50,fold_1,2,20,test,0,38378,0,33672,0.4200522689474935,-5384.0,-5384.0,0.0,0.0,unit_payoff,unit_proxy,ok,
matrix_transformer,masked_reconstruction,50,fold_1,2,20,test,1,38377,1,33671,0.4157286685872115,-5675.0,-5675.0,-291.0,-291.0,unit_payoff,unit_proxy,ok,
matrix_transformer,masked_reconstruction,50,fold_1,2,20,test,2,38376,2,33670,0.41075141075141075,-6010.0,-6010.0,-626.0,-626.0,unit_payoff,unit_proxy,ok,
matrix_transformer,masked_reconstruction,50,fold_1,2,20,test,5,38373,5,33667,0.3894911931565034,-7441.0,-7441.0,-2057.0,-2057.0,unit_payoff,unit_proxy,ok,
matrix_transformer,masked_reconstruction,50,fold_1,2,20,test,10,38368,10,33662,0.37826035292020677,-8196.0,-8196.0,-2812.0,-2812.0,unit_payoff,unit_proxy,ok,
matrix_transformer,masked_reconstruction,50,fold_2,0,20,test,0,28516,0,21491,0.3860685868503094,-4897.0,-4897.0,0.0,0.0,unit_payoff,unit_proxy,ok,
matrix_transformer,masked_reconstruction,50,fold_2,0,20,test,1,28515,1,21491,0.3831836582755572,-5021.0,-5021.0,-124.0,-124.0,unit_payoff,unit_proxy,ok,
matrix_transformer,masked_reconstruction,50,fold_2,0,20,test,2,28514,2,21491,0.3797403564282723,-5169.0,-5169.0,-272.0,-272.0,unit_payoff,unit_proxy,ok,
matrix_transformer,masked_reconstruction,50,fold_2,0,20,test,5,28511,5,21491,0.36066260295007213,-5989.0,-5989.0,-1092.0,-1092.0,unit_payoff,unit_proxy,ok,
matrix_transformer,masked_reconstruction,50,fold_2,0,20,test,10,28506,10,21491,0.35098413289283886,-6405.0,-6405.0,-1508.0,-1508.0,unit_payoff,unit_proxy,ok,
matrix_transformer,masked_reconstruction,50,fold_2,1,20,test,0,28516,0,20282,0.4134207671827236,-3512.0,-3512.0,0.0,0.0,unit_payoff,unit_proxy,ok,
matrix_transformer,masked_reconstruction,50,fold_2,1,20,test,1,28515,1,20282,0.4083916773493738,-3716.0,-3716.0,-204.0,-204.0,unit_payoff,unit_proxy,ok,
matrix_transformer,masked_reconstruction,50,fold_2,1,20,test,2,28514,2,20282,0.4004042993787595,-4040.0,-4040.0,-528.0,-528.0,unit_payoff,unit_proxy,ok,
matrix_transformer,masked_reconstruction,50,fold_2,1,20,test,5,28511,5,20282,0.36929296913519377,-5302.0,-5302.0,-1790.0,-1790.0,unit_payoff,unit_proxy,ok,
matrix_transformer,masked_reconstruction,50,fold_2,1,20,test,10,28506,10,20282,0.3550438812740361,-5880.0,-5880.0,-2368.0,-2368.0,unit_payoff,unit_proxy,ok,
matrix_transformer,masked_reconstruction,50,fold_2,2,20,test,0,28516,0,19168,0.3805822203672788,-4578.0,-4578.0,0.0,0.0,unit_payoff,unit_proxy,ok,
matrix_transformer,masked_reconstruction,50,fold_2,2,20,test,1,28515,1,19168,0.3779737061769616,-4678.0,-4678.0,-100.0,-100.0,unit_payoff,unit_proxy,ok,
matrix_transformer,masked_reconstruction,50,fold_2,2,20,test,2,28514,2,19168,0.37400876460767946,-4830.0,-4830.0,-252.0,-252.0,unit_payoff,unit_proxy,ok,
matrix_transformer,masked_reconstruction,50,fold_2,2,20,test,5,28511,5,19168,0.3572621035058431,-5472.0,-5472.0,-894.0,-894.0,unit_payoff,unit_proxy,ok,
matrix_transformer,masked_reconstruction,50,fold_2,2,20,test,10,28506,10,19168,0.34750626043405675,-5846.0,-5846.0,-1268.0,-1268.0,unit_payoff,unit_proxy,ok,
matrix_transformer,masked_reconstruction,50,fold_3,0,20,test,0,37004,0,30515,0.40681631984270034,-5687.0,-5687.0,0.0,0.0,unit_payoff,unit_proxy,ok,
matrix_transformer,masked_reconstruction,50,fold_3,0,20,test,1,37003,1,30514,0.4035524677197352,-5886.0,-5886.0,-199.0,-199.0,unit_payoff,unit_proxy,ok,
matrix_transformer,masked_reconstruction,50,fold_3,0,20,test,2,37002,2,30513,0.39982958083439846,-6113.0,-6113.0,-426.0,-426.0,unit_payoff,unit_proxy,ok,
matrix_transformer,masked_reconstruction,50,fold_3,0,20,test,5,36999,5,30510,0.38420190101606033,-7066.0,-7066.0,-1379.0,-1379.0,unit_payoff,unit_proxy,ok,
matrix_transformer,masked_reconstruction,50,fold_3,0,20,test,10,36994,10,30505,0.37879036223569906,-7395.0,-7395.0,-1708.0,-1708.0,unit_payoff,unit_proxy,ok,
matrix_transformer,masked_reconstruction,50,fold_3,1,20,test,0,37004,0,30902,0.4156041680150152,-5216.0,-5216.0,0.0,0.0,unit_payoff,unit_proxy,ok,
matrix_transformer,masked_reconstruction,50,fold_3,1,20,test,1,37003,1,30901,0.41183133231934244,-5449.0,-5449.0,-233.0,-233.0,unit_payoff,unit_proxy,ok,
matrix_transformer,masked_reconstruction,50,fold_3,1,20,test,2,37002,2,30900,0.40805825242718446,-5682.0,-5682.0,-466.0,-466.0,unit_payoff,unit_proxy,ok,
matrix_transformer,masked_reconstruction,50,fold_3,1,20,test,5,36999,5,30897,0.38987603974495905,-6805.0,-6805.0,-1589.0,-1589.0,unit_payoff,unit_proxy,ok,
matrix_transformer,masked_reconstruction,50,fold_3,1,20,test,10,36994,10,30892,0.3819435452544348,-7294.0,-7294.0,-2078.0,-2078.0,unit_payoff,unit_proxy,ok,
matrix_transformer,masked_reconstruction,50,fold_3,2,20,test,0,37004,0,29659,0.4275936477966216,-4295.0,-4295.0,0.0,0.0,unit_payoff,unit_proxy,ok,
matrix_transformer,masked_reconstruction,50,fold_3,2,20,test,1,37003,1,29658,0.4222132308314789,-4614.0,-4614.0,-319.0,-319.0,unit_payoff,unit_proxy,ok,
matrix_transformer,masked_reconstruction,50,fold_3,2,20,test,2,37002,2,29657,0.41619179283137203,-4971.0,-4971.0,-676.0,-676.0,unit_payoff,unit_proxy,ok,
matrix_transformer,masked_reconstruction,50,fold_3,2,20,test,5,36999,5,29654,0.39202131247049304,-6404.0,-6404.0,-2109.0,-2109.0,unit_payoff,unit_proxy,ok,
matrix_transformer,masked_reconstruction,50,fold_3,2,20,test,10,36994,10,29649,0.38611757563492866,-6753.0,-6753.0,-2458.0,-2458.0,unit_payoff,unit_proxy,ok,
matrix_transformer,masked_reconstruction,50,fold_4,0,20,test,0,34766,0,27397,0.43059459064861116,-3803.0,-3803.0,0.0,0.0,unit_payoff,unit_proxy,ok,
matrix_transformer,masked_reconstruction,50,fold_4,0,20,test,1,34765,1,27396,0.4279821871806103,-3946.0,-3946.0,-143.0,-143.0,unit_payoff,unit_proxy,ok,
matrix_transformer,masked_reconstruction,50,fold_4,0,20,test,2,34764,2,27395,0.4242745026464683,-4149.0,-4149.0,-346.0,-346.0,unit_payoff,unit_proxy,ok,
matrix_transformer,masked_reconstruction,50,fold_4,0,20,test,5,34761,5,27392,0.4050452686915888,-5202.0,-5202.0,-1399.0,-1399.0,unit_payoff,unit_proxy,ok,
matrix_transformer,masked_reconstruction,50,fold_4,0,20,test,10,34756,10,27387,0.3944572242304743,-5781.0,-5781.0,-1978.0,-1978.0,unit_payoff,unit_proxy,ok,
matrix_transformer,masked_reconstruction,50,fold_4,1,20,test,0,34766,0,30774,0.43630987196984466,-3920.0,-3920.0,0.0,0.0,unit_payoff,unit_proxy,ok,
matrix_transformer,masked_reconstruction,50,fold_4,1,20,test,1,34765,1,30774,0.4335802950542666,-4088.0,-4088.0,-168.0,-168.0,unit_payoff,unit_proxy,ok,
matrix_transformer,masked_reconstruction,50,fold_4,1,20,test,2,34764,2,30773,0.4291424300523186,-4361.0,-4361.0,-441.0,-441.0,unit_payoff,unit_proxy,ok,
matrix_transformer,masked_reconstruction,50,fold_4,1,20,test,5,34761,5,30770,0.4093922651933702,-5576.0,-5576.0,-1656.0,-1656.0,unit_payoff,unit_proxy,ok,
matrix_transformer,masked_reconstruction,50,fold_4,1,20,test,10,34756,10,30765,0.39736713798147244,-6315.0,-6315.0,-2395.0,-2395.0,unit_payoff,unit_proxy,ok,
matrix_transformer,masked_reconstruction,50,fold_4,2,20,test,0,34766,0,31790,0.39971689210443534,-6376.0,-6376.0,0.0,0.0,unit_payoff,unit_proxy,ok,
matrix_transformer,masked_reconstruction,50,fold_4,2,20,test,1,34765,1,31790,0.3973576596413967,-6526.0,-6526.0,-150.0,-150.0,unit_payoff,unit_proxy,ok,
matrix_transformer,masked_reconstruction,50,fold_4,2,20,test,2,34764,2,31789,0.39494793796596306,-6679.0,-6679.0,-303.0,-303.0,unit_payoff,unit_proxy,ok,
matrix_transformer,masked_reconstruction,50,fold_4,2,20,test,5,34761,5,31786,0.3816460076763355,-7524.0,-7524.0,-1148.0,-1148.0,unit_payoff,unit_proxy,ok,
matrix_transformer,masked_reconstruction,50,fold_4,2,20,test,10,34756,10,31781,0.3774896951008464,-7787.0,-7787.0,-1411.0,-1411.0,unit_payoff,unit_proxy,ok,
matrix_transformer,masked_reconstruction,50,fold_5,0,20,test,0,39133,0,32186,0.4295345802522836,-4536.0,-4536.0,0.0,0.0,unit_payoff,unit_proxy,ok,
matrix_transformer,masked_reconstruction,50,fold_5,0,20,test,1,39132,1,32185,0.42613018486872767,-4755.0,-4755.0,-219.0,-219.0,unit_payoff,unit_proxy,ok,
matrix_transformer,masked_reconstruction,50,fold_5,0,20,test,2,39131,2,32184,0.42089236887894604,-5092.0,-5092.0,-556.0,-556.0,unit_payoff,unit_proxy,ok,
matrix_transformer,masked_reconstruction,50,fold_5,0,20,test,5,39128,5,32183,0.3937171798775751,-6841.0,-6841.0,-2305.0,-2305.0,unit_payoff,unit_proxy,ok,
matrix_transformer,masked_reconstruction,50,fold_5,0,20,test,10,39123,10,32178,0.3790477966312387,-7784.0,-7784.0,-3248.0,-3248.0,unit_payoff,unit_proxy,ok,
matrix_transformer,masked_reconstruction,50,fold_5,1,20,test,0,39133,0,29019,0.44622488714290637,-3121.0,-3121.0,0.0,0.0,unit_payoff,unit_proxy,ok,
matrix_transformer,masked_reconstruction,50,fold_5,1,20,test,1,39132,1,29018,0.44055413881039357,-3450.0,-3450.0,-329.0,-329.0,unit_payoff,unit_proxy,ok,
matrix_transformer,masked_reconstruction,50,fold_5,1,20,test,2,39131,2,29017,0.43419374849226317,-3819.0,-3819.0,-698.0,-698.0,unit_payoff,unit_proxy,ok,
matrix_transformer,masked_reconstruction,50,fold_5,1,20,test,5,39128,5,29014,0.4055628317364031,-5480.0,-5480.0,-2359.0,-2359.0,unit_payoff,unit_proxy,ok,
matrix_transformer,masked_reconstruction,50,fold_5,1,20,test,10,39123,10,29009,0.3953945327312213,-6069.0,-6069.0,-2948.0,-2948.0,unit_payoff,unit_proxy,ok,
matrix_transformer,masked_reconstruction,50,fold_5,2,20,test,0,39133,0,31736,0.4390912528358961,-3866.0,-3866.0,0.0,0.0,unit_payoff,unit_proxy,ok,
matrix_transformer,masked_reconstruction,50,fold_5,2,20,test,1,39132,1,31735,0.43371671655900423,-4207.0,-4207.0,-341.0,-341.0,unit_payoff,unit_proxy,ok,
matrix_transformer,masked_reconstruction,50,fold_5,2,20,test,2,39131,2,31734,0.42865696098821454,-4528.0,-4528.0,-662.0,-662.0,unit_payoff,unit_proxy,ok,
matrix_transformer,masked_reconstruction,50,fold_5,2,20,test,5,39128,5,31731,0.4034225205634868,-6129.0,-6129.0,-2263.0,-2263.0,unit_payoff,unit_proxy,ok,
matrix_transformer,masked_reconstruction,50,fold_5,2,20,test,10,39123,10,31727,0.3872726699656444,-7153.0,-7153.0,-3287.0,-3287.0,unit_payoff,unit_proxy,ok,
matrix_transformer,next_field,10,fold_1,0,20,test,0,38378,0,0,,0.0,0.0,0.0,0.0,unit_payoff,unit_proxy,ok,
matrix_transformer,next_field,10,fold_1,0,20,test,1,38377,1,0,,0.0,0.0,0.0,0.0,unit_payoff,unit_proxy,ok,
matrix_transformer,next_field,10,fold_1,0,20,test,2,38376,2,0,,0.0,0.0,0.0,0.0,unit_payoff,unit_proxy,ok,
matrix_transformer,next_field,10,fold_1,0,20,test,5,38373,5,0,,0.0,0.0,0.0,0.0,unit_payoff,unit_proxy,ok,
matrix_transformer,next_field,10,fold_1,0,20,test,10,38368,10,0,,0.0,0.0,0.0,0.0,unit_payoff,unit_proxy,ok,
matrix_transformer,next_field,10,fold_1,1,20,test,0,38378,0,0,,0.0,0.0,0.0,0.0,unit_payoff,unit_proxy,ok,
matrix_transformer,next_field,10,fold_1,1,20,test,1,38377,1,0,,0.0,0.0,0.0,0.0,unit_payoff,unit_proxy,ok,
matrix_transformer,next_field,10,fold_1,1,20,test,2,38376,2,0,,0.0,0.0,0.0,0.0,unit_payoff,unit_proxy,ok,
matrix_transformer,next_field,10,fold_1,1,20,test,5,38373,5,0,,0.0,0.0,0.0,0.0,unit_payoff,unit_proxy,ok,
matrix_transformer,next_field,10,fold_1,1,20,test,10,38368,10,0,,0.0,0.0,0.0,0.0,unit_payoff,unit_proxy,ok,
matrix_transformer,next_field,10,fold_1,2,20,test,0,38378,0,0,,0.0,0.0,0.0,0.0,unit_payoff,unit_proxy,ok,
matrix_transformer,next_field,10,fold_1,2,20,test,1,38377,1,0,,0.0,0.0,0.0,0.0,unit_payoff,unit_proxy,ok,
matrix_transformer,next_field,10,fold_1,2,20,test,2,38376,2,0,,0.0,0.0,0.0,0.0,unit_payoff,unit_proxy,ok,
matrix_transformer,next_field,10,fold_1,2,20,test,5,38373,5,0,,0.0,0.0,0.0,0.0,unit_payoff,unit_proxy,ok,
matrix_transformer,next_field,10,fold_1,2,20,test,10,38368,10,0,,0.0,0.0,0.0,0.0,unit_payoff,unit_proxy,ok,
matrix_transformer,next_field,10,fold_2,0,20,test,0,28516,0,1454,0.2297111416781293,-786.0,-786.0,0.0,0.0,unit_payoff,unit_proxy,ok,
matrix_transformer,next_field,10,fold_2,0,20,test,1,28515,1,1454,0.23521320495185694,-770.0,-770.0,16.0,16.0,unit_payoff,unit_proxy,ok,
matrix_transformer,next_field,10,fold_2,0,20,test,2,28514,2,1454,0.21664374140302614,-824.0,-824.0,-38.0,-38.0,unit_payoff,unit_proxy,ok,
matrix_transformer,next_field,10,fold_2,0,20,test,5,28511,5,1454,0.2077028885832187,-850.0,-850.0,-64.0,-64.0,unit_payoff,unit_proxy,ok,
matrix_transformer,next_field,10,fold_2,0,20,test,10,28506,10,1454,0.21939477303988997,-816.0,-816.0,-30.0,-30.0,unit_payoff,unit_proxy,ok,
matrix_transformer,next_field,10,fold_2,1,20,test,0,28516,0,2,0.0,-2.0,-2.0,0.0,0.0,unit_payoff,unit_proxy,ok,
matrix_transformer,next_field,10,fold_2,1,20,test,1,28515,1,2,0.5,0.0,0.0,2.0,2.0,unit_payoff,unit_proxy,ok,
matrix_transformer,next_field,10,fold_2,1,20,test,2,28514,2,2,0.0,-2.0,-2.0,0.0,0.0,unit_payoff,unit_proxy,ok,
matrix_transformer,next_field,10,fold_2,1,20,test,5,28511,5,2,0.0,-2.0,-2.0,0.0,0.0,unit_payoff,unit_proxy,ok,
matrix_transformer,next_field,10,fold_2,1,20,test,10,28506,10,2,0.5,0.0,0.0,2.0,2.0,unit_payoff,unit_proxy,ok,
matrix_transformer,next_field,10,fold_2,2,20,test,0,28516,0,0,,0.0,0.0,0.0,0.0,unit_payoff,unit_proxy,ok,
matrix_transformer,next_field,10,fold_2,2,20,test,1,28515,1,0,,0.0,0.0,0.0,0.0,unit_payoff,unit_proxy,ok,
matrix_transformer,next_field,10,fold_2,2,20,test,2,28514,2,0,,0.0,0.0,0.0,0.0,unit_payoff,unit_proxy,ok,
matrix_transformer,next_field,10,fold_2,2,20,test,5,28511,5,0,,0.0,0.0,0.0,0.0,unit_payoff,unit_proxy,ok,
matrix_transformer,next_field,10,fold_2,2,20,test,10,28506,10,0,,0.0,0.0,0.0,0.0,unit_payoff,unit_proxy,ok,
matrix_transformer,next_field,10,fold_3,0,20,test,0,37004,0,7,0.0,-7.0,-7.0,0.0,0.0,unit_payoff,unit_proxy,ok,
matrix_transformer,next_field,10,fold_3,0,20,test,1,37003,1,7,0.0,-7.0,-7.0,0.0,0.0,unit_payoff,unit_proxy,ok,
matrix_transformer,next_field,10,fold_3,0,20,test,2,37002,2,7,0.14285714285714285,-5.0,-5.0,2.0,2.0,unit_payoff,unit_proxy,ok,
matrix_transformer,next_field,10,fold_3,0,20,test,5,36999,5,7,0.42857142857142855,-1.0,-1.0,6.0,6.0,unit_payoff,unit_proxy,ok,
matrix_transformer,next_field,10,fold_3,0,20,test,10,36994,10,7,0.14285714285714285,-5.0,-5.0,2.0,2.0,unit_payoff,unit_proxy,ok,
matrix_transformer,next_field,10,fold_3,1,20,test,0,37004,0,420,0.1380952380952381,-304.0,-304.0,0.0,0.0,unit_payoff,unit_proxy,ok,
matrix_transformer,next_field,10,fold_3,1,20,test,1,37003,1,420,0.16666666666666666,-280.0,-280.0,24.0,24.0,unit_payoff,unit_proxy,ok,
matrix_transformer,next_field,10,fold_3,1,20,test,2,37002,2,420,0.15714285714285714,-288.0,-288.0,16.0,16.0,unit_payoff,unit_proxy,ok,
matrix_transformer,next_field,10,fold_3,1,20,test,5,36999,5,420,0.14047619047619048,-302.0,-302.0,2.0,2.0,unit_payoff,unit_proxy,ok,
matrix_transformer,next_field,10,fold_3,1,20,test,10,36994,10,420,0.15714285714285714,-288.0,-288.0,16.0,16.0,unit_payoff,unit_proxy,ok,
matrix_transformer,next_field,10,fold_3,2,20,test,0,37004,0,407,0.2628992628992629,-193.0,-193.0,0.0,0.0,unit_payoff,unit_proxy,ok,
matrix_transformer,next_field,10,fold_3,2,20,test,1,37003,1,407,0.23832923832923833,-213.0,-213.0,-20.0,-20.0,unit_payoff,unit_proxy,ok,
matrix_transformer,next_field,10,fold_3,2,20,test,2,37002,2,407,0.21867321867321868,-229.0,-229.0,-36.0,-36.0,unit_payoff,unit_proxy,ok,
matrix_transformer,next_field,10,fold_3,2,20,test,5,36999,5,407,0.21867321867321868,-229.0,-229.0,-36.0,-36.0,unit_payoff,unit_proxy,ok,
matrix_transformer,next_field,10,fold_3,2,20,test,10,36994,10,407,0.21621621621621623,-231.0,-231.0,-38.0,-38.0,unit_payoff,unit_proxy,ok,
matrix_transformer,next_field,10,fold_4,0,20,test,0,34766,0,9801,0.19620446893174165,-5955.0,-5955.0,0.0,0.0,unit_payoff,unit_proxy,ok,
matrix_transformer,next_field,10,fold_4,0,20,test,1,34765,1,9801,0.1991633506785022,-5897.0,-5897.0,58.0,58.0,unit_payoff,unit_proxy,ok,
matrix_transformer,next_field,10,fold_4,0,20,test,2,34764,2,9801,0.19834710743801653,-5913.0,-5913.0,42.0,42.0,unit_payoff,unit_proxy,ok,
matrix_transformer,next_field,10,fold_4,0,20,test,5,34761,5,9801,0.19508213447607387,-5977.0,-5977.0,-22.0,-22.0,unit_payoff,unit_proxy,ok,
matrix_transformer,next_field,10,fold_4,0,20,test,10,34756,10,9801,0.1927354351596776,-6023.0,-6023.0,-68.0,-68.0,unit_payoff,unit_proxy,ok,
matrix_transformer,next_field,10,fold_4,1,20,test,0,34766,0,12859,0.21992378878606422,-7203.0,-7203.0,0.0,0.0,unit_payoff,unit_proxy,ok,
matrix_transformer,next_field,10,fold_4,1,20,test,1,34765,1,12859,0.22000155533089666,-7201.0,-7201.0,2.0,2.0,unit_payoff,unit_proxy,ok,
matrix_transformer,next_field,10,fold_4,1,20,test,2,34764,2,12859,0.20965860486818572,-7467.0,-7467.0,-264.0,-264.0,unit_payoff,unit_proxy,ok,
matrix_transformer,next_field,10,fold_4,1,20,test,5,34761,5,12859,0.20856987324053192,-7495.0,-7495.0,-292.0,-292.0,unit_payoff,unit_proxy,ok,
matrix_transformer,next_field,10,fold_4,1,20,test,10,34756,10,12859,0.20569251108173264,-7569.0,-7569.0,-366.0,-366.0,unit_payoff,unit_proxy,ok,
matrix_transformer,next_field,10,fold_4,2,20,test,0,34766,0,16366,0.20041549553953317,-9806.0,-9806.0,0.0,0.0,unit_payoff,unit_proxy,ok,
matrix_transformer,next_field,10,fold_4,2,20,test,1,34765,1,16366,0.20059880239520958,-9800.0,-9800.0,6.0,6.0,unit_payoff,unit_proxy,ok,
matrix_transformer,next_field,10,fold_4,2,20,test,2,34764,2,16366,0.19540510815104484,-9970.0,-9970.0,-164.0,-164.0,unit_payoff,unit_proxy,ok,
matrix_transformer,next_field,10,fold_4,2,20,test,5,34761,5,16366,0.1908224367591348,-10120.0,-10120.0,-314.0,-314.0,unit_payoff,unit_proxy,ok,
matrix_transformer,next_field,10,fold_4,2,20,test,10,34756,10,16366,0.19393865330563362,-10018.0,-10018.0,-212.0,-212.0,unit_payoff,unit_proxy,ok,
matrix_transformer,next_field,10,fold_5,0,20,test,0,39133,0,7,0.2857142857142857,-3.0,-3.0,0.0,0.0,unit_payoff,unit_proxy,ok,
matrix_transformer,next_field,10,fold_5,0,20,test,1,39132,1,7,0.14285714285714285,-5.0,-5.0,-2.0,-2.0,unit_payoff,unit_proxy,ok,
matrix_transformer,next_field,10,fold_5,0,20,test,2,39131,2,7,0.2857142857142857,-3.0,-3.0,0.0,0.0,unit_payoff,unit_proxy,ok,
matrix_transformer,next_field,10,fold_5,0,20,test,5,39128,5,7,0.0,-7.0,-7.0,-4.0,-4.0,unit_payoff,unit_proxy,ok,
matrix_transformer,next_field,10,fold_5,0,20,test,10,39123,10,7,0.0,-7.0,-7.0,-4.0,-4.0,unit_payoff,unit_proxy,ok,
matrix_transformer,next_field,10,fold_5,1,20,test,0,39133,0,14055,0.19537531127712557,-8563.0,-8563.0,0.0,0.0,unit_payoff,unit_proxy,ok,
matrix_transformer,next_field,10,fold_5,1,20,test,1,39132,1,14055,0.19637139807897544,-8535.0,-8535.0,28.0,28.0,unit_payoff,unit_proxy,ok,
matrix_transformer,next_field,10,fold_5,1,20,test,2,39131,2,14055,0.19715403770900036,-8513.0,-8513.0,50.0,50.0,unit_payoff,unit_proxy,ok,
matrix_transformer,next_field,10,fold_5,1,20,test,5,39128,5,14055,0.1943792244752757,-8591.0,-8591.0,-28.0,-28.0,unit_payoff,unit_proxy,ok,
matrix_transformer,next_field,10,fold_5,1,20,test,10,39123,10,14055,0.19238705087157595,-8647.0,-8647.0,-84.0,-84.0,unit_payoff,unit_proxy,ok,
matrix_transformer,next_field,10,fold_5,2,20,test,0,39133,0,6230,0.16613162118780098,-4160.0,-4160.0,0.0,0.0,unit_payoff,unit_proxy,ok,
matrix_transformer,next_field,10,fold_5,2,20,test,1,39132,1,6230,0.17191011235955056,-4088.0,-4088.0,72.0,72.0,unit_payoff,unit_proxy,ok,
matrix_transformer,next_field,10,fold_5,2,20,test,2,39131,2,6230,0.18025682182985553,-3984.0,-3984.0,176.0,176.0,unit_payoff,unit_proxy,ok,
matrix_transformer,next_field,10,fold_5,2,20,test,5,39128,5,6230,0.18073836276083466,-3978.0,-3978.0,182.0,182.0,unit_payoff,unit_proxy,ok,
matrix_transformer,next_field,10,fold_5,2,20,test,10,39123,10,6230,0.1841091492776886,-3936.0,-3936.0,224.0,224.0,unit_payoff,unit_proxy,ok,
matrix_transformer,next_field,20,fold_1,0,20,test,0,38378,0,0,,0.0,0.0,0.0,0.0,unit_payoff,unit_proxy,ok,
matrix_transformer,next_field,20,fold_1,0,20,test,1,38377,1,0,,0.0,0.0,0.0,0.0,unit_payoff,unit_proxy,ok,
matrix_transformer,next_field,20,fold_1,0,20,test,2,38376,2,0,,0.0,0.0,0.0,0.0,unit_payoff,unit_proxy,ok,
matrix_transformer,next_field,20,fold_1,0,20,test,5,38373,5,0,,0.0,0.0,0.0,0.0,unit_payoff,unit_proxy,ok,
matrix_transformer,next_field,20,fold_1,0,20,test,10,38368,10,0,,0.0,0.0,0.0,0.0,unit_payoff,unit_proxy,ok,
matrix_transformer,next_field,20,fold_1,1,20,test,0,38378,0,0,,0.0,0.0,0.0,0.0,unit_payoff,unit_proxy,ok,
matrix_transformer,next_field,20,fold_1,1,20,test,1,38377,1,0,,0.0,0.0,0.0,0.0,unit_payoff,unit_proxy,ok,
matrix_transformer,next_field,20,fold_1,1,20,test,2,38376,2,0,,0.0,0.0,0.0,0.0,unit_payoff,unit_proxy,ok,
matrix_transformer,next_field,20,fold_1,1,20,test,5,38373,5,0,,0.0,0.0,0.0,0.0,unit_payoff,unit_proxy,ok,
matrix_transformer,next_field,20,fold_1,1,20,test,10,38368,10,0,,0.0,0.0,0.0,0.0,unit_payoff,unit_proxy,ok,
matrix_transformer,next_field,20,fold_1,2,20,test,0,38378,0,0,,0.0,0.0,0.0,0.0,unit_payoff,unit_proxy,ok,
matrix_transformer,next_field,20,fold_1,2,20,test,1,38377,1,0,,0.0,0.0,0.0,0.0,unit_payoff,unit_proxy,ok,
matrix_transformer,next_field,20,fold_1,2,20,test,2,38376,2,0,,0.0,0.0,0.0,0.0,unit_payoff,unit_proxy,ok,
matrix_transformer,next_field,20,fold_1,2,20,test,5,38373,5,0,,0.0,0.0,0.0,0.0,unit_payoff,unit_proxy,ok,
matrix_transformer,next_field,20,fold_1,2,20,test,10,38368,10,0,,0.0,0.0,0.0,0.0,unit_payoff,unit_proxy,ok,
matrix_transformer,next_field,20,fold_2,0,20,test,0,28516,0,0,,0.0,0.0,0.0,0.0,unit_payoff,unit_proxy,ok,
matrix_transformer,next_field,20,fold_2,0,20,test,1,28515,1,0,,0.0,0.0,0.0,0.0,unit_payoff,unit_proxy,ok,
matrix_transformer,next_field,20,fold_2,0,20,test,2,28514,2,0,,0.0,0.0,0.0,0.0,unit_payoff,unit_proxy,ok,
matrix_transformer,next_field,20,fold_2,0,20,test,5,28511,5,0,,0.0,0.0,0.0,0.0,unit_payoff,unit_proxy,ok,
matrix_transformer,next_field,20,fold_2,0,20,test,10,28506,10,0,,0.0,0.0,0.0,0.0,unit_payoff,unit_proxy,ok,
matrix_transformer,next_field,20,fold_2,1,20,test,0,28516,0,57,0.40350877192982454,-11.0,-11.0,0.0,0.0,unit_payoff,unit_proxy,ok,
matrix_transformer,next_field,20,fold_2,1,20,test,1,28515,1,57,0.38596491228070173,-13.0,-13.0,-2.0,-2.0,unit_payoff,unit_proxy,ok,
matrix_transformer,next_field,20,fold_2,1,20,test,2,28514,2,57,0.38596491228070173,-13.0,-13.0,-2.0,-2.0,unit_payoff,unit_proxy,ok,
matrix_transformer,next_field,20,fold_2,1,20,test,5,28511,5,57,0.3508771929824561,-17.0,-17.0,-6.0,-6.0,unit_payoff,unit_proxy,ok,
matrix_transformer,next_field,20,fold_2,1,20,test,10,28506,10,57,0.2807017543859649,-25.0,-25.0,-14.0,-14.0,unit_payoff,unit_proxy,ok,
matrix_transformer,next_field,20,fold_2,2,20,test,0,28516,0,24,0.5416666666666666,2.0,2.0,0.0,0.0,unit_payoff,unit_proxy,ok,
matrix_transformer,next_field,20,fold_2,2,20,test,1,28515,1,24,0.4583333333333333,-2.0,-2.0,-4.0,-4.0,unit_payoff,unit_proxy,ok,
matrix_transformer,next_field,20,fold_2,2,20,test,2,28514,2,24,0.3333333333333333,-8.0,-8.0,-10.0,-10.0,unit_payoff,unit_proxy,ok,
matrix_transformer,next_field,20,fold_2,2,20,test,5,28511,5,24,0.3333333333333333,-8.0,-8.0,-10.0,-10.0,unit_payoff,unit_proxy,ok,
matrix_transformer,next_field,20,fold_2,2,20,test,10,28506,10,24,0.3333333333333333,-8.0,-8.0,-10.0,-10.0,unit_payoff,unit_proxy,ok,
matrix_transformer,next_field,20,fold_3,0,20,test,0,37004,0,1044,0.2796934865900383,-460.0,-460.0,0.0,0.0,unit_payoff,unit_proxy,ok,
matrix_transformer,next_field,20,fold_3,0,20,test,1,37003,1,1044,0.27011494252873564,-480.0,-480.0,-20.0,-20.0,unit_payoff,unit_proxy,ok,
matrix_transformer,next_field,20,fold_3,0,20,test,2,37002,2,1044,0.2595785440613027,-502.0,-502.0,-42.0,-42.0,unit_payoff,unit_proxy,ok,
matrix_transformer,next_field,20,fold_3,0,20,test,5,36999,5,1044,0.26915708812260536,-482.0,-482.0,-22.0,-22.0,unit_payoff,unit_proxy,ok,
matrix_transformer,next_field,20,fold_3,0,20,test,10,36994,10,1044,0.2777777777777778,-464.0,-464.0,-4.0,-4.0,unit_payoff,unit_proxy,ok,
matrix_transformer,next_field,20,fold_3,1,20,test,0,37004,0,123,0.3170731707317073,-45.0,-45.0,0.0,0.0,unit_payoff,unit_proxy,ok,
matrix_transformer,next_field,20,fold_3,1,20,test,1,37003,1,123,0.3089430894308943,-47.0,-47.0,-2.0,-2.0,unit_payoff,unit_proxy,ok,
matrix_transformer,next_field,20,fold_3,1,20,test,2,37002,2,123,0.2926829268292683,-51.0,-51.0,-6.0,-6.0,unit_payoff,unit_proxy,ok,
matrix_transformer,next_field,20,fold_3,1,20,test,5,36999,5,123,0.3089430894308943,-47.0,-47.0,-2.0,-2.0,unit_payoff,unit_proxy,ok,
matrix_transformer,next_field,20,fold_3,1,20,test,10,36994,10,123,0.2926829268292683,-51.0,-51.0,-6.0,-6.0,unit_payoff,unit_proxy,ok,
matrix_transformer,next_field,20,fold_3,2,20,test,0,37004,0,12675,0.29128205128205126,-5291.0,-5291.0,0.0,0.0,unit_payoff,unit_proxy,ok,
matrix_transformer,next_field,20,fold_3,2,20,test,1,37003,1,12675,0.28615384615384615,-5421.0,-5421.0,-130.0,-130.0,unit_payoff,unit_proxy,ok,
matrix_transformer,next_field,20,fold_3,2,20,test,2,37002,2,12675,0.2750295857988166,-5703.0,-5703.0,-412.0,-412.0,unit_payoff,unit_proxy,ok,
matrix_transformer,next_field,20,fold_3,2,20,test,5,36999,5,12675,0.2723471400394477,-5771.0,-5771.0,-480.0,-480.0,unit_payoff,unit_proxy,ok,
matrix_transformer,next_field,20,fold_3,2,20,test,10,36994,10,12675,0.26848126232741615,-5869.0,-5869.0,-578.0,-578.0,unit_payoff,unit_proxy,ok,
matrix_transformer,next_field,20,fold_4,0,20,test,0,34766,0,3775,0.24927152317880794,-1893.0,-1893.0,0.0,0.0,unit_payoff,unit_proxy,ok,
matrix_transformer,next_field,20,fold_4,0,20,test,1,34765,1,3775,0.25112582781456955,-1879.0,-1879.0,14.0,14.0,unit_payoff,unit_proxy,ok,
matrix_transformer,next_field,20,fold_4,0,20,test,2,34764,2,3775,0.2543046357615894,-1855.0,-1855.0,38.0,38.0,unit_payoff,unit_proxy,ok,
matrix_transformer,next_field,20,fold_4,0,20,test,5,34761,5,3775,0.24927152317880794,-1893.0,-1893.0,0.0,0.0,unit_payoff,unit_proxy,ok,
matrix_transformer,next_field,20,fold_4,0,20,test,10,34756,10,3775,0.24529801324503311,-1923.0,-1923.0,-30.0,-30.0,unit_payoff,unit_proxy,ok,
matrix_transformer,next_field,20,fold_4,1,20,test,0,34766,0,20099,0.3061843872829494,-7791.0,-7791.0,0.0,0.0,unit_payoff,unit_proxy,ok,
matrix_transformer,next_field,20,fold_4,1,20,test,1,34765,1,20099,0.2984725608239216,-8101.0,-8101.0,-310.0,-310.0,unit_payoff,unit_proxy,ok,
matrix_transformer,next_field,20,fold_4,1,20,test,2,34764,2,20099,0.2862331459276581,-8593.0,-8593.0,-802.0,-802.0,unit_payoff,unit_proxy,ok,
matrix_transformer,next_field,20,fold_4,1,20,test,5,34761,5,20099,0.2884720632867307,-8503.0,-8503.0,-712.0,-712.0,unit_payoff,unit_proxy,ok,
matrix_transformer,next_field,20,fold_4,1,20,test,10,34756,10,20099,0.2812577740186079,-8793.0,-8793.0,-1002.0,-1002.0,unit_payoff,unit_proxy,ok,
matrix_transformer,next_field,20,fold_4,2,20,test,0,34766,0,19200,0.3098958333333333,-7300.0,-7300.0,0.0,0.0,unit_payoff,unit_proxy,ok,
matrix_transformer,next_field,20,fold_4,2,20,test,1,34765,1,19200,0.305,-7488.0,-7488.0,-188.0,-188.0,unit_payoff,unit_proxy,ok,
matrix_transformer,next_field,20,fold_4,2,20,test,2,34764,2,19200,0.29515625,-7866.0,-7866.0,-566.0,-566.0,unit_payoff,unit_proxy,ok,
matrix_transformer,next_field,20,fold_4,2,20,test,5,34761,5,19200,0.2850520833333333,-8254.0,-8254.0,-954.0,-954.0,unit_payoff,unit_proxy,ok,
matrix_transformer,next_field,20,fold_4,2,20,test,10,34756,10,19200,0.2802604166666667,-8438.0,-8438.0,-1138.0,-1138.0,unit_payoff,unit_proxy,ok,
matrix_transformer,next_field,20,fold_5,0,20,test,0,39133,0,17932,0.31117555208565695,-6772.0,-6772.0,0.0,0.0,unit_payoff,unit_proxy,ok,
matrix_transformer,next_field,20,fold_5,0,20,test,1,39132,1,17932,0.3064911889359804,-6940.0,-6940.0,-168.0,-168.0,unit_payoff,unit_proxy,ok,
matrix_transformer,next_field,20,fold_5,0,20,test,2,39131,2,17932,0.29628596921704214,-7306.0,-7306.0,-534.0,-534.0,unit_payoff,unit_proxy,ok,
matrix_transformer,next_field,20,fold_5,0,20,test,5,39128,5,17932,0.292159268347089,-7454.0,-7454.0,-682.0,-682.0,unit_payoff,unit_proxy,ok,
matrix_transformer,next_field,20,fold_5,0,20,test,10,39123,10,17932,0.2875864376533571,-7618.0,-7618.0,-846.0,-846.0,unit_payoff,unit_proxy,ok,
matrix_transformer,next_field,20,fold_5,1,20,test,0,39133,0,15737,0.31244837008324333,-5903.0,-5903.0,0.0,0.0,unit_payoff,unit_proxy,ok,
matrix_transformer,next_field,20,fold_5,1,20,test,1,39132,1,15737,0.3068564529452882,-6079.0,-6079.0,-176.0,-176.0,unit_payoff,unit_proxy,ok,
matrix_transformer,next_field,20,fold_5,1,20,test,2,39131,2,15737,0.2956726186693779,-6431.0,-6431.0,-528.0,-528.0,unit_payoff,unit_proxy,ok,
matrix_transformer,next_field,20,fold_5,1,20,test,5,39128,5,15737,0.28620448624261297,-6729.0,-6729.0,-826.0,-826.0,unit_payoff,unit_proxy,ok,
matrix_transformer,next_field,20,fold_5,1,20,test,10,39123,10,15737,0.2811209252081083,-6889.0,-6889.0,-986.0,-986.0,unit_payoff,unit_proxy,ok,
matrix_transformer,next_field,20,fold_5,2,20,test,0,39133,0,18298,0.2924363318395453,-7596.0,-7596.0,0.0,0.0,unit_payoff,unit_proxy,ok,
matrix_transformer,next_field,20,fold_5,2,20,test,1,39132,1,18298,0.289539840419718,-7702.0,-7702.0,-106.0,-106.0,unit_payoff,unit_proxy,ok,
matrix_transformer,next_field,20,fold_5,2,20,test,2,39131,2,18298,0.2841294130506066,-7900.0,-7900.0,-304.0,-304.0,unit_payoff,unit_proxy,ok,
matrix_transformer,next_field,20,fold_5,2,20,test,5,39128,5,18298,0.2815061755383102,-7996.0,-7996.0,-400.0,-400.0,unit_payoff,unit_proxy,ok,
matrix_transformer,next_field,20,fold_5,2,20,test,10,39123,10,18298,0.280194556782162,-8044.0,-8044.0,-448.0,-448.0,unit_payoff,unit_proxy,ok,
matrix_transformer,next_field,50,fold_1,0,20,test,0,38378,0,19571,0.3203208829390425,-7033.0,-7033.0,0.0,0.0,unit_payoff,unit_proxy,ok,
matrix_transformer,next_field,50,fold_1,0,20,test,1,38377,1,19570,0.3202861522738886,-7034.0,-7034.0,-1.0,-1.0,unit_payoff,unit_proxy,ok,
matrix_transformer,next_field,50,fold_1,0,20,test,2,38376,2,19569,0.3203025192907149,-7033.0,-7033.0,0.0,0.0,unit_payoff,unit_proxy,ok,
matrix_transformer,next_field,50,fold_1,0,20,test,5,38373,5,19566,0.3201471941122355,-7038.0,-7038.0,-5.0,-5.0,unit_payoff,unit_proxy,ok,
matrix_transformer,next_field,50,fold_1,0,20,test,10,38368,10,19561,0.31976892796891776,-7051.0,-7051.0,-18.0,-18.0,unit_payoff,unit_proxy,ok,
matrix_transformer,next_field,50,fold_1,1,20,test,0,38378,0,19582,0.35690940659789605,-5604.0,-5604.0,0.0,0.0,unit_payoff,unit_proxy,ok,
matrix_transformer,next_field,50,fold_1,1,20,test,1,38377,1,19581,0.35692763393085136,-5603.0,-5603.0,1.0,1.0,unit_payoff,unit_proxy,ok,
matrix_transformer,next_field,50,fold_1,1,20,test,2,38376,2,19580,0.3570990806945863,-5596.0,-5596.0,8.0,8.0,unit_payoff,unit_proxy,ok,
matrix_transformer,next_field,50,fold_1,1,20,test,5,38373,5,19577,0.35700056188384327,-5599.0,-5599.0,5.0,5.0,unit_payoff,unit_proxy,ok,
matrix_transformer,next_field,50,fold_1,1,20,test,10,38368,10,19572,0.35652973635806257,-5616.0,-5616.0,-12.0,-12.0,unit_payoff,unit_proxy,ok,
matrix_transformer,next_field,50,fold_1,2,20,test,0,38378,0,19566,0.32035163037922926,-7030.0,-7030.0,0.0,0.0,unit_payoff,unit_proxy,ok,
matrix_transformer,next_field,50,fold_1,2,20,test,1,38377,1,19565,0.3198057756197291,-7051.0,-7051.0,-21.0,-21.0,unit_payoff,unit_proxy,ok,
matrix_transformer,next_field,50,fold_1,2,20,test,2,38376,2,19564,0.31946432222449395,-7064.0,-7064.0,-34.0,-34.0,unit_payoff,unit_proxy,ok,
matrix_transformer,next_field,50,fold_1,2,20,test,5,38373,5,19561,0.3185419968304279,-7099.0,-7099.0,-69.0,-69.0,unit_payoff,unit_proxy,ok,
matrix_transformer,next_field,50,fold_1,2,20,test,10,38368,10,19556,0.31811208836162813,-7114.0,-7114.0,-84.0,-84.0,unit_payoff,unit_proxy,ok,
matrix_transformer,next_field,50,fold_2,0,20,test,0,28516,0,10299,0.44606272453636275,-1111.0,-1111.0,0.0,0.0,unit_payoff,unit_proxy,ok,
matrix_transformer,next_field,50,fold_2,0,20,test,1,28515,1,10299,0.4382949800951549,-1271.0,-1271.0,-160.0,-160.0,unit_payoff,unit_proxy,ok,
matrix_transformer,next_field,50,fold_2,0,20,test,2,28514,2,10299,0.4272259442664336,-1499.0,-1499.0,-388.0,-388.0,unit_payoff,unit_proxy,ok,
matrix_transformer,next_field,50,fold_2,0,20,test,5,28511,5,10299,0.3795514127585202,-2481.0,-2481.0,-1370.0,-1370.0,unit_payoff,unit_proxy,ok,
matrix_transformer,next_field,50,fold_2,0,20,test,10,28506,10,10299,0.3737256044276143,-2601.0,-2601.0,-1490.0,-1490.0,unit_payoff,unit_proxy,ok,
matrix_transformer,next_field,50,fold_2,1,20,test,0,28516,0,21230,0.3525200188412624,-6262.0,-6262.0,0.0,0.0,unit_payoff,unit_proxy,ok,
matrix_transformer,next_field,50,fold_2,1,20,test,1,28515,1,21230,0.3500235515779557,-6368.0,-6368.0,-106.0,-106.0,unit_payoff,unit_proxy,ok,
matrix_transformer,next_field,50,fold_2,1,20,test,2,28514,2,21230,0.345831370701837,-6546.0,-6546.0,-284.0,-284.0,unit_payoff,unit_proxy,ok,
matrix_transformer,next_field,50,fold_2,1,20,test,5,28511,5,21230,0.33207724917569476,-7130.0,-7130.0,-868.0,-868.0,unit_payoff,unit_proxy,ok,
matrix_transformer,next_field,50,fold_2,1,20,test,10,28506,10,21230,0.32826189354686763,-7292.0,-7292.0,-1030.0,-1030.0,unit_payoff,unit_proxy,ok,
matrix_transformer,next_field,50,fold_2,2,20,test,0,28516,0,17360,0.34475806451612906,-5390.0,-5390.0,0.0,0.0,unit_payoff,unit_proxy,ok,
matrix_transformer,next_field,50,fold_2,2,20,test,1,28515,1,17359,0.34218560977014806,-5479.0,-5479.0,-89.0,-89.0,unit_payoff,unit_proxy,ok,
matrix_transformer,next_field,50,fold_2,2,20,test,2,28514,2,17358,0.33874870376771515,-5598.0,-5598.0,-208.0,-208.0,unit_payoff,unit_proxy,ok,
matrix_transformer,next_field,50,fold_2,2,20,test,5,28511,5,17355,0.3247479112647652,-6083.0,-6083.0,-693.0,-693.0,unit_payoff,unit_proxy,ok,
matrix_transformer,next_field,50,fold_2,2,20,test,10,28506,10,17350,0.32172910662824206,-6186.0,-6186.0,-796.0,-796.0,unit_payoff,unit_proxy,ok,
matrix_transformer,next_field,50,fold_3,0,20,test,0,37004,0,30706,0.41047352308994983,-5498.0,-5498.0,0.0,0.0,unit_payoff,unit_proxy,ok,
matrix_transformer,next_field,50,fold_3,0,20,test,1,37003,1,30706,0.4052628150849997,-5818.0,-5818.0,-320.0,-320.0,unit_payoff,unit_proxy,ok,
matrix_transformer,next_field,50,fold_3,0,20,test,2,37002,2,30706,0.40037777633035887,-6118.0,-6118.0,-620.0,-620.0,unit_payoff,unit_proxy,ok,
matrix_transformer,next_field,50,fold_3,0,20,test,5,36999,5,30706,0.38230313293818796,-7228.0,-7228.0,-1730.0,-1730.0,unit_payoff,unit_proxy,ok,
matrix_transformer,next_field,50,fold_3,0,20,test,10,36994,10,30705,0.37912392118547467,-7423.0,-7423.0,-1925.0,-1925.0,unit_payoff,unit_proxy,ok,
matrix_transformer,next_field,50,fold_3,1,20,test,0,37004,0,30093,0.4280397434619347,-4331.0,-4331.0,0.0,0.0,unit_payoff,unit_proxy,ok,
matrix_transformer,next_field,50,fold_3,1,20,test,1,37003,1,30093,0.4233542684345197,-4613.0,-4613.0,-282.0,-282.0,unit_payoff,unit_proxy,ok,
matrix_transformer,next_field,50,fold_3,1,20,test,2,37002,2,30093,0.4176718838268036,-4955.0,-4955.0,-624.0,-624.0,unit_payoff,unit_proxy,ok,
matrix_transformer,next_field,50,fold_3,1,20,test,5,36999,5,30093,0.38779782673711494,-6753.0,-6753.0,-2422.0,-2422.0,unit_payoff,unit_proxy,ok,
matrix_transformer,next_field,50,fold_3,1,20,test,10,36994,10,30093,0.3803542352042003,-7201.0,-7201.0,-2870.0,-2870.0,unit_payoff,unit_proxy,ok,
matrix_transformer,next_field,50,fold_3,2,20,test,0,37004,0,34618,0.3898838754405223,-7624.0,-7624.0,0.0,0.0,unit_payoff,unit_proxy,ok,
matrix_transformer,next_field,50,fold_3,2,20,test,1,37003,1,34617,0.3870641592281249,-7819.0,-7819.0,-195.0,-195.0,unit_payoff,unit_proxy,ok,
matrix_transformer,next_field,50,fold_3,2,20,test,2,37002,2,34616,0.3837820660966027,-8046.0,-8046.0,-422.0,-422.0,unit_payoff,unit_proxy,ok,
matrix_transformer,next_field,50,fold_3,2,20,test,5,36999,5,34613,0.37147892410366046,-8897.0,-8897.0,-1273.0,-1273.0,unit_payoff,unit_proxy,ok,
matrix_transformer,next_field,50,fold_3,2,20,test,10,36994,10,34608,0.36485783633841884,-9354.0,-9354.0,-1730.0,-1730.0,unit_payoff,unit_proxy,ok,
matrix_transformer,next_field,50,fold_4,0,20,test,0,34766,0,29137,0.4609946116621478,-2273.0,-2273.0,0.0,0.0,unit_payoff,unit_proxy,ok,
matrix_transformer,next_field,50,fold_4,0,20,test,1,34765,1,29137,0.4558121975495075,-2575.0,-2575.0,-302.0,-302.0,unit_payoff,unit_proxy,ok,
matrix_transformer,next_field,50,fold_4,0,20,test,2,34764,2,29137,0.4483303016782785,-3011.0,-3011.0,-738.0,-738.0,unit_payoff,unit_proxy,ok,
matrix_transformer,next_field,50,fold_4,0,20,test,5,34761,5,29137,0.415794350825411,-4907.0,-4907.0,-2634.0,-2634.0,unit_payoff,unit_proxy,ok,
matrix_transformer,next_field,50,fold_4,0,20,test,10,34756,10,29133,0.40349431915696976,-5623.0,-5623.0,-3350.0,-3350.0,unit_payoff,unit_proxy,ok,
matrix_transformer,next_field,50,fold_4,1,20,test,0,34766,0,32196,0.45754130947943844,-2734.0,-2734.0,0.0,0.0,unit_payoff,unit_proxy,ok,
matrix_transformer,next_field,50,fold_4,1,20,test,1,34765,1,32195,0.4523373194595434,-3069.0,-3069.0,-335.0,-335.0,unit_payoff,unit_proxy,ok,
matrix_transformer,next_field,50,fold_4,1,20,test,2,34764,2,32194,0.4449276262657638,-3546.0,-3546.0,-812.0,-812.0,unit_payoff,unit_proxy,ok,
matrix_transformer,next_field,50,fold_4,1,20,test,5,34761,5,32191,0.4185020657947874,-5247.0,-5247.0,-2513.0,-2513.0,unit_payoff,unit_proxy,ok,
matrix_transformer,next_field,50,fold_4,1,20,test,10,34756,10,32186,0.40716460572919905,-5976.0,-5976.0,-3242.0,-3242.0,unit_payoff,unit_proxy,ok,
matrix_transformer,next_field,50,fold_4,2,20,test,0,34766,0,32175,0.46066822066822066,-2531.0,-2531.0,0.0,0.0,unit_payoff,unit_proxy,ok,
matrix_transformer,next_field,50,fold_4,2,20,test,1,34765,1,32174,0.4561136321253186,-2824.0,-2824.0,-293.0,-293.0,unit_payoff,unit_proxy,ok,
matrix_transformer,next_field,50,fold_4,2,20,test,2,34764,2,32173,0.44879246573213566,-3295.0,-3295.0,-764.0,-764.0,unit_payoff,unit_proxy,ok,
matrix_transformer,next_field,50,fold_4,2,20,test,5,34761,5,32170,0.4212931302455704,-5064.0,-5064.0,-2533.0,-2533.0,unit_payoff,unit_proxy,ok,
matrix_transformer,next_field,50,fold_4,2,20,test,10,34756,10,32165,0.40649774599720195,-6015.0,-6015.0,-3484.0,-3484.0,unit_payoff,unit_proxy,ok,
matrix_transformer,next_field,50,fold_5,0,20,test,0,39133,0,32738,0.4309670719042092,-4520.0,-4520.0,0.0,0.0,unit_payoff,unit_proxy,ok,
matrix_transformer,next_field,50,fold_5,0,20,test,1,39132,1,32737,0.4249625805663317,-4913.0,-4913.0,-393.0,-393.0,unit_payoff,unit_proxy,ok,
matrix_transformer,next_field,50,fold_5,0,20,test,2,39131,2,32736,0.41791911045943303,-5374.0,-5374.0,-854.0,-854.0,unit_payoff,unit_proxy,ok,
matrix_transformer,next_field,50,fold_5,0,20,test,5,39128,5,32733,0.39073717654965934,-7153.0,-7153.0,-2633.0,-2633.0,unit_payoff,unit_proxy,ok,
matrix_transformer,next_field,50,fold_5,0,20,test,10,39123,10,32728,0.37701662185284773,-8050.0,-8050.0,-3530.0,-3530.0,unit_payoff,unit_proxy,ok,
matrix_transformer,next_field,50,fold_5,1,20,test,0,39133,0,29144,0.44036508372220695,-3476.0,-3476.0,0.0,0.0,unit_payoff,unit_proxy,ok,
matrix_transformer,next_field,50,fold_5,1,20,test,1,39132,1,29143,0.43561060975191296,-3753.0,-3753.0,-277.0,-277.0,unit_payoff,unit_proxy,ok,
matrix_transformer,next_field,50,fold_5,1,20,test,2,39131,2,29142,0.4310616978930753,-4018.0,-4018.0,-542.0,-542.0,unit_payoff,unit_proxy,ok,
matrix_transformer,next_field,50,fold_5,1,20,test,5,39128,5,29139,0.40299941658945054,-5653.0,-5653.0,-2177.0,-2177.0,unit_payoff,unit_proxy,ok,
matrix_transformer,next_field,50,fold_5,1,20,test,10,39123,10,29134,0.38370975492551657,-6776.0,-6776.0,-3300.0,-3300.0,unit_payoff,unit_proxy,ok,
matrix_transformer,next_field,50,fold_5,2,20,test,0,39133,0,31348,0.42650248819701414,-4608.0,-4608.0,0.0,0.0,unit_payoff,unit_proxy,ok,
matrix_transformer,next_field,50,fold_5,2,20,test,1,39132,1,31348,0.42152609416868697,-4920.0,-4920.0,-312.0,-312.0,unit_payoff,unit_proxy,ok,
matrix_transformer,next_field,50,fold_5,2,20,test,2,39131,2,31348,0.4164540002551997,-5238.0,-5238.0,-630.0,-630.0,unit_payoff,unit_proxy,ok,
matrix_transformer,next_field,50,fold_5,2,20,test,5,39128,5,31348,0.3945068265918081,-6614.0,-6614.0,-2006.0,-2006.0,unit_payoff,unit_proxy,ok,
matrix_transformer,next_field,50,fold_5,2,20,test,10,39123,10,31343,0.38260536642950577,-7359.0,-7359.0,-2751.0,-2751.0,unit_payoff,unit_proxy,ok,
matrix_transformer,supervised,10,fold_1,0,20,test,0,38378,0,17148,0.19757406111499884,-10372.0,-10372.0,0.0,0.0,unit_payoff,unit_proxy,ok,
matrix_transformer,supervised,10,fold_1,0,20,test,1,38377,1,17148,0.1973407977606718,-10380.0,-10380.0,-8.0,-8.0,unit_payoff,unit_proxy,ok,
matrix_transformer,supervised,10,fold_1,0,20,test,2,38376,2,17148,0.19629111266620014,-10416.0,-10416.0,-44.0,-44.0,unit_payoff,unit_proxy,ok,
matrix_transformer,supervised,10,fold_1,0,20,test,5,38373,5,17148,0.19477490086307442,-10468.0,-10468.0,-96.0,-96.0,unit_payoff,unit_proxy,ok,
matrix_transformer,supervised,10,fold_1,0,20,test,10,38368,10,17148,0.19489153254023792,-10464.0,-10464.0,-92.0,-92.0,unit_payoff,unit_proxy,ok,
matrix_transformer,supervised,10,fold_1,1,20,test,0,38378,0,18782,0.20429134277499733,-11108.0,-11108.0,0.0,0.0,unit_payoff,unit_proxy,ok,
matrix_transformer,supervised,10,fold_1,1,20,test,1,38377,1,18782,0.20434458524118837,-11106.0,-11106.0,2.0,2.0,unit_payoff,unit_proxy,ok,
matrix_transformer,supervised,10,fold_1,1,20,test,2,38376,2,18782,0.20083058247258012,-11238.0,-11238.0,-130.0,-130.0,unit_payoff,unit_proxy,ok,
matrix_transformer,supervised,10,fold_1,1,20,test,5,38373,5,18782,0.19848791396017462,-11326.0,-11326.0,-218.0,-218.0,unit_payoff,unit_proxy,ok,
matrix_transformer,supervised,10,fold_1,1,20,test,10,38368,10,18782,0.19673091257587053,-11392.0,-11392.0,-284.0,-284.0,unit_payoff,unit_proxy,ok,
matrix_transformer,supervised,10,fold_1,2,20,test,0,38378,0,1063,0.30103480714957664,-423.0,-423.0,0.0,0.0,unit_payoff,unit_proxy,ok,
matrix_transformer,supervised,10,fold_1,2,20,test,1,38377,1,1063,0.2953904045155221,-435.0,-435.0,-12.0,-12.0,unit_payoff,unit_proxy,ok,
matrix_transformer,supervised,10,fold_1,2,20,test,2,38376,2,1063,0.26246472248353714,-505.0,-505.0,-82.0,-82.0,unit_payoff,unit_proxy,ok,
matrix_transformer,supervised,10,fold_1,2,20,test,5,38373,5,1063,0.2361241768579492,-561.0,-561.0,-138.0,-138.0,unit_payoff,unit_proxy,ok,
matrix_transformer,supervised,10,fold_1,2,20,test,10,38368,10,1063,0.22107243650047037,-593.0,-593.0,-170.0,-170.0,unit_payoff,unit_proxy,ok,
matrix_transformer,supervised,10,fold_2,0,20,test,0,28516,0,14617,0.18683724430457685,-9155.0,-9155.0,0.0,0.0,unit_payoff,unit_proxy,ok,
matrix_transformer,supervised,10,fold_2,0,20,test,1,28515,1,14617,0.18628993637545324,-9171.0,-9171.0,-16.0,-16.0,unit_payoff,unit_proxy,ok,
matrix_transformer,supervised,10,fold_2,0,20,test,2,28514,2,14617,0.18156940548676198,-9309.0,-9309.0,-154.0,-154.0,unit_payoff,unit_proxy,ok,
matrix_transformer,supervised,10,fold_2,0,20,test,5,28511,5,14617,0.18122733803105973,-9319.0,-9319.0,-164.0,-164.0,unit_payoff,unit_proxy,ok,
matrix_transformer,supervised,10,fold_2,0,20,test,10,28506,10,14617,0.18095368406649792,-9327.0,-9327.0,-172.0,-172.0,unit_payoff,unit_proxy,ok,
matrix_transformer,supervised,10,fold_2,1,20,test,0,28516,0,14704,0.18253536452665942,-9336.0,-9336.0,0.0,0.0,unit_payoff,unit_proxy,ok,
matrix_transformer,supervised,10,fold_2,1,20,test,1,28515,1,14704,0.18246735582154516,-9338.0,-9338.0,-2.0,-2.0,unit_payoff,unit_proxy,ok,
matrix_transformer,supervised,10,fold_2,1,20,test,2,28514,2,14704,0.1819232861806311,-9354.0,-9354.0,-18.0,-18.0,unit_payoff,unit_proxy,ok,
matrix_transformer,supervised,10,fold_2,1,20,test,5,28511,5,14704,0.18205930359085962,-9350.0,-9350.0,-14.0,-14.0,unit_payoff,unit_proxy,ok,
matrix_transformer,supervised,10,fold_2,1,20,test,10,28506,10,14704,0.18131120783460283,-9372.0,-9372.0,-36.0,-36.0,unit_payoff,unit_proxy,ok,
matrix_transformer,supervised,10,fold_2,2,20,test,0,28516,0,14620,0.19008207934336524,-9062.0,-9062.0,0.0,0.0,unit_payoff,unit_proxy,ok,
matrix_transformer,supervised,10,fold_2,2,20,test,1,28515,1,14620,0.1889876880984952,-9094.0,-9094.0,-32.0,-32.0,unit_payoff,unit_proxy,ok,
matrix_transformer,supervised,10,fold_2,2,20,test,2,28514,2,14620,0.18344733242134062,-9256.0,-9256.0,-194.0,-194.0,unit_payoff,unit_proxy,ok,
matrix_transformer,supervised,10,fold_2,2,20,test,5,28511,5,14620,0.18036935704514365,-9346.0,-9346.0,-284.0,-284.0,unit_payoff,unit_proxy,ok,
matrix_transformer,supervised,10,fold_2,2,20,test,10,28506,10,14620,0.18009575923392612,-9354.0,-9354.0,-292.0,-292.0,unit_payoff,unit_proxy,ok,
matrix_transformer,supervised,10,fold_3,0,20,test,0,37004,0,11885,0.23971392511569206,-6187.0,-6187.0,0.0,0.0,unit_payoff,unit_proxy,ok,
matrix_transformer,supervised,10,fold_3,0,20,test,1,37003,1,11885,0.236684896928902,-6259.0,-6259.0,-72.0,-72.0,unit_payoff,unit_proxy,ok,
matrix_transformer,supervised,10,fold_3,0,20,test,2,37002,2,11885,0.22431636516617584,-6553.0,-6553.0,-366.0,-366.0,unit_payoff,unit_proxy,ok,
matrix_transformer,supervised,10,fold_3,0,20,test,5,36999,5,11885,0.21699621371476652,-6727.0,-6727.0,-540.0,-540.0,unit_payoff,unit_proxy,ok,
matrix_transformer,supervised,10,fold_3,0,20,test,10,36994,10,11885,0.21665965502734538,-6735.0,-6735.0,-548.0,-548.0,unit_payoff,unit_proxy,ok,
matrix_transformer,supervised,10,fold_3,1,20,test,0,37004,0,20095,0.23155013684996267,-10789.0,-10789.0,0.0,0.0,unit_payoff,unit_proxy,ok,
matrix_transformer,supervised,10,fold_3,1,20,test,1,37003,1,20095,0.231102264244837,-10807.0,-10807.0,-18.0,-18.0,unit_payoff,unit_proxy,ok,
matrix_transformer,supervised,10,fold_3,1,20,test,2,37002,2,20095,0.22159741229161484,-11189.0,-11189.0,-400.0,-400.0,unit_payoff,unit_proxy,ok,
matrix_transformer,supervised,10,fold_3,1,20,test,5,36999,5,20095,0.21667081363523263,-11387.0,-11387.0,-598.0,-598.0,unit_payoff,unit_proxy,ok,
matrix_transformer,supervised,10,fold_3,1,20,test,10,36994,10,20095,0.21313759641701915,-11529.0,-11529.0,-740.0,-740.0,unit_payoff,unit_proxy,ok,
matrix_transformer,supervised,10,fold_3,2,20,test,0,37004,0,22672,0.22243295695130558,-12586.0,-12586.0,0.0,0.0,unit_payoff,unit_proxy,ok,
matrix_transformer,supervised,10,fold_3,2,20,test,1,37003,1,22672,0.2220800988002823,-12602.0,-12602.0,-16.0,-16.0,unit_payoff,unit_proxy,ok,
matrix_transformer,supervised,10,fold_3,2,20,test,2,37002,2,22672,0.21700776287932252,-12832.0,-12832.0,-246.0,-246.0,unit_payoff,unit_proxy,ok,
matrix_transformer,supervised,10,fold_3,2,20,test,5,36999,5,22672,0.2134350741002117,-12994.0,-12994.0,-408.0,-408.0,unit_payoff,unit_proxy,ok,
matrix_transformer,supervised,10,fold_3,2,20,test,10,36994,10,22672,0.211803105151729,-13068.0,-13068.0,-482.0,-482.0,unit_payoff,unit_proxy,ok,
matrix_transformer,supervised,10,fold_4,0,20,test,0,34766,0,19191,0.24772028555051848,-9683.0,-9683.0,0.0,0.0,unit_payoff,unit_proxy,ok,
matrix_transformer,supervised,10,fold_4,0,20,test,1,34765,1,19191,0.2411026001771664,-9937.0,-9937.0,-254.0,-254.0,unit_payoff,unit_proxy,ok,
matrix_transformer,supervised,10,fold_4,0,20,test,2,34764,2,19191,0.22625188890625814,-10507.0,-10507.0,-824.0,-824.0,unit_payoff,unit_proxy,ok,
matrix_transformer,supervised,10,fold_4,0,20,test,5,34761,5,19191,0.21853994059715492,-10803.0,-10803.0,-1120.0,-1120.0,unit_payoff,unit_proxy,ok,
matrix_transformer,supervised,10,fold_4,0,20,test,10,34756,10,19191,0.21635141472565264,-10887.0,-10887.0,-1204.0,-1204.0,unit_payoff,unit_proxy,ok,
matrix_transformer,supervised,10,fold_4,1,20,test,0,34766,0,9535,0.26334556895647615,-4513.0,-4513.0,0.0,0.0,unit_payoff,unit_proxy,ok,
matrix_transformer,supervised,10,fold_4,1,20,test,1,34765,1,9535,0.25736759307813317,-4627.0,-4627.0,-114.0,-114.0,unit_payoff,unit_proxy,ok,
matrix_transformer,supervised,10,fold_4,1,20,test,2,34764,2,9535,0.2410068169900367,-4939.0,-4939.0,-426.0,-426.0,unit_payoff,unit_proxy,ok,
matrix_transformer,supervised,10,fold_4,1,20,test,5,34761,5,9535,0.23534347142108022,-5047.0,-5047.0,-534.0,-534.0,unit_payoff,unit_proxy,ok,
matrix_transformer,supervised,10,fold_4,1,20,test,10,34756,10,9535,0.22359727320398531,-5271.0,-5271.0,-758.0,-758.0,unit_payoff,unit_proxy,ok,
matrix_transformer,supervised,10,fold_4,2,20,test,0,34766,0,20632,0.2562524234199302,-10058.0,-10058.0,0.0,0.0,unit_payoff,unit_proxy,ok,
matrix_transformer,supervised,10,fold_4,2,20,test,1,34765,1,20632,0.24888522683210546,-10362.0,-10362.0,-304.0,-304.0,unit_payoff,unit_proxy,ok,
matrix_transformer,supervised,10,fold_4,2,20,test,2,34764,2,20632,0.23497479643272587,-10936.0,-10936.0,-878.0,-878.0,unit_payoff,unit_proxy,ok,
matrix_transformer,supervised,10,fold_4,2,20,test,5,34761,5,20632,0.22474796432725863,-11358.0,-11358.0,-1300.0,-1300.0,unit_payoff,unit_proxy,ok,
matrix_transformer,supervised,10,fold_4,2,20,test,10,34756,10,20632,0.22343931756494764,-11412.0,-11412.0,-1354.0,-1354.0,unit_payoff,unit_proxy,ok,
matrix_transformer,supervised,10,fold_5,0,20,test,0,39133,0,23385,0.3075475732307034,-9001.0,-9001.0,0.0,0.0,unit_payoff,unit_proxy,ok,
matrix_transformer,supervised,10,fold_5,0,20,test,1,39132,1,23385,0.26957451357707934,-10777.0,-10777.0,-1776.0,-1776.0,unit_payoff,unit_proxy,ok,
matrix_transformer,supervised,10,fold_5,0,20,test,2,39131,2,23384,0.2396082791652412,-12178.0,-12178.0,-3177.0,-3177.0,unit_payoff,unit_proxy,ok,
matrix_transformer,supervised,10,fold_5,0,20,test,5,39128,5,23382,0.2336840304507741,-12454.0,-12454.0,-3453.0,-3453.0,unit_payoff,unit_proxy,ok,
matrix_transformer,supervised,10,fold_5,0,20,test,10,39123,10,23382,0.2217945428107091,-13010.0,-13010.0,-4009.0,-4009.0,unit_payoff,unit_proxy,ok,
matrix_transformer,supervised,10,fold_5,1,20,test,0,39133,0,7001,0.208541636909013,-4081.0,-4081.0,0.0,0.0,unit_payoff,unit_proxy,ok,
matrix_transformer,supervised,10,fold_5,1,20,test,1,39132,1,7001,0.2076846164833595,-4093.0,-4093.0,-12.0,-12.0,unit_payoff,unit_proxy,ok,
matrix_transformer,supervised,10,fold_5,1,20,test,2,39131,2,7001,0.20468504499357235,-4135.0,-4135.0,-54.0,-54.0,unit_payoff,unit_proxy,ok,
matrix_transformer,supervised,10,fold_5,1,20,test,5,39128,5,7001,0.20254249392943866,-4165.0,-4165.0,-84.0,-84.0,unit_payoff,unit_proxy,ok,
matrix_transformer,supervised,10,fold_5,1,20,test,10,39123,10,7001,0.20054277960291386,-4193.0,-4193.0,-112.0,-112.0,unit_payoff,unit_proxy,ok,
matrix_transformer,supervised,10,fold_5,2,20,test,0,39133,0,15424,0.2635503112033195,-7294.0,-7294.0,0.0,0.0,unit_payoff,unit_proxy,ok,
matrix_transformer,supervised,10,fold_5,2,20,test,1,39132,1,15424,0.252204356846473,-7644.0,-7644.0,-350.0,-350.0,unit_payoff,unit_proxy,ok,
matrix_transformer,supervised,10,fold_5,2,20,test,2,39131,2,15424,0.23787603734439833,-8086.0,-8086.0,-792.0,-792.0,unit_payoff,unit_proxy,ok,
matrix_transformer,supervised,10,fold_5,2,20,test,5,39128,5,15424,0.2330783195020747,-8234.0,-8234.0,-940.0,-940.0,unit_payoff,unit_proxy,ok,
matrix_transformer,supervised,10,fold_5,2,20,test,10,39123,10,15424,0.2321058091286307,-8264.0,-8264.0,-970.0,-970.0,unit_payoff,unit_proxy,ok,
matrix_transformer,supervised,20,fold_1,0,20,test,0,38378,0,15080,0.2740053050397878,-6816.0,-6816.0,0.0,0.0,unit_payoff,unit_proxy,ok,
matrix_transformer,supervised,20,fold_1,0,20,test,1,38377,1,15080,0.27228116710875333,-6868.0,-6868.0,-52.0,-52.0,unit_payoff,unit_proxy,ok,
matrix_transformer,supervised,20,fold_1,0,20,test,2,38376,2,15080,0.2700928381962865,-6934.0,-6934.0,-118.0,-118.0,unit_payoff,unit_proxy,ok,
matrix_transformer,supervised,20,fold_1,0,20,test,5,38373,5,15080,0.26591511936339524,-7060.0,-7060.0,-244.0,-244.0,unit_payoff,unit_proxy,ok,
matrix_transformer,supervised,20,fold_1,0,20,test,10,38368,10,15080,0.2643899204244032,-7106.0,-7106.0,-290.0,-290.0,unit_payoff,unit_proxy,ok,
matrix_transformer,supervised,20,fold_1,1,20,test,0,38378,0,18827,0.2932490572050778,-7785.0,-7785.0,0.0,0.0,unit_payoff,unit_proxy,ok,
matrix_transformer,supervised,20,fold_1,1,20,test,1,38377,1,18827,0.2894247623094492,-7929.0,-7929.0,-144.0,-144.0,unit_payoff,unit_proxy,ok,
matrix_transformer,supervised,20,fold_1,1,20,test,2,38376,2,18827,0.28039517713921497,-8269.0,-8269.0,-484.0,-484.0,unit_payoff,unit_proxy,ok,
matrix_transformer,supervised,20,fold_1,1,20,test,5,38373,5,18827,0.27710203431242364,-8393.0,-8393.0,-608.0,-608.0,unit_payoff,unit_proxy,ok,
matrix_transformer,supervised,20,fold_1,1,20,test,10,38368,10,18827,0.2759334997609816,-8437.0,-8437.0,-652.0,-652.0,unit_payoff,unit_proxy,ok,
matrix_transformer,supervised,20,fold_1,2,20,test,0,38378,0,18213,0.3062647559435568,-7057.0,-7057.0,0.0,0.0,unit_payoff,unit_proxy,ok,
matrix_transformer,supervised,20,fold_1,2,20,test,1,38377,1,18213,0.30066436062153407,-7261.0,-7261.0,-204.0,-204.0,unit_payoff,unit_proxy,ok,
matrix_transformer,supervised,20,fold_1,2,20,test,2,38376,2,18213,0.2877065832097952,-7733.0,-7733.0,-676.0,-676.0,unit_payoff,unit_proxy,ok,
matrix_transformer,supervised,20,fold_1,2,20,test,5,38373,5,18213,0.2796354252457036,-8027.0,-8027.0,-970.0,-970.0,unit_payoff,unit_proxy,ok,
matrix_transformer,supervised,20,fold_1,2,20,test,10,38368,10,18213,0.2711799264261791,-8335.0,-8335.0,-1278.0,-1278.0,unit_payoff,unit_proxy,ok,
matrix_transformer,supervised,20,fold_2,0,20,test,0,28516,0,14929,0.25085404246768034,-7439.0,-7439.0,0.0,0.0,unit_payoff,unit_proxy,ok,
matrix_transformer,supervised,20,fold_2,0,20,test,1,28515,1,14929,0.24844262844128875,-7511.0,-7511.0,-72.0,-72.0,unit_payoff,unit_proxy,ok,
matrix_transformer,supervised,20,fold_2,0,20,test,2,28514,2,14929,0.24341884921963963,-7661.0,-7661.0,-222.0,-222.0,unit_payoff,unit_proxy,ok,
matrix_transformer,supervised,20,fold_2,0,20,test,5,28511,5,14929,0.24261504454417576,-7685.0,-7685.0,-246.0,-246.0,unit_payoff,unit_proxy,ok,
matrix_transformer,supervised,20,fold_2,0,20,test,10,28506,10,14929,0.24047156540960546,-7749.0,-7749.0,-310.0,-310.0,unit_payoff,unit_proxy,ok,
matrix_transformer,supervised,20,fold_2,1,20,test,0,28516,0,14705,0.2416865011900714,-7597.0,-7597.0,0.0,0.0,unit_payoff,unit_proxy,ok,
matrix_transformer,supervised,20,fold_2,1,20,test,1,28515,1,14705,0.24127847670860253,-7609.0,-7609.0,-12.0,-12.0,unit_payoff,unit_proxy,ok,
matrix_transformer,supervised,20,fold_2,1,20,test,2,28514,2,14705,0.2397823869432166,-7653.0,-7653.0,-56.0,-56.0,unit_payoff,unit_proxy,ok,
matrix_transformer,supervised,20,fold_2,1,20,test,5,28511,5,14705,0.23869432165929955,-7685.0,-7685.0,-88.0,-88.0,unit_payoff,unit_proxy,ok,
matrix_transformer,supervised,20,fold_2,1,20,test,10,28506,10,14705,0.23767426045562734,-7715.0,-7715.0,-118.0,-118.0,unit_payoff,unit_proxy,ok,
matrix_transformer,supervised,20,fold_2,2,20,test,0,28516,0,14743,0.2395034931832056,-7681.0,-7681.0,0.0,0.0,unit_payoff,unit_proxy,ok,
matrix_transformer,supervised,20,fold_2,2,20,test,1,28515,1,14743,0.23936783558298855,-7685.0,-7685.0,-4.0,-4.0,unit_payoff,unit_proxy,ok,
matrix_transformer,supervised,20,fold_2,2,20,test,2,28514,2,14743,0.23909652038255444,-7693.0,-7693.0,-12.0,-12.0,unit_payoff,unit_proxy,ok,
matrix_transformer,supervised,20,fold_2,2,20,test,5,28511,5,14743,0.23889303398222886,-7699.0,-7699.0,-18.0,-18.0,unit_payoff,unit_proxy,ok,
matrix_transformer,supervised,20,fold_2,2,20,test,10,28506,10,14743,0.23889303398222886,-7699.0,-7699.0,-18.0,-18.0,unit_payoff,unit_proxy,ok,
matrix_transformer,supervised,20,fold_3,0,20,test,0,37004,0,25658,0.31814638709174525,-9332.0,-9332.0,0.0,0.0,unit_payoff,unit_proxy,ok,
matrix_transformer,supervised,20,fold_3,0,20,test,1,37003,1,25658,0.3125730766232754,-9618.0,-9618.0,-286.0,-286.0,unit_payoff,unit_proxy,ok,
matrix_transformer,supervised,20,fold_3,0,20,test,2,37002,2,25658,0.30084184270013253,-10220.0,-10220.0,-888.0,-888.0,unit_payoff,unit_proxy,ok,
matrix_transformer,supervised,20,fold_3,0,20,test,5,36999,5,25658,0.2929690544859303,-10624.0,-10624.0,-1292.0,-1292.0,unit_payoff,unit_proxy,ok,
matrix_transformer,supervised,20,fold_3,0,20,test,10,36994,10,25656,0.28913314624259434,-10820.0,-10820.0,-1488.0,-1488.0,unit_payoff,unit_proxy,ok,
matrix_transformer,supervised,20,fold_3,1,20,test,0,37004,0,27705,0.32051976177585273,-9945.0,-9945.0,0.0,0.0,unit_payoff,unit_proxy,ok,
matrix_transformer,supervised,20,fold_3,1,20,test,1,37003,1,27704,0.31385359514871497,-10314.0,-10314.0,-369.0,-369.0,unit_payoff,unit_proxy,ok,
matrix_transformer,supervised,20,fold_3,1,20,test,2,37002,2,27704,0.3017253826162287,-10986.0,-10986.0,-1041.0,-1041.0,unit_payoff,unit_proxy,ok,
matrix_transformer,supervised,20,fold_3,1,20,test,5,36999,5,27701,0.2948630013356919,-11365.0,-11365.0,-1420.0,-1420.0,unit_payoff,unit_proxy,ok,
matrix_transformer,supervised,20,fold_3,1,20,test,10,36994,10,27697,0.28772069177167203,-11759.0,-11759.0,-1814.0,-1814.0,unit_payoff,unit_proxy,ok,
matrix_transformer,supervised,20,fold_3,2,20,test,0,37004,0,26840,0.30923994038748137,-10240.0,-10240.0,0.0,0.0,unit_payoff,unit_proxy,ok,
matrix_transformer,supervised,20,fold_3,2,20,test,1,37003,1,26840,0.3046199701937407,-10488.0,-10488.0,-248.0,-248.0,unit_payoff,unit_proxy,ok,
matrix_transformer,supervised,20,fold_3,2,20,test,2,37002,2,26840,0.2968703427719821,-10904.0,-10904.0,-664.0,-664.0,unit_payoff,unit_proxy,ok,
matrix_transformer,supervised,20,fold_3,2,20,test,5,36999,5,26840,0.2905737704918033,-11242.0,-11242.0,-1002.0,-1002.0,unit_payoff,unit_proxy,ok,
matrix_transformer,supervised,20,fold_3,2,20,test,10,36994,10,26840,0.28491058122205665,-11546.0,-11546.0,-1306.0,-1306.0,unit_payoff,unit_proxy,ok,
matrix_transformer,supervised,20,fold_4,0,20,test,0,34766,0,25044,0.34191822392589044,-7918.0,-7918.0,0.0,0.0,unit_payoff,unit_proxy,ok,
matrix_transformer,supervised,20,fold_4,0,20,test,1,34765,1,25044,0.3329340360964702,-8368.0,-8368.0,-450.0,-450.0,unit_payoff,unit_proxy,ok,
matrix_transformer,supervised,20,fold_4,0,20,test,2,34764,2,25043,0.31677514674759416,-9177.0,-9177.0,-1259.0,-1259.0,unit_payoff,unit_proxy,ok,
matrix_transformer,supervised,20,fold_4,0,20,test,5,34761,5,25040,0.30738817891373804,-9646.0,-9646.0,-1728.0,-1728.0,unit_payoff,unit_proxy,ok,
matrix_transformer,supervised,20,fold_4,0,20,test,10,34756,10,25035,0.2971040543239465,-10159.0,-10159.0,-2241.0,-2241.0,unit_payoff,unit_proxy,ok,
matrix_transformer,supervised,20,fold_4,1,20,test,0,34766,0,25548,0.33701268201033346,-8328.0,-8328.0,0.0,0.0,unit_payoff,unit_proxy,ok,
matrix_transformer,supervised,20,fold_4,1,20,test,1,34765,1,25548,0.3255832159073117,-8912.0,-8912.0,-584.0,-584.0,unit_payoff,unit_proxy,ok,
matrix_transformer,supervised,20,fold_4,1,20,test,2,34764,2,25548,0.30479881008298104,-9974.0,-9974.0,-1646.0,-1646.0,unit_payoff,unit_proxy,ok,
matrix_transformer,supervised,20,fold_4,1,20,test,5,34761,5,25548,0.2974009707217786,-10352.0,-10352.0,-2024.0,-2024.0,unit_payoff,unit_proxy,ok,
matrix_transformer,supervised,20,fold_4,1,20,test,10,34756,10,25546,0.2861113285837313,-10928.0,-10928.0,-2600.0,-2600.0,unit_payoff,unit_proxy,ok,
matrix_transformer,supervised,20,fold_4,2,20,test,0,34766,0,27218,0.33036960834741713,-9234.0,-9234.0,0.0,0.0,unit_payoff,unit_proxy,ok,
matrix_transformer,supervised,20,fold_4,2,20,test,1,34765,1,27218,0.3215519141744434,-9714.0,-9714.0,-480.0,-480.0,unit_payoff,unit_proxy,ok,
matrix_transformer,supervised,20,fold_4,2,20,test,2,34764,2,27218,0.30615768976412666,-10552.0,-10552.0,-1318.0,-1318.0,unit_payoff,unit_proxy,ok,
matrix_transformer,supervised,20,fold_4,2,20,test,5,34761,5,27216,0.29912551440329216,-10934.0,-10934.0,-1700.0,-1700.0,unit_payoff,unit_proxy,ok,
matrix_transformer,supervised,20,fold_4,2,20,test,10,34756,10,27211,0.28991951784204917,-11433.0,-11433.0,-2199.0,-2199.0,unit_payoff,unit_proxy,ok,
matrix_transformer,supervised,20,fold_5,0,20,test,0,39133,0,26085,0.36308223116733757,-7143.0,-7143.0,0.0,0.0,unit_payoff,unit_proxy,ok,
matrix_transformer,supervised,20,fold_5,0,20,test,1,39132,1,26084,0.3378316209170373,-8460.0,-8460.0,-1317.0,-1317.0,unit_payoff,unit_proxy,ok,
matrix_transformer,supervised,20,fold_5,0,20,test,2,39131,2,26083,0.307901698424261,-10021.0,-10021.0,-2878.0,-2878.0,unit_payoff,unit_proxy,ok,
matrix_transformer,supervised,20,fold_5,0,20,test,5,39128,5,26080,0.3004601226993865,-10408.0,-10408.0,-3265.0,-3265.0,unit_payoff,unit_proxy,ok,
matrix_transformer,supervised,20,fold_5,0,20,test,10,39123,10,26079,0.2888147551669926,-11015.0,-11015.0,-3872.0,-3872.0,unit_payoff,unit_proxy,ok,
matrix_transformer,supervised,20,fold_5,1,20,test,0,39133,0,22530,0.31877496671105193,-8166.0,-8166.0,0.0,0.0,unit_payoff,unit_proxy,ok,
matrix_transformer,supervised,20,fold_5,1,20,test,1,39132,1,22530,0.3128717265867732,-8432.0,-8432.0,-266.0,-266.0,unit_payoff,unit_proxy,ok,
matrix_transformer,supervised,20,fold_5,1,20,test,2,39131,2,22530,0.3050599201065246,-8784.0,-8784.0,-618.0,-618.0,unit_payoff,unit_proxy,ok,
matrix_transformer,supervised,20,fold_5,1,20,test,5,39128,5,22530,0.2957833999112295,-9202.0,-9202.0,-1036.0,-1036.0,unit_payoff,unit_proxy,ok,
matrix_transformer,supervised,20,fold_5,1,20,test,10,39123,10,22530,0.28806036395916557,-9550.0,-9550.0,-1384.0,-1384.0,unit_payoff,unit_proxy,ok,
matrix_transformer,supervised,20,fold_5,2,20,test,0,39133,0,25879,0.3449515050813401,-8025.0,-8025.0,0.0,0.0,unit_payoff,unit_proxy,ok,
matrix_transformer,supervised,20,fold_5,2,20,test,1,39132,1,25878,0.3248319035474148,-9066.0,-9066.0,-1041.0,-1041.0,unit_payoff,unit_proxy,ok,
matrix_transformer,supervised,20,fold_5,2,20,test,2,39131,2,25877,0.3012713993121305,-10285.0,-10285.0,-2260.0,-2260.0,unit_payoff,unit_proxy,ok,
matrix_transformer,supervised,20,fold_5,2,20,test,5,39128,5,25874,0.2933833191620932,-10692.0,-10692.0,-2667.0,-2667.0,unit_payoff,unit_proxy,ok,
matrix_transformer,supervised,20,fold_5,2,20,test,10,39123,10,25874,0.2859240936847801,-11078.0,-11078.0,-3053.0,-3053.0,unit_payoff,unit_proxy,ok,
matrix_transformer,supervised,50,fold_1,0,20,test,0,38378,0,30560,0.36387434554973824,-8320.0,-8320.0,0.0,0.0,unit_payoff,unit_proxy,ok,
matrix_transformer,supervised,50,fold_1,0,20,test,1,38377,1,30559,0.36283909813802806,-8383.0,-8383.0,-63.0,-63.0,unit_payoff,unit_proxy,ok,
matrix_transformer,supervised,50,fold_1,0,20,test,2,38376,2,30558,0.3609529419464625,-8498.0,-8498.0,-178.0,-178.0,unit_payoff,unit_proxy,ok,
matrix_transformer,supervised,50,fold_1,0,20,test,5,38373,5,30555,0.35120274914089344,-9093.0,-9093.0,-773.0,-773.0,unit_payoff,unit_proxy,ok,
matrix_transformer,supervised,50,fold_1,0,20,test,10,38368,10,30550,0.3467757774140753,-9362.0,-9362.0,-1042.0,-1042.0,unit_payoff,unit_proxy,ok,
matrix_transformer,supervised,50,fold_1,1,20,test,0,38378,0,36378,0.40087415470889,-7212.0,-7212.0,0.0,0.0,unit_payoff,unit_proxy,ok,
matrix_transformer,supervised,50,fold_1,1,20,test,1,38377,1,36377,0.3993732303378508,-7321.0,-7321.0,-109.0,-109.0,unit_payoff,unit_proxy,ok,
matrix_transformer,supervised,50,fold_1,1,20,test,2,38376,2,36376,0.3954255553111942,-7608.0,-7608.0,-396.0,-396.0,unit_payoff,unit_proxy,ok,
matrix_transformer,supervised,50,fold_1,1,20,test,5,38373,5,36373,0.3790723888598686,-8797.0,-8797.0,-1585.0,-1585.0,unit_payoff,unit_proxy,ok,
matrix_transformer,supervised,50,fold_1,1,20,test,10,38368,10,36368,0.37189287285525735,-9318.0,-9318.0,-2106.0,-2106.0,unit_payoff,unit_proxy,ok,
matrix_transformer,supervised,50,fold_1,2,20,test,0,38378,0,36494,0.41176631775086314,-6440.0,-6440.0,0.0,0.0,unit_payoff,unit_proxy,ok,
matrix_transformer,supervised,50,fold_1,2,20,test,1,38377,1,36493,0.40969501000191816,-6591.0,-6591.0,-151.0,-151.0,unit_payoff,unit_proxy,ok,
matrix_transformer,supervised,50,fold_1,2,20,test,2,38376,2,36492,0.40589718294420696,-6868.0,-6868.0,-428.0,-428.0,unit_payoff,unit_proxy,ok,
matrix_transformer,supervised,50,fold_1,2,20,test,5,38373,5,36489,0.38597933623831837,-8321.0,-8321.0,-1881.0,-1881.0,unit_payoff,unit_proxy,ok,
matrix_transformer,supervised,50,fold_1,2,20,test,10,38368,10,36484,0.37391733362569896,-9200.0,-9200.0,-2760.0,-2760.0,unit_payoff,unit_proxy,ok,
matrix_transformer,supervised,50,fold_2,0,20,test,0,28516,0,19162,0.4107086942907838,-3422.0,-3422.0,0.0,0.0,unit_payoff,unit_proxy,ok,
matrix_transformer,supervised,50,fold_2,0,20,test,1,28515,1,19162,0.4060640851685628,-3600.0,-3600.0,-178.0,-178.0,unit_payoff,unit_proxy,ok,
matrix_transformer,supervised,50,fold_2,0,20,test,2,28514,2,19162,0.39927982465295897,-3860.0,-3860.0,-438.0,-438.0,unit_payoff,unit_proxy,ok,
matrix_transformer,supervised,50,fold_2,0,20,test,5,28511,5,19162,0.36963782486170543,-4996.0,-4996.0,-1574.0,-1574.0,unit_payoff,unit_proxy,ok,
matrix_transformer,supervised,50,fold_2,0,20,test,10,28506,10,19162,0.3588351946560902,-5410.0,-5410.0,-1988.0,-1988.0,unit_payoff,unit_proxy,ok,
matrix_transformer,supervised,50,fold_2,1,20,test,0,28516,0,24646,0.39357299358922343,-5246.0,-5246.0,0.0,0.0,unit_payoff,unit_proxy,ok,
matrix_transformer,supervised,50,fold_2,1,20,test,1,28515,1,24646,0.3885011766615272,-5496.0,-5496.0,-250.0,-250.0,unit_payoff,unit_proxy,ok,
matrix_transformer,supervised,50,fold_2,1,20,test,2,28514,2,24646,0.3822932727420271,-5802.0,-5802.0,-556.0,-556.0,unit_payoff,unit_proxy,ok,
matrix_transformer,supervised,50,fold_2,1,20,test,5,28511,5,24646,0.35660959182017365,-7068.0,-7068.0,-1822.0,-1822.0,unit_payoff,unit_proxy,ok,
matrix_transformer,supervised,50,fold_2,1,20,test,10,28506,10,24646,0.346303659823095,-7576.0,-7576.0,-2330.0,-2330.0,unit_payoff,unit_proxy,ok,
matrix_transformer,supervised,50,fold_2,2,20,test,0,28516,0,27090,0.3428940568475452,-8512.0,-8512.0,0.0,0.0,unit_payoff,unit_proxy,ok,
matrix_transformer,supervised,50,fold_2,2,20,test,1,28515,1,27090,0.34208194905869327,-8556.0,-8556.0,-44.0,-44.0,unit_payoff,unit_proxy,ok,
matrix_transformer,supervised,50,fold_2,2,20,test,2,28514,2,27090,0.3409007013658176,-8620.0,-8620.0,-108.0,-108.0,unit_payoff,unit_proxy,ok,
matrix_transformer,supervised,50,fold_2,2,20,test,5,28511,5,27089,0.33456384510317844,-8963.0,-8963.0,-451.0,-451.0,unit_payoff,unit_proxy,ok,
matrix_transformer,supervised,50,fold_2,2,20,test,10,28506,10,27084,0.33141338059370845,-9132.0,-9132.0,-620.0,-620.0,unit_payoff,unit_proxy,ok,
matrix_transformer,supervised,50,fold_3,0,20,test,0,37004,0,28918,0.42105263157894735,-4566.0,-4566.0,0.0,0.0,unit_payoff,unit_proxy,ok,
matrix_transformer,supervised,50,fold_3,0,20,test,1,37003,1,28917,0.4168482207697894,-4809.0,-4809.0,-243.0,-243.0,unit_payoff,unit_proxy,ok,
matrix_transformer,supervised,50,fold_3,0,20,test,2,37002,2,28916,0.4133351777562595,-5012.0,-5012.0,-446.0,-446.0,unit_payoff,unit_proxy,ok,
matrix_transformer,supervised,50,fold_3,0,20,test,5,36999,5,28913,0.39483969148825787,-6081.0,-6081.0,-1515.0,-1515.0,unit_payoff,unit_proxy,ok,
matrix_transformer,supervised,50,fold_3,0,20,test,10,36994,10,28908,0.38837000138370004,-6454.0,-6454.0,-1888.0,-1888.0,unit_payoff,unit_proxy,ok,
matrix_transformer,supervised,50,fold_3,1,20,test,0,37004,0,30798,0.4205143191116306,-4896.0,-4896.0,0.0,0.0,unit_payoff,unit_proxy,ok,
matrix_transformer,supervised,50,fold_3,1,20,test,1,37003,1,30797,0.41721596259375915,-5099.0,-5099.0,-203.0,-203.0,unit_payoff,unit_proxy,ok,
matrix_transformer,supervised,50,fold_3,1,20,test,2,37002,2,30797,0.41286488943728283,-5367.0,-5367.0,-471.0,-471.0,unit_payoff,unit_proxy,ok,
matrix_transformer,supervised,50,fold_3,1,20,test,5,36999,5,30794,0.3899460933948172,-6778.0,-6778.0,-1882.0,-1882.0,unit_payoff,unit_proxy,ok,
matrix_transformer,supervised,50,fold_3,1,20,test,10,36994,10,30789,0.3818246776446133,-7277.0,-7277.0,-2381.0,-2381.0,unit_payoff,unit_proxy,ok,
matrix_transformer,supervised,50,fold_3,2,20,test,0,37004,0,30247,0.4165371772407181,-5049.0,-5049.0,0.0,0.0,unit_payoff,unit_proxy,ok,
matrix_transformer,supervised,50,fold_3,2,20,test,1,37003,1,30247,0.4123053525969518,-5305.0,-5305.0,-256.0,-256.0,unit_payoff,unit_proxy,ok,
matrix_transformer,supervised,50,fold_3,2,20,test,2,37002,2,30247,0.40794128343306774,-5569.0,-5569.0,-520.0,-520.0,unit_payoff,unit_proxy,ok,
matrix_transformer,supervised,50,fold_3,2,20,test,5,36999,5,30247,0.38995602869706086,-6657.0,-6657.0,-1608.0,-1608.0,unit_payoff,unit_proxy,ok,
matrix_transformer,supervised,50,fold_3,2,20,test,10,36994,10,30245,0.3827409489171764,-7093.0,-7093.0,-2044.0,-2044.0,unit_payoff,unit_proxy,ok,
matrix_transformer,supervised,50,fold_4,0,20,test,0,34766,0,32186,0.4581495059963959,-2694.0,-2694.0,0.0,0.0,unit_payoff,unit_proxy,ok,
matrix_transformer,supervised,50,fold_4,0,20,test,1,34765,1,32185,0.45381388845735593,-2973.0,-2973.0,-279.0,-279.0,unit_payoff,unit_proxy,ok,
matrix_transformer,supervised,50,fold_4,0,20,test,2,34764,2,32184,0.44776907780263486,-3362.0,-3362.0,-668.0,-668.0,unit_payoff,unit_proxy,ok,
matrix_transformer,supervised,50,fold_4,0,20,test,5,34761,5,32181,0.41928467107920825,-5195.0,-5195.0,-2501.0,-2501.0,unit_payoff,unit_proxy,ok,
matrix_transformer,supervised,50,fold_4,0,20,test,10,34756,10,32176,0.4075397812033814,-5950.0,-5950.0,-3256.0,-3256.0,unit_payoff,unit_proxy,ok,
matrix_transformer,supervised,50,fold_4,1,20,test,0,34766,0,30533,0.4656928569089182,-2095.0,-2095.0,0.0,0.0,unit_payoff,unit_proxy,ok,
matrix_transformer,supervised,50,fold_4,1,20,test,1,34765,1,30533,0.46002685618838635,-2441.0,-2441.0,-346.0,-346.0,unit_payoff,unit_proxy,ok,
matrix_transformer,supervised,50,fold_4,1,20,test,2,34764,2,30532,0.4534586663173064,-2842.0,-2842.0,-747.0,-747.0,unit_payoff,unit_proxy,ok,
matrix_transformer,supervised,50,fold_4,1,20,test,5,34761,5,30529,0.42667627501719674,-4477.0,-4477.0,-2382.0,-2382.0,unit_payoff,unit_proxy,ok,
matrix_transformer,supervised,50,fold_4,1,20,test,10,34756,10,30524,0.4136417245446206,-5272.0,-5272.0,-3177.0,-3177.0,unit_payoff,unit_proxy,ok,
matrix_transformer,supervised,50,fold_4,2,20,test,0,34766,0,32194,0.45219606137789653,-3078.0,-3078.0,0.0,0.0,unit_payoff,unit_proxy,ok,
matrix_transformer,supervised,50,fold_4,2,20,test,1,34765,1,32193,0.44848258938278507,-3317.0,-3317.0,-239.0,-239.0,unit_payoff,unit_proxy,ok,
matrix_transformer,supervised,50,fold_4,2,20,test,2,34764,2,32192,0.4426565606361829,-3692.0,-3692.0,-614.0,-614.0,unit_payoff,unit_proxy,ok,
matrix_transformer,supervised,50,fold_4,2,20,test,5,34761,5,32189,0.4193979309702072,-5189.0,-5189.0,-2111.0,-2111.0,unit_payoff,unit_proxy,ok,
matrix_transformer,supervised,50,fold_4,2,20,test,10,34756,10,32184,0.40824633358190404,-5906.0,-5906.0,-2828.0,-2828.0,unit_payoff,unit_proxy,ok,
matrix_transformer,supervised,50,fold_5,0,20,test,0,39133,0,32143,0.4506424415891485,-3173.0,-3173.0,0.0,0.0,unit_payoff,unit_proxy,ok,
matrix_transformer,supervised,50,fold_5,0,20,test,1,39132,1,32142,0.4452118723165951,-3522.0,-3522.0,-349.0,-349.0,unit_payoff,unit_proxy,ok,
matrix_transformer,supervised,50,fold_5,0,20,test,2,39131,2,32141,0.4394076102174792,-3895.0,-3895.0,-722.0,-722.0,unit_payoff,unit_proxy,ok,
matrix_transformer,supervised,50,fold_5,0,20,test,5,39128,5,32138,0.4062169394486278,-6028.0,-6028.0,-2855.0,-2855.0,unit_payoff,unit_proxy,ok,
matrix_transformer,supervised,50,fold_5,0,20,test,10,39123,10,32137,0.3887730653141239,-7149.0,-7149.0,-3976.0,-3976.0,unit_payoff,unit_proxy,ok,
matrix_transformer,supervised,50,fold_5,1,20,test,0,39133,0,33167,0.43296047275906774,-4447.0,-4447.0,0.0,0.0,unit_payoff,unit_proxy,ok,
matrix_transformer,supervised,50,fold_5,1,20,test,1,39132,1,33166,0.4268528010613279,-4852.0,-4852.0,-405.0,-405.0,unit_payoff,unit_proxy,ok,
matrix_transformer,supervised,50,fold_5,1,20,test,2,39131,2,33165,0.4209859791949344,-5241.0,-5241.0,-794.0,-794.0,unit_payoff,unit_proxy,ok,
matrix_transformer,supervised,50,fold_5,1,20,test,5,39128,5,33162,0.3956034014836258,-6924.0,-6924.0,-2477.0,-2477.0,unit_payoff,unit_proxy,ok,
matrix_transformer,supervised,50,fold_5,1,20,test,10,39123,10,33157,0.3784721175015834,-8059.0,-8059.0,-3612.0,-3612.0,unit_payoff,unit_proxy,ok,
matrix_transformer,supervised,50,fold_5,2,20,test,0,39133,0,30440,0.44464520367936927,-3370.0,-3370.0,0.0,0.0,unit_payoff,unit_proxy,ok,
matrix_transformer,supervised,50,fold_5,2,20,test,1,39132,1,30439,0.4396333650908374,-3675.0,-3675.0,-305.0,-305.0,unit_payoff,unit_proxy,ok,
matrix_transformer,supervised,50,fold_5,2,20,test,2,39131,2,30438,0.4336027334253236,-4042.0,-4042.0,-672.0,-672.0,unit_payoff,unit_proxy,ok,
matrix_transformer,supervised,50,fold_5,2,20,test,5,39128,5,30435,0.40565138820436997,-5743.0,-5743.0,-2373.0,-2373.0,unit_payoff,unit_proxy,ok,
matrix_transformer,supervised,50,fold_5,2,20,test,10,39123,10,30434,0.3930143917986462,-6512.0,-6512.0,-3142.0,-3142.0,unit_payoff,unit_proxy,ok,
