model_name,split,confidence_threshold,cost_bps,latency_steps,fold_count,coverage_mean,eligible_predictions_mean,turnover_proxy_mean,gross_signal_return_proxy_mean,cost_proxy_mean,net_signal_return_proxy_mean,net_signal_return_proxy_std,hit_rate_proxy_mean,status
elastic_net,test,0.0,0.0,0,5,1.0,16671.4,15811.0,19.697543779947186,0.0,19.697543779947186,4.0518727346809555,0.6021972891566216,ok
elastic_net,test,0.0,0.0,1,5,1.0,16670.4,15810.0,19.538370452466474,0.0,19.538370452466474,4.01740915201062,0.6021978086154889,ok
elastic_net,test,0.0,0.5,0,5,1.0,16671.4,15811.0,19.697543779947186,0.5,19.197543779947186,4.0518727346809555,0.6021972891566216,ok
elastic_net,test,0.0,0.5,1,5,1.0,16670.4,15810.0,19.538370452466474,0.5,19.038370452466474,4.01740915201062,0.6021978086154889,ok
elastic_net,test,0.0,1.0,0,5,1.0,16671.4,15811.0,19.697543779947186,1.0,18.697543779947186,4.0518727346809555,0.6021972891566216,ok
elastic_net,test,0.0,1.0,1,5,1.0,16670.4,15810.0,19.538370452466474,1.0,18.538370452466474,4.01740915201062,0.6021978086154889,ok
elastic_net,test,0.0,5.0,0,5,1.0,16671.4,15811.0,19.697543779947186,5.0,14.697543779947182,4.051872734680955,0.6021972891566216,ok
elastic_net,test,0.0,5.0,1,5,1.0,16670.4,15810.0,19.538370452466474,5.0,14.538370452466475,4.01740915201062,0.6021978086154889,ok
elastic_net,test,0.5,0.0,0,5,0.7143268959146806,11815.4,11652.2,18.2037569019253,0.0,18.2037569019253,4.5722148174931085,0.664685541534993,ok
elastic_net,test,0.5,0.0,1,5,0.7143152776614554,11814.6,11651.4,18.56750104014999,0.0,18.56750104014999,4.452740866772065,0.6646794719826878,ok
elastic_net,test,0.5,0.5,0,5,0.7143268959146806,11815.4,11652.2,18.2037569019253,0.5,17.7037569019253,4.5722148174931085,0.664685541534993,ok
elastic_net,test,0.5,0.5,1,5,0.7143152776614554,11814.6,11651.4,18.56750104014999,0.5,18.06750104014999,4.452740866772065,0.6646794719826878,ok
elastic_net,test,0.5,1.0,0,5,0.7143268959146806,11815.4,11652.2,18.2037569019253,1.0,17.2037569019253,4.5722148174931085,0.664685541534993,ok
elastic_net,test,0.5,1.0,1,5,0.7143152776614554,11814.6,11651.4,18.56750104014999,1.0,17.56750104014999,4.452740866772065,0.6646794719826878,ok
elastic_net,test,0.5,5.0,0,5,0.7143268959146806,11815.4,11652.2,18.2037569019253,5.0,13.2037569019253,4.572214817493108,0.664685541534993,ok
elastic_net,test,0.5,5.0,1,5,0.7143152776614554,11814.6,11651.4,18.56750104014999,5.0,13.567501040149988,4.452740866772065,0.6646794719826878,ok
elastic_net,test,0.6,0.0,0,5,0.4437787847250337,7270.2,7202.4,18.29805980287593,0.0,18.29805980287593,7.90071966344279,0.7140105673425973,ok
elastic_net,test,0.6,0.0,1,5,0.4438036879572153,7270.2,7202.4,19.775500596949254,0.0,19.775500596949254,5.687625706962374,0.7140107851299741,ok
elastic_net,test,0.6,0.5,0,5,0.4437787847250337,7270.2,7202.4,18.29805980287593,0.5,17.79805980287593,7.90071966344279,0.7140105673425973,ok
elastic_net,test,0.6,0.5,1,5,0.4438036879572153,7270.2,7202.4,19.775500596949254,0.5,19.275500596949254,5.687625706962374,0.7140107851299741,ok
elastic_net,test,0.6,1.0,0,5,0.4437787847250337,7270.2,7202.4,18.29805980287593,1.0,17.29805980287593,7.90071966344279,0.7140105673425973,ok
elastic_net,test,0.6,1.0,1,5,0.4438036879572153,7270.2,7202.4,19.775500596949254,1.0,18.775500596949254,5.687625706962374,0.7140107851299741,ok
elastic_net,test,0.6,5.0,0,5,0.4437787847250337,7270.2,7202.4,18.29805980287593,5.0,13.29805980287593,7.90071966344279,0.7140105673425973,ok
elastic_net,test,0.6,5.0,1,5,0.4438036879572153,7270.2,7202.4,19.775500596949254,5.0,14.775500596949254,5.687625706962374,0.7140107851299741,ok
elastic_net,test,0.7,0.0,0,5,0.20432316028915443,3326.2,3293.2,23.433327247870714,0.0,23.433327247870714,18.574434578235664,0.7695209616545303,ok
elastic_net,test,0.7,0.0,1,5,0.2043331394462249,3326.2,3293.2,23.621104334733147,0.0,23.621104334733147,15.89692823288222,0.7695151003860924,ok
elastic_net,test,0.7,0.5,0,5,0.20432316028915443,3326.2,3293.2,23.433327247870714,0.5,22.933327247870714,18.574434578235664,0.7695209616545303,ok
elastic_net,test,0.7,0.5,1,5,0.2043331394462249,3326.2,3293.2,23.621104334733147,0.5,23.121104334733147,15.89692823288222,0.7695151003860924,ok
elastic_net,test,0.7,1.0,0,5,0.20432316028915443,3326.2,3293.2,23.433327247870714,1.0,22.433327247870714,18.574434578235664,0.7695209616545303,ok
elastic_net,test,0.7,1.0,1,5,0.2043331394462249,3326.2,3293.2,23.621104334733147,1.0,22.621104334733147,15.89692823288222,0.7695151003860924,ok
elastic_net,test,0.7,5.0,0,5,0.20432316028915443,3326.2,3293.2,23.433327247870714,5.0,18.433327247870714,18.574434578235664,0.7695209616545303,ok
elastic_net,test,0.7,5.0,1,5,0.2043331394462249,3326.2,3293.2,23.621104334733147,5.0,18.62110433473315,15.89692823288222,0.7695151003860924,ok
gradient_boosting,test,0.0,0.0,0,5,1.0,16671.4,15346.4,13.028808645291075,0.0,13.028808645291075,9.479706649377867,0.6197996238882171,ok
gradient_boosting,test,0.0,0.0,1,5,1.0,16670.4,15345.6,10.597473661826209,0.0,10.597473661826209,9.504684643159543,0.6198156748099248,ok
gradient_boosting,test,0.0,0.5,0,5,1.0,16671.4,15346.4,13.028808645291075,0.5,12.528808645291075,9.479706649377867,0.6197996238882171,ok
gradient_boosting,test,0.0,0.5,1,5,1.0,16670.4,15345.6,10.597473661826209,0.5,10.097473661826209,9.504684643159543,0.6198156748099248,ok
gradient_boosting,test,0.0,1.0,0,5,1.0,16671.4,15346.4,13.028808645291075,1.0,12.028808645291075,9.479706649377867,0.6197996238882171,ok
gradient_boosting,test,0.0,1.0,1,5,1.0,16670.4,15345.6,10.597473661826209,1.0,9.597473661826209,9.504684643159543,0.6198156748099248,ok
gradient_boosting,test,0.0,5.0,0,5,1.0,16671.4,15346.4,13.028808645291075,5.0,8.028808645291075,9.479706649377867,0.6197996238882171,ok
gradient_boosting,test,0.0,5.0,1,5,1.0,16670.4,15345.6,10.597473661826209,5.0,5.597473661826209,9.504684643159543,0.6198156748099248,ok
gradient_boosting,test,0.5,0.0,0,5,0.7223532995933841,12012.0,11680.0,12.174072871674399,0.0,12.174072871674399,6.872261769219748,0.6933600895951877,ok
gradient_boosting,test,0.5,0.0,1,5,0.7223711224583811,12011.6,11679.6,10.963677774452469,0.0,10.963677774452469,6.567409510169981,0.6933569283998805,ok
gradient_boosting,test,0.5,0.5,0,5,0.7223532995933841,12012.0,11680.0,12.174072871674399,0.5,11.674072871674399,6.872261769219748,0.6933600895951877,ok
gradient_boosting,test,0.5,0.5,1,5,0.7223711224583811,12011.6,11679.6,10.963677774452469,0.5,10.463677774452469,6.567409510169981,0.6933569283998805,ok
gradient_boosting,test,0.5,1.0,0,5,0.7223532995933841,12012.0,11680.0,12.174072871674399,1.0,11.174072871674399,6.872261769219748,0.6933600895951877,ok
gradient_boosting,test,0.5,1.0,1,5,0.7223711224583811,12011.6,11679.6,10.963677774452469,1.0,9.963677774452469,6.567409510169981,0.6933569283998805,ok
gradient_boosting,test,0.5,5.0,0,5,0.7223532995933841,12012.0,11680.0,12.174072871674399,5.0,7.174072871674399,6.872261769219748,0.6933600895951877,ok
gradient_boosting,test,0.5,5.0,1,5,0.7223711224583811,12011.6,11679.6,10.963677774452469,5.0,5.963677774452472,6.567409510169981,0.6933569283998805,ok
gradient_boosting,test,0.6,0.0,0,5,0.5105436491935703,8445.4,8387.2,14.475989736957672,0.0,14.475989736957672,8.759493636778366,0.7423152849964688,ok
gradient_boosting,test,0.6,0.0,1,5,0.5105584074899282,8445.2,8387.0,13.903602382947241,0.0,13.903602382947241,7.483736635905614,0.74232260064067,ok
gradient_boosting,test,0.6,0.5,0,5,0.5105436491935703,8445.4,8387.2,14.475989736957672,0.5,13.975989736957672,8.759493636778366,0.7423152849964688,ok
gradient_boosting,test,0.6,0.5,1,5,0.5105584074899282,8445.2,8387.0,13.903602382947241,0.5,13.403602382947241,7.483736635905614,0.74232260064067,ok
gradient_boosting,test,0.6,1.0,0,5,0.5105436491935703,8445.4,8387.2,14.475989736957672,1.0,13.475989736957672,8.759493636778366,0.7423152849964688,ok
gradient_boosting,test,0.6,1.0,1,5,0.5105584074899282,8445.2,8387.0,13.903602382947241,1.0,12.903602382947241,7.483736635905614,0.74232260064067,ok
gradient_boosting,test,0.6,5.0,0,5,0.5105436491935703,8445.4,8387.2,14.475989736957672,5.0,9.475989736957672,8.759493636778364,0.7423152849964688,ok
gradient_boosting,test,0.6,5.0,1,5,0.5105584074899282,8445.2,8387.0,13.903602382947241,5.0,8.903602382947241,7.483736635905614,0.74232260064067,ok
gradient_boosting,test,0.7,0.0,0,5,0.2696739462231184,4480.6,4475.0,13.475326207828573,0.0,13.475326207828573,16.198936465942136,0.7961569734945371,ok
gradient_boosting,test,0.7,0.0,1,5,0.26970213620832484,4480.8,4475.2,9.72702405335214,0.0,9.72702405335214,16.495547008192954,0.7961940251905334,ok
gradient_boosting,test,0.7,0.5,0,5,0.2696739462231184,4480.6,4475.0,13.475326207828573,0.5,12.975326207828573,16.198936465942136,0.7961569734945371,ok
gradient_boosting,test,0.7,0.5,1,5,0.26970213620832484,4480.8,4475.2,9.72702405335214,0.5,9.22702405335214,16.495547008192954,0.7961940251905334,ok
gradient_boosting,test,0.7,1.0,0,5,0.2696739462231184,4480.6,4475.0,13.475326207828573,1.0,12.475326207828575,16.19893646594214,0.7961569734945371,ok
gradient_boosting,test,0.7,1.0,1,5,0.26970213620832484,4480.8,4475.2,9.72702405335214,1.0,8.72702405335214,16.495547008192954,0.7961940251905334,ok
gradient_boosting,test,0.7,5.0,0,5,0.2696739462231184,4480.6,4475.0,13.475326207828573,5.0,8.475326207828575,16.19893646594214,0.7961569734945371,ok
gradient_boosting,test,0.7,5.0,1,5,0.26970213620832484,4480.8,4475.2,9.72702405335214,5.0,4.727024053352141,16.495547008192954,0.7961940251905334,ok
logistic,test,0.0,0.0,0,5,1.0,16671.4,15809.2,19.69851517367156,0.0,19.69851517367156,4.054446748493216,0.6021438145248628,ok
logistic,test,0.0,0.0,1,5,1.0,16670.4,15808.2,19.542644675501855,0.0,19.542644675501855,4.02021028116421,0.6021443310395782,ok
logistic,test,0.0,0.5,0,5,1.0,16671.4,15809.2,19.69851517367156,0.5,19.19851517367156,4.054446748493216,0.6021438145248628,ok
logistic,test,0.0,0.5,1,5,1.0,16670.4,15808.2,19.542644675501855,0.5,19.042644675501855,4.02021028116421,0.6021443310395782,ok
logistic,test,0.0,1.0,0,5,1.0,16671.4,15809.2,19.69851517367156,1.0,18.69851517367156,4.054446748493216,0.6021438145248628,ok
logistic,test,0.0,1.0,1,5,1.0,16670.4,15808.2,19.542644675501855,1.0,18.542644675501855,4.02021028116421,0.6021443310395782,ok
logistic,test,0.0,5.0,0,5,1.0,16671.4,15809.2,19.69851517367156,5.0,14.698515173671558,4.054446748493216,0.6021438145248628,ok
logistic,test,0.0,5.0,1,5,1.0,16670.4,15808.2,19.542644675501855,5.0,14.542644675501856,4.02021028116421,0.6021443310395782,ok
logistic,test,0.5,0.0,0,5,0.7145700347566545,11818.8,11654.6,17.763928588565562,0.0,17.763928588565562,4.798835469055587,0.6646273435883423,ok
logistic,test,0.5,0.0,1,5,0.714558433766653,11818.0,11653.8,18.125034269976602,0.0,18.125034269976602,4.534347079703669,0.6646212504223961,ok
logistic,test,0.5,0.5,0,5,0.7145700347566545,11818.8,11654.6,17.763928588565562,0.5,17.263928588565562,4.798835469055587,0.6646273435883423,ok
logistic,test,0.5,0.5,1,5,0.714558433766653,11818.0,11653.8,18.125034269976602,0.5,17.625034269976602,4.534347079703669,0.6646212504223961,ok
logistic,test,0.5,1.0,0,5,0.7145700347566545,11818.8,11654.6,17.763928588565562,1.0,16.763928588565562,4.798835469055587,0.6646273435883423,ok
logistic,test,0.5,1.0,1,5,0.714558433766653,11818.0,11653.8,18.125034269976602,1.0,17.125034269976602,4.534347079703669,0.6646212504223961,ok
logistic,test,0.5,5.0,0,5,0.7145700347566545,11818.8,11654.6,17.763928588565562,5.0,12.763928588565562,4.798835469055587,0.6646273435883423,ok
logistic,test,0.5,5.0,1,5,0.714558433766653,11818.0,11653.8,18.125034269976602,5.0,13.1250342699766,4.534347079703669,0.6646212504223961,ok
logistic,test,0.6,0.0,0,5,0.4438226492969501,7271.0,7202.0,18.29462722982246,0.0,18.29462722982246,7.895799438905734,0.7138783064173013,ok
logistic,test,0.6,0.0,1,5,0.4438475550503423,7271.0,7202.0,19.773787745507594,0.0,19.773787745507594,5.684042309416085,0.7138785208360704,ok
logistic,test,0.6,0.5,0,5,0.4438226492969501,7271.0,7202.0,18.29462722982246,0.5,17.79462722982246,7.895799438905734,0.7138783064173013,ok
logistic,test,0.6,0.5,1,5,0.4438475550503423,7271.0,7202.0,19.773787745507594,0.5,19.273787745507594,5.684042309416085,0.7138785208360704,ok
logistic,test,0.6,1.0,0,5,0.4438226492969501,7271.0,7202.0,18.29462722982246,1.0,17.29462722982246,7.895799438905734,0.7138783064173013,ok
logistic,test,0.6,1.0,1,5,0.4438475550503423,7271.0,7202.0,19.773787745507594,1.0,18.773787745507594,5.684042309416085,0.7138785208360704,ok
logistic,test,0.6,5.0,0,5,0.4438226492969501,7271.0,7202.0,18.29462722982246,5.0,13.294627229822462,7.895799438905734,0.7138783064173013,ok
logistic,test,0.6,5.0,1,5,0.4438475550503423,7271.0,7202.0,19.773787745507594,5.0,14.773787745507594,5.684042309416085,0.7138785208360704,ok
logistic,test,0.7,0.0,0,5,0.20452525731927745,3329.4,3296.4,23.39734126604795,0.0,23.39734126604795,18.524406533231712,0.7697476525118125,ok
logistic,test,0.7,0.0,1,5,0.20453524955882418,3329.4,3296.4,23.59326615567695,0.0,23.59326615567695,15.836341636639846,0.7697417447574038,ok
logistic,test,0.7,0.5,0,5,0.20452525731927745,3329.4,3296.4,23.39734126604795,0.5,22.89734126604795,18.524406533231712,0.7697476525118125,ok
logistic,test,0.7,0.5,1,5,0.20453524955882418,3329.4,3296.4,23.59326615567695,0.5,23.09326615567695,15.836341636639846,0.7697417447574038,ok
logistic,test,0.7,1.0,0,5,0.20452525731927745,3329.4,3296.4,23.39734126604795,1.0,22.39734126604795,18.524406533231712,0.7697476525118125,ok
logistic,test,0.7,1.0,1,5,0.20453524955882418,3329.4,3296.4,23.59326615567695,1.0,22.59326615567695,15.836341636639846,0.7697417447574038,ok
logistic,test,0.7,5.0,0,5,0.20452525731927745,3329.4,3296.4,23.39734126604795,5.0,18.39734126604795,18.524406533231712,0.7697476525118125,ok
logistic,test,0.7,5.0,1,5,0.20453524955882418,3329.4,3296.4,23.59326615567695,5.0,18.59326615567695,15.836341636639846,0.7697417447574038,ok
majority,test,0.0,0.0,0,5,1.0,16671.4,16671.4,21.28622984703073,0.0,21.28622984703073,4.168286027747496,0.5893700656289758,ok
majority,test,0.0,0.0,1,5,1.0,16670.4,16670.4,21.28582479955753,0.0,21.28582479955753,4.1680733545754745,0.5893697951558332,ok
majority,test,0.0,0.5,0,5,1.0,16671.4,16671.4,21.28622984703073,0.5,20.78622984703073,4.168286027747496,0.5893700656289758,ok
majority,test,0.0,0.5,1,5,1.0,16670.4,16670.4,21.28582479955753,0.5,20.78582479955753,4.1680733545754745,0.5893697951558332,ok
majority,test,0.0,1.0,0,5,1.0,16671.4,16671.4,21.28622984703073,1.0,20.28622984703073,4.168286027747496,0.5893700656289758,ok
majority,test,0.0,1.0,1,5,1.0,16670.4,16670.4,21.28582479955753,1.0,20.28582479955753,4.1680733545754745,0.5893697951558332,ok
majority,test,0.0,5.0,0,5,1.0,16671.4,16671.4,21.28622984703073,5.0,16.28622984703073,4.168286027747496,0.5893700656289758,ok
majority,test,0.0,5.0,1,5,1.0,16670.4,16670.4,21.28582479955753,5.0,16.28582479955753,4.1680733545754745,0.5893697951558332,ok
majority,test,0.5,0.0,0,5,1.0,16671.4,16671.4,21.28622984703073,0.0,21.28622984703073,4.168286027747496,0.5893700656289758,ok
majority,test,0.5,0.0,1,5,1.0,16670.4,16670.4,21.28582479955753,0.0,21.28582479955753,4.1680733545754745,0.5893697951558332,ok
majority,test,0.5,0.5,0,5,1.0,16671.4,16671.4,21.28622984703073,0.5,20.78622984703073,4.168286027747496,0.5893700656289758,ok
majority,test,0.5,0.5,1,5,1.0,16670.4,16670.4,21.28582479955753,0.5,20.78582479955753,4.1680733545754745,0.5893697951558332,ok
majority,test,0.5,1.0,0,5,1.0,16671.4,16671.4,21.28622984703073,1.0,20.28622984703073,4.168286027747496,0.5893700656289758,ok
majority,test,0.5,1.0,1,5,1.0,16670.4,16670.4,21.28582479955753,1.0,20.28582479955753,4.1680733545754745,0.5893697951558332,ok
majority,test,0.5,5.0,0,5,1.0,16671.4,16671.4,21.28622984703073,5.0,16.28622984703073,4.168286027747496,0.5893700656289758,ok
majority,test,0.5,5.0,1,5,1.0,16670.4,16670.4,21.28582479955753,5.0,16.28582479955753,4.1680733545754745,0.5893697951558332,ok
majority,test,0.6,0.0,0,5,1.0,16671.4,16671.4,21.28622984703073,0.0,21.28622984703073,4.168286027747496,0.5893700656289758,ok
majority,test,0.6,0.0,1,5,1.0,16670.4,16670.4,21.28582479955753,0.0,21.28582479955753,4.1680733545754745,0.5893697951558332,ok
majority,test,0.6,0.5,0,5,1.0,16671.4,16671.4,21.28622984703073,0.5,20.78622984703073,4.168286027747496,0.5893700656289758,ok
majority,test,0.6,0.5,1,5,1.0,16670.4,16670.4,21.28582479955753,0.5,20.78582479955753,4.1680733545754745,0.5893697951558332,ok
majority,test,0.6,1.0,0,5,1.0,16671.4,16671.4,21.28622984703073,1.0,20.28622984703073,4.168286027747496,0.5893700656289758,ok
majority,test,0.6,1.0,1,5,1.0,16670.4,16670.4,21.28582479955753,1.0,20.28582479955753,4.1680733545754745,0.5893697951558332,ok
majority,test,0.6,5.0,0,5,1.0,16671.4,16671.4,21.28622984703073,5.0,16.28622984703073,4.168286027747496,0.5893700656289758,ok
majority,test,0.6,5.0,1,5,1.0,16670.4,16670.4,21.28582479955753,5.0,16.28582479955753,4.1680733545754745,0.5893697951558332,ok
majority,test,0.7,0.0,0,5,0.0,0.0,0.0,0.0,0.0,0.0,0.0,0.0,ok
majority,test,0.7,0.0,1,5,0.0,0.0,0.0,0.0,0.0,0.0,0.0,0.0,ok
majority,test,0.7,0.5,0,5,0.0,0.0,0.0,0.0,0.0,0.0,0.0,0.0,ok
majority,test,0.7,0.5,1,5,0.0,0.0,0.0,0.0,0.0,0.0,0.0,0.0,ok
majority,test,0.7,1.0,0,5,0.0,0.0,0.0,0.0,0.0,0.0,0.0,0.0,ok
majority,test,0.7,1.0,1,5,0.0,0.0,0.0,0.0,0.0,0.0,0.0,0.0,ok
majority,test,0.7,5.0,0,5,0.0,0.0,0.0,0.0,0.0,0.0,0.0,0.0,ok
majority,test,0.7,5.0,1,5,0.0,0.0,0.0,0.0,0.0,0.0,0.0,0.0,ok
random_forest,test,0.0,0.0,0,5,1.0,16671.4,15191.0,9.824365963998629,0.0,9.824365963998629,5.42495117707914,0.601966374238325,ok
random_forest,test,0.0,0.0,1,5,1.0,16670.4,15190.0,9.963590599004672,0.0,9.963590599004672,5.290315860615991,0.6019812137288194,ok
random_forest,test,0.0,0.5,0,5,1.0,16671.4,15191.0,9.824365963998629,0.5,9.324365963998629,5.424951177079138,0.601966374238325,ok
random_forest,test,0.0,0.5,1,5,1.0,16670.4,15190.0,9.963590599004672,0.5,9.463590599004672,5.290315860615991,0.6019812137288194,ok
random_forest,test,0.0,1.0,0,5,1.0,16671.4,15191.0,9.824365963998629,1.0,8.824365963998629,5.424951177079138,0.601966374238325,ok
random_forest,test,0.0,1.0,1,5,1.0,16670.4,15190.0,9.963590599004672,1.0,8.963590599004672,5.290315860615991,0.6019812137288194,ok
random_forest,test,0.0,5.0,0,5,1.0,16671.4,15191.0,9.824365963998629,5.0,4.824365963998628,5.424951177079137,0.601966374238325,ok
random_forest,test,0.0,5.0,1,5,1.0,16670.4,15190.0,9.963590599004672,5.0,4.963590599004671,5.29031586061599,0.6019812137288194,ok
random_forest,test,0.5,0.0,0,5,0.5261848890536227,8857.2,8620.8,8.834683888259775,0.0,8.834683888259775,5.00465437430751,0.7085968675976854,ok
random_forest,test,0.5,0.0,1,5,0.5261943529522707,8856.8,8620.4,8.056001192803246,0.0,8.056001192803246,4.260117788373455,0.7086438327875367,ok
random_forest,test,0.5,0.5,0,5,0.5261848890536227,8857.2,8620.8,8.834683888259775,0.5,8.334683888259775,5.00465437430751,0.7085968675976854,ok
random_forest,test,0.5,0.5,1,5,0.5261943529522707,8856.8,8620.4,8.056001192803246,0.5,7.556001192803246,4.260117788373455,0.7086438327875367,ok
random_forest,test,0.5,1.0,0,5,0.5261848890536227,8857.2,8620.8,8.834683888259775,1.0,7.834683888259775,5.00465437430751,0.7085968675976854,ok
random_forest,test,0.5,1.0,1,5,0.5261943529522707,8856.8,8620.4,8.056001192803246,1.0,7.056001192803246,4.260117788373455,0.7086438327875367,ok
random_forest,test,0.5,5.0,0,5,0.5261848890536227,8857.2,8620.8,8.834683888259775,5.0,3.834683888259775,5.00465437430751,0.7085968675976854,ok
random_forest,test,0.5,5.0,1,5,0.5261943529522707,8856.8,8620.4,8.056001192803246,5.0,3.0560011928032456,4.260117788373455,0.7086438327875367,ok
random_forest,test,0.6,0.0,0,5,0.26288276228070634,4499.8,4476.4,8.587376563426194,0.0,8.587376563426194,6.877307722036886,0.7703557699654018,ok
random_forest,test,0.6,0.0,1,5,0.26287758696376,4499.4,4476.0,5.301053421748182,0.0,5.301053421748182,5.866279530272334,0.7704377475901343,ok
random_forest,test,0.6,0.5,0,5,0.26288276228070634,4499.8,4476.4,8.587376563426194,0.5,8.087376563426194,6.877307722036886,0.7703557699654018,ok
random_forest,test,0.6,0.5,1,5,0.26287758696376,4499.4,4476.0,5.301053421748182,0.5,4.801053421748182,5.866279530272334,0.7704377475901343,ok
random_forest,test,0.6,1.0,0,5,0.26288276228070634,4499.8,4476.4,8.587376563426194,1.0,7.5873765634261945,6.877307722036886,0.7703557699654018,ok
random_forest,test,0.6,1.0,1,5,0.26287758696376,4499.4,4476.0,5.301053421748182,1.0,4.301053421748182,5.866279530272334,0.7704377475901343,ok
random_forest,test,0.6,5.0,0,5,0.26288276228070634,4499.8,4476.4,8.587376563426194,5.0,3.5873765634261945,6.877307722036886,0.7703557699654018,ok
random_forest,test,0.6,5.0,1,5,0.26287758696376,4499.4,4476.0,5.301053421748182,5.0,0.3010534217481823,5.866279530272334,0.7704377475901343,ok
random_forest,test,0.7,0.0,0,5,0.11005040448720986,1942.4,1941.0,44.28779334335533,0.0,44.28779334335533,78.16248968095516,0.8063109938523901,ok
random_forest,test,0.7,0.0,1,5,0.11006014641680631,1942.4,1941.0,43.548235415033304,0.0,43.548235415033304,77.67462901315429,0.8064841088836733,ok
random_forest,test,0.7,0.5,0,5,0.11005040448720986,1942.4,1941.0,44.28779334335533,0.5,43.78779334335533,78.16248968095516,0.8063109938523901,ok
random_forest,test,0.7,0.5,1,5,0.11006014641680631,1942.4,1941.0,43.548235415033304,0.5,43.048235415033304,77.67462901315429,0.8064841088836733,ok
random_forest,test,0.7,1.0,0,5,0.11005040448720986,1942.4,1941.0,44.28779334335533,1.0,43.28779334335533,78.16248968095516,0.8063109938523901,ok
random_forest,test,0.7,1.0,1,5,0.11006014641680631,1942.4,1941.0,43.548235415033304,1.0,42.548235415033304,77.67462901315429,0.8064841088836733,ok
random_forest,test,0.7,5.0,0,5,0.11005040448720986,1942.4,1941.0,44.28779334335533,5.0,39.28779334335533,78.16248968095516,0.8063109938523901,ok
random_forest,test,0.7,5.0,1,5,0.11006014641680631,1942.4,1941.0,43.548235415033304,5.0,38.548235415033304,77.67462901315429,0.8064841088836733,ok
