fold,horizon,seed,lookback,model_family,pretraining_objective,accuracy,macro_f1,mcc,ece,brier_score,nll,class_f1_down,class_f1_stationary,class_f1_up,checkpoint_hash,prediction_file,status,run_id,run_dir,architecture_hash,preprocessing_hash
1,10,0,20,matrix_transformer,none,0.7636927406326541,0.6905555155280024,0.5673478511817102,0.0626789892359549,0.3364609077059285,0.6172381100956662,0.6019023639669884,0.8573213393303348,0.6124428432866842,,runs/fold_1/horizon_10/seed_0/lookback_20/supervised/predictions.csv,skipped_existing,fold_1__h10__seed_0__lb20__supervised,runs/fold_1/horizon_10/seed_0/lookback_20/supervised,2e2feee62699780fadb3d39c5ac4422c25f9b26d9ad686053fa8c24eec0ee424,ca46a2b84ab96513913dac21b2cef72994c9ad6cb4f1f8e08d511d0597ac7cc9
1,10,0,20,deeplob_style,none,0.7019386106623586,0.5808968714683559,0.4352692546722922,0.0291108866532902,0.4334319222735054,0.7789922624316195,0.4143333033222292,0.8200866343911092,0.5082706766917293,,runs/fold_1/horizon_10/seed_0/lookback_20/deeplob_style/supervised/predictions.csv,skipped_existing,fold_1__h10__seed_0__lb20__deeplob_style__supervised,runs/fold_1/horizon_10/seed_0/lookback_20/deeplob_style/supervised,12a04f3b0b612c8a0654943c7330fd7e0416eae1bca1c5dd026402083b2a5eef,ca46a2b84ab96513913dac21b2cef72994c9ad6cb4f1f8e08d511d0597ac7cc9
1,10,0,50,matrix_transformer,none,0.5884009596328361,0.2521758721161697,0.000797298235824,0.1357129014604449,0.6061327523859197,1.0121370357401378,0.0,0.7411189248834796,0.0154086914650294,,runs/fold_1/horizon_10/seed_0/lookback_50/supervised/predictions.csv,skipped_existing,fold_1__h10__seed_0__lb50__supervised,runs/fold_1/horizon_10/seed_0/lookback_50/supervised,c523a2ab26949485be3d31668181ed66e6c84a8e94b506b4a23f7b57ff0fb0ff,4ef849147d9557a347ee2880a910858fb7e8f32ea3c1112a89353054057dfe94
1,10,0,50,deeplob_style,none,0.6802180035464692,0.5571493472336008,0.3864368465330707,0.0274236206056488,0.4470819867054393,0.7895907973409446,0.4483875945070205,0.7986432793875375,0.4244171678062443,,runs/fold_1/horizon_10/seed_0/lookback_50/deeplob_style/supervised/predictions.csv,skipped_existing,fold_1__h10__seed_0__lb50__deeplob_style__supervised,runs/fold_1/horizon_10/seed_0/lookback_50/deeplob_style/supervised,2f1b558f4a94415078acbc2382b04a7caff74ba4bf3c2f330a7c961d8da74568,4ef849147d9557a347ee2880a910858fb7e8f32ea3c1112a89353054057dfe94
1,10,0,100,matrix_transformer,none,0.3899681445506293,0.2681549479131686,-0.0331211049917484,0.1226473407329068,0.6188882888815131,1.0287767991100334,0.0,0.5342826260632548,0.2701822176762511,,runs/fold_1/horizon_10/seed_0/lookback_100/supervised/predictions.csv,skipped_existing,fold_1__h10__seed_0__lb100__supervised,runs/fold_1/horizon_10/seed_0/lookback_100/supervised,db5e5bc9864dbf78014df5c71bdf7ec59d42d09615e5ebef2fa8b2736527f9b4,ccb3e3ab1d8626d36071c352a769ade2f685be3b4713e2cd6dfecadbf4edb314
1,10,0,100,deeplob_style,none,0.684187163820565,0.5604026023263821,0.4014828277946989,0.0853271861922052,0.4857317357717997,1.0495821201084707,0.5140534582529622,0.806275687638318,0.3608786610878661,,runs/fold_1/horizon_10/seed_0/lookback_100/deeplob_style/supervised/predictions.csv,skipped_existing,fold_1__h10__seed_0__lb100__deeplob_style__supervised,runs/fold_1/horizon_10/seed_0/lookback_100/deeplob_style/supervised,4378636258bb887a7a197217cdb109a7a859d2bb5d8622fdf879a5899a3f5cd5,ccb3e3ab1d8626d36071c352a769ade2f685be3b4713e2cd6dfecadbf4edb314
1,10,1,20,matrix_transformer,none,0.742560842149148,0.6736789523869705,0.538546440997973,0.0556137604469569,0.3617009204584684,0.6550043694852371,0.5938343693099768,0.8421324383632374,0.5850700494876978,,runs/fold_1/horizon_10/seed_1/lookback_20/supervised/predictions.csv,skipped_existing,fold_1__h10__seed_1__lb20__supervised,runs/fold_1/horizon_10/seed_1/lookback_20/supervised,2e2feee62699780fadb3d39c5ac4422c25f9b26d9ad686053fa8c24eec0ee424,ca46a2b84ab96513913dac21b2cef72994c9ad6cb4f1f8e08d511d0597ac7cc9
1,10,1,20,deeplob_style,none,0.6792693730783261,0.5967851631907861,0.4185636363811408,0.0909671690453814,0.4662864436509759,0.801584620024484,0.4917080256627527,0.7916270620788712,0.5070204018307346,,runs/fold_1/horizon_10/seed_1/lookback_20/deeplob_style/supervised/predictions.csv,skipped_existing,fold_1__h10__seed_1__lb20__deeplob_style__supervised,runs/fold_1/horizon_10/seed_1/lookback_20/deeplob_style/supervised,12a04f3b0b612c8a0654943c7330fd7e0416eae1bca1c5dd026402083b2a5eef,ca46a2b84ab96513913dac21b2cef72994c9ad6cb4f1f8e08d511d0597ac7cc9
1,10,1,50,matrix_transformer,none,0.3857828309168666,0.2729783754213661,-0.0336438799737324,0.1479421485402079,0.6836034258394454,1.1394996991471409,0.0210187932739861,0.5277034863080163,0.2702128466820958,,runs/fold_1/horizon_10/seed_1/lookback_50/supervised/predictions.csv,skipped_existing,fold_1__h10__seed_1__lb50__supervised,runs/fold_1/horizon_10/seed_1/lookback_50/supervised,c523a2ab26949485be3d31668181ed66e6c84a8e94b506b4a23f7b57ff0fb0ff,4ef849147d9557a347ee2880a910858fb7e8f32ea3c1112a89353054057dfe94
1,10,1,50,deeplob_style,none,0.5234953582976948,0.5056787374273811,0.3048520410054856,0.1278619603663999,0.5473943971230391,0.9249647514790122,0.4807777942704468,0.613167142543378,0.4230912754683185,,runs/fold_1/horizon_10/seed_1/lookback_50/deeplob_style/supervised/predictions.csv,skipped_existing,fold_1__h10__seed_1__lb50__deeplob_style__supervised,runs/fold_1/horizon_10/seed_1/lookback_50/deeplob_style/supervised,2f1b558f4a94415078acbc2382b04a7caff74ba4bf3c2f330a7c961d8da74568,4ef849147d9557a347ee2880a910858fb7e8f32ea3c1112a89353054057dfe94
1,10,1,100,matrix_transformer,none,0.3861559350357721,0.2666516771363188,-0.034054565900771,0.1451555543547976,0.6695766058023513,1.1120346238912555,0.0,0.5288434214265416,0.2711116099824148,,runs/fold_1/horizon_10/seed_1/lookback_100/supervised/predictions.csv,skipped_existing,fold_1__h10__seed_1__lb100__supervised,runs/fold_1/horizon_10/seed_1/lookback_100/supervised,db5e5bc9864dbf78014df5c71bdf7ec59d42d09615e5ebef2fa8b2736527f9b4,ccb3e3ab1d8626d36071c352a769ade2f685be3b4713e2cd6dfecadbf4edb314
1,10,1,100,deeplob_style,none,0.478353961042352,0.4441168466878077,0.2441967638136755,0.3226184704383799,0.7690743895632631,1.4286082893829943,0.3909016055990119,0.584234000054724,0.3572149344096871,,runs/fold_1/horizon_10/seed_1/lookback_100/deeplob_style/supervised/predictions.csv,skipped_existing,fold_1__h10__seed_1__lb100__deeplob_style__supervised,runs/fold_1/horizon_10/seed_1/lookback_100/deeplob_style/supervised,4378636258bb887a7a197217cdb109a7a859d2bb5d8622fdf879a5899a3f5cd5,ccb3e3ab1d8626d36071c352a769ade2f685be3b4713e2cd6dfecadbf4edb314
1,10,2,20,matrix_transformer,none,0.7654385324925739,0.6885389148367689,0.5691618482230616,0.0681111293624506,0.3383753486002777,0.623752544977853,0.6044121677171828,0.8601645123384254,0.6010400644546986,,runs/fold_1/horizon_10/seed_2/lookback_20/supervised/predictions.csv,skipped_existing,fold_1__h10__seed_2__lb20__supervised,runs/fold_1/horizon_10/seed_2/lookback_20/supervised,2e2feee62699780fadb3d39c5ac4422c25f9b26d9ad686053fa8c24eec0ee424,ca46a2b84ab96513913dac21b2cef72994c9ad6cb4f1f8e08d511d0597ac7cc9
1,10,2,20,deeplob_style,none,0.7436552191359633,0.6336027393177105,0.5225967069215747,0.0326674690612797,0.3684378053755106,0.683734153418352,0.4579439252336448,0.8569319768601635,0.5859323158593231,,runs/fold_1/horizon_10/seed_2/lookback_20/deeplob_style/supervised/predictions.csv,skipped_existing,fold_1__h10__seed_2__lb20__deeplob_style__supervised,runs/fold_1/horizon_10/seed_2/lookback_20/deeplob_style/supervised,12a04f3b0b612c8a0654943c7330fd7e0416eae1bca1c5dd026402083b2a5eef,ca46a2b84ab96513913dac21b2cef72994c9ad6cb4f1f8e08d511d0597ac7cc9
1,10,2,50,matrix_transformer,none,0.7173776989673516,0.63934248711728,0.48455656072913,0.0395623482307376,0.3903510752785569,0.6945323668138564,0.541647701411015,0.820888935588946,0.5554908243518788,,runs/fold_1/horizon_10/seed_2/lookback_50/supervised/predictions.csv,skipped_existing,fold_1__h10__seed_2__lb50__supervised,runs/fold_1/horizon_10/seed_2/lookback_50/supervised,c523a2ab26949485be3d31668181ed66e6c84a8e94b506b4a23f7b57ff0fb0ff,4ef849147d9557a347ee2880a910858fb7e8f32ea3c1112a89353054057dfe94
1,10,2,50,deeplob_style,none,0.4843538124543652,0.4792558269130391,0.2928896981121808,0.2148264411600378,0.6934638325348093,1.3717971376855285,0.4397196629655878,0.5249189565849668,0.4731288611885627,,runs/fold_1/horizon_10/seed_2/lookback_50/deeplob_style/supervised/predictions.csv,skipped_existing,fold_1__h10__seed_2__lb50__deeplob_style__supervised,runs/fold_1/horizon_10/seed_2/lookback_50/deeplob_style/supervised,2f1b558f4a94415078acbc2382b04a7caff74ba4bf3c2f330a7c961d8da74568,4ef849147d9557a347ee2880a910858fb7e8f32ea3c1112a89353054057dfe94
1,10,2,100,matrix_transformer,none,0.3863126011802182,0.2666922689166867,-0.0341753104594224,0.1607446648571372,0.6444851418443373,1.0678892489834657,0.0,0.5290414201183432,0.2710353866317169,,runs/fold_1/horizon_10/seed_2/lookback_100/supervised/predictions.csv,skipped_existing,fold_1__h10__seed_2__lb100__supervised,runs/fold_1/horizon_10/seed_2/lookback_100/supervised,db5e5bc9864dbf78014df5c71bdf7ec59d42d09615e5ebef2fa8b2736527f9b4,ccb3e3ab1d8626d36071c352a769ade2f685be3b4713e2cd6dfecadbf4edb314
1,10,2,100,deeplob_style,none,0.5964541229307013,0.5226350245640278,0.329927709875311,0.0635874386450214,0.5374868373433869,1.021479435776984,0.4430060138640224,0.7294675877468425,0.3954314720812182,,runs/fold_1/horizon_10/seed_2/lookback_100/deeplob_style/supervised/predictions.csv,skipped_existing,fold_1__h10__seed_2__lb100__deeplob_style__supervised,runs/fold_1/horizon_10/seed_2/lookback_100/deeplob_style/supervised,4378636258bb887a7a197217cdb109a7a859d2bb5d8622fdf879a5899a3f5cd5,ccb3e3ab1d8626d36071c352a769ade2f685be3b4713e2cd6dfecadbf4edb314
1,50,0,20,matrix_transformer,none,0.6429725363489499,0.6470251969018043,0.470332173653276,0.1295822168577735,0.5062587371736692,0.891032988345411,0.6337584893158854,0.711782025517596,0.5955350758719313,,runs/fold_1/horizon_50/seed_0/lookback_20/supervised/predictions.csv,skipped_existing,fold_1__h50__seed_0__lb20__supervised,runs/fold_1/horizon_50/seed_0/lookback_20/supervised,2e2feee62699780fadb3d39c5ac4422c25f9b26d9ad686053fa8c24eec0ee424,ed63f5f5f99cee594f679bf77854bfe6e5b34bb2a372d8cd1ad92b95014708ea
1,50,0,20,deeplob_style,none,0.4607327114492678,0.4402015520576796,0.2117305281379548,0.130609186354998,0.633049554511816,1.0418367329150984,0.5259624350606101,0.3888504155124653,0.4057918055999635,,runs/fold_1/horizon_50/seed_0/lookback_20/deeplob_style/supervised/predictions.csv,skipped_existing,fold_1__h50__seed_0__lb20__deeplob_style__supervised,runs/fold_1/horizon_50/seed_0/lookback_20/deeplob_style/supervised,12a04f3b0b612c8a0654943c7330fd7e0416eae1bca1c5dd026402083b2a5eef,ed63f5f5f99cee594f679bf77854bfe6e5b34bb2a372d8cd1ad92b95014708ea
1,50,0,50,matrix_transformer,none,0.5238082820486075,0.5162278955480383,0.2850297749315215,0.1648555656509902,0.6335325145022588,1.0848198654857286,0.4957257794166946,0.4882075471698113,0.5647503600576093,,runs/fold_1/horizon_50/seed_0/lookback_50/supervised/predictions.csv,skipped_existing,fold_1__h50__seed_0__lb50__supervised,runs/fold_1/horizon_50/seed_0/lookback_50/supervised,c523a2ab26949485be3d31668181ed66e6c84a8e94b506b4a23f7b57ff0fb0ff,8f8d932c1ffc7cd581f6fdc88b10d38aa146682280530e01acf323f794cca078
1,50,0,50,deeplob_style,none,0.4434390320225305,0.4108999110880529,0.1945670943145385,0.2051465283629694,0.7228624376383896,1.175665909439389,0.5301314229498272,0.3581895532970929,0.3443787570172388,,runs/fold_1/horizon_50/seed_0/lookback_50/deeplob_style/supervised/predictions.csv,skipped_existing,fold_1__h50__seed_0__lb50__deeplob_style__supervised,runs/fold_1/horizon_50/seed_0/lookback_50/deeplob_style/supervised,2f1b558f4a94415078acbc2382b04a7caff74ba4bf3c2f330a7c961d8da74568,8f8d932c1ffc7cd581f6fdc88b10d38aa146682280530e01acf323f794cca078
1,50,0,100,matrix_transformer,none,0.3530732675335526,0.3494453719306752,0.0398540593012892,0.1018791537487198,0.7052246685520988,1.1642086889613783,0.3405498847546921,0.3915465379291719,0.3162396931081617,,runs/fold_1/horizon_50/seed_0/lookback_100/supervised/predictions.csv,skipped_existing,fold_1__h50__seed_0__lb100__supervised,runs/fold_1/horizon_50/seed_0/lookback_100/supervised,db5e5bc9864dbf78014df5c71bdf7ec59d42d09615e5ebef2fa8b2736527f9b4,36edb12d2ac64767e0f2d243963e65fb98ab6b5246526c1b31a473d2d97fcdcc
1,50,0,100,deeplob_style,none,0.4490573920309154,0.4287084753946311,0.1979618508566597,0.2914028408319992,0.8139489463089179,1.3815523937055405,0.5145631067961165,0.4449464689126804,0.3266158504750965,,runs/fold_1/horizon_50/seed_0/lookback_100/deeplob_style/supervised/predictions.csv,skipped_existing,fold_1__h50__seed_0__lb100__deeplob_style__supervised,runs/fold_1/horizon_50/seed_0/lookback_100/deeplob_style/supervised,4378636258bb887a7a197217cdb109a7a859d2bb5d8622fdf879a5899a3f5cd5,36edb12d2ac64767e0f2d243963e65fb98ab6b5246526c1b31a473d2d97fcdcc
1,50,1,20,matrix_transformer,none,0.6367189535671478,0.6404663187829639,0.4568913150584381,0.088578112195427,0.4881499457929186,0.834875097684305,0.6104717249218528,0.7229219143576826,0.5880053170693564,,runs/fold_1/horizon_50/seed_1/lookback_20/supervised/predictions.csv,skipped_existing,fold_1__h50__seed_1__lb20__supervised,runs/fold_1/horizon_50/seed_1/lookback_20/supervised,2e2feee62699780fadb3d39c5ac4422c25f9b26d9ad686053fa8c24eec0ee424,ed63f5f5f99cee594f679bf77854bfe6e5b34bb2a372d8cd1ad92b95014708ea
1,50,1,20,deeplob_style,none,0.4559382979832195,0.3999097467948784,0.2141863504163569,0.1216124528367974,0.639417580520701,1.076647484229418,0.3141597920669002,0.3281774501415125,0.5573919981762225,,runs/fold_1/horizon_50/seed_1/lookback_20/deeplob_style/supervised/predictions.csv,skipped_existing,fold_1__h50__seed_1__lb20__deeplob_style__supervised,runs/fold_1/horizon_50/seed_1/lookback_20/deeplob_style/supervised,12a04f3b0b612c8a0654943c7330fd7e0416eae1bca1c5dd026402083b2a5eef,ed63f5f5f99cee594f679bf77854bfe6e5b34bb2a372d8cd1ad92b95014708ea
1,50,1,50,matrix_transformer,none,0.5196620423490143,0.5138896310575322,0.2823014793742956,0.1499377063470396,0.6291654913980751,1.0677495063875018,0.5487350712726339,0.4783660306369255,0.5145677912630368,,runs/fold_1/horizon_50/seed_1/lookback_50/supervised/predictions.csv,skipped_existing,fold_1__h50__seed_1__lb50__supervised,runs/fold_1/horizon_50/seed_1/lookback_50/supervised,c523a2ab26949485be3d31668181ed66e6c84a8e94b506b4a23f7b57ff0fb0ff,8f8d932c1ffc7cd581f6fdc88b10d38aa146682280530e01acf323f794cca078
1,50,1,50,deeplob_style,none,0.4465421925524147,0.4137179990119588,0.197292292283872,0.0971161543630997,0.6388137472361424,1.05317242576578,0.5280599964529125,0.3309199850205966,0.3821740155623673,,runs/fold_1/horizon_50/seed_1/lookback_50/deeplob_style/supervised/predictions.csv,skipped_existing,fold_1__h50__seed_1__lb50__deeplob_style__supervised,runs/fold_1/horizon_50/seed_1/lookback_50/deeplob_style/supervised,2f1b558f4a94415078acbc2382b04a7caff74ba4bf3c2f330a7c961d8da74568,8f8d932c1ffc7cd581f6fdc88b10d38aa146682280530e01acf323f794cca078
1,50,1,100,matrix_transformer,none,0.3722387592041359,0.3606634068451654,0.0497563118183973,0.0382194500954962,0.6705385399610884,1.1064711637984803,0.395191015880671,0.2836054573920823,0.403193747262743,,runs/fold_1/horizon_50/seed_1/lookback_100/supervised/predictions.csv,skipped_existing,fold_1__h50__seed_1__lb100__supervised,runs/fold_1/horizon_50/seed_1/lookback_100/supervised,db5e5bc9864dbf78014df5c71bdf7ec59d42d09615e5ebef2fa8b2736527f9b4,36edb12d2ac64767e0f2d243963e65fb98ab6b5246526c1b31a473d2d97fcdcc
1,50,1,100,deeplob_style,none,0.4850122721813149,0.4760769714186947,0.2461399252377964,0.3306981155022331,0.8227636658675922,1.894072497446713,0.5203174979267859,0.5085089498280575,0.3994044665012407,,runs/fold_1/horizon_50/seed_1/lookback_100/deeplob_style/supervised/predictions.csv,skipped_existing,fold_1__h50__seed_1__lb100__deeplob_style__supervised,runs/fold_1/horizon_50/seed_1/lookback_100/deeplob_style/supervised,4378636258bb887a7a197217cdb109a7a859d2bb5d8622fdf879a5899a3f5cd5,36edb12d2ac64767e0f2d243963e65fb98ab6b5246526c1b31a473d2d97fcdcc
1,50,2,20,matrix_transformer,none,0.6259054666736151,0.6282757192137677,0.4584097422077833,0.1315020947867931,0.513958998695261,0.8803113649560882,0.620984620984621,0.7176117161096508,0.5462308205470313,,runs/fold_1/horizon_50/seed_2/lookback_20/supervised/predictions.csv,skipped_existing,fold_1__h50__seed_2__lb20__supervised,runs/fold_1/horizon_50/seed_2/lookback_20/supervised,2e2feee62699780fadb3d39c5ac4422c25f9b26d9ad686053fa8c24eec0ee424,ed63f5f5f99cee594f679bf77854bfe6e5b34bb2a372d8cd1ad92b95014708ea
1,50,2,20,deeplob_style,none,0.4965084162801605,0.4824986134523732,0.2703561994300549,0.2594392027085788,0.70492526017041,1.276793559993927,0.5450014001680201,0.5249076196267365,0.3775868205623633,,runs/fold_1/horizon_50/seed_2/lookback_20/deeplob_style/supervised/predictions.csv,skipped_existing,fold_1__h50__seed_2__lb20__deeplob_style__supervised,runs/fold_1/horizon_50/seed_2/lookback_20/deeplob_style/supervised,12a04f3b0b612c8a0654943c7330fd7e0416eae1bca1c5dd026402083b2a5eef,ed63f5f5f99cee594f679bf77854bfe6e5b34bb2a372d8cd1ad92b95014708ea
1,50,2,50,matrix_transformer,none,0.4109992698445812,0.3969916259582994,0.1100803864133438,0.0646766253837652,0.6693369447657944,1.1071857883765752,0.3331385680255292,0.3706347675091646,0.4872015423402046,,runs/fold_1/horizon_50/seed_2/lookback_50/supervised/predictions.csv,skipped_existing,fold_1__h50__seed_2__lb50__supervised,runs/fold_1/horizon_50/seed_2/lookback_50/supervised,c523a2ab26949485be3d31668181ed66e6c84a8e94b506b4a23f7b57ff0fb0ff,8f8d932c1ffc7cd581f6fdc88b10d38aa146682280530e01acf323f794cca078
1,50,2,50,deeplob_style,none,0.3924585376030041,0.3718388067360669,0.1261246249436934,0.201695106212792,0.7268001605491657,1.1753490596799407,0.3287684777772284,0.4631851392521097,0.3235628031788626,,runs/fold_1/horizon_50/seed_2/lookback_50/deeplob_style/supervised/predictions.csv,skipped_existing,fold_1__h50__seed_2__lb50__deeplob_style__supervised,runs/fold_1/horizon_50/seed_2/lookback_50/deeplob_style/supervised,2f1b558f4a94415078acbc2382b04a7caff74ba4bf3c2f330a7c961d8da74568,8f8d932c1ffc7cd581f6fdc88b10d38aa146682280530e01acf323f794cca078
1,50,2,100,matrix_transformer,none,0.3843803853987153,0.3765807967074763,0.0693495995007753,0.0560423809077457,0.6630423764604914,1.0930738182953088,0.3912885662431942,0.3158275612529722,0.4226262626262626,,runs/fold_1/horizon_50/seed_2/lookback_100/supervised/predictions.csv,skipped_existing,fold_1__h50__seed_2__lb100__supervised,runs/fold_1/horizon_50/seed_2/lookback_100/supervised,db5e5bc9864dbf78014df5c71bdf7ec59d42d09615e5ebef2fa8b2736527f9b4,36edb12d2ac64767e0f2d243963e65fb98ab6b5246526c1b31a473d2d97fcdcc
1,50,2,100,deeplob_style,none,0.3950859052692047,0.367257546997599,0.1377741240694628,0.2431755109655452,0.7840903450923687,1.3042488094461022,0.3285616905248807,0.4771710868434737,0.2960398636244427,,runs/fold_1/horizon_50/seed_2/lookback_100/deeplob_style/supervised/predictions.csv,skipped_existing,fold_1__h50__seed_2__lb100__deeplob_style__supervised,runs/fold_1/horizon_50/seed_2/lookback_100/deeplob_style/supervised,4378636258bb887a7a197217cdb109a7a859d2bb5d8622fdf879a5899a3f5cd5,36edb12d2ac64767e0f2d243963e65fb98ab6b5246526c1b31a473d2d97fcdcc
2,10,0,20,matrix_transformer,none,0.8201360639640903,0.7428174199855168,0.6417035004650763,0.0170627911159689,0.2491944644741245,0.4560423215338449,0.6638306923322344,0.8951655006787094,0.6694560669456067,,runs/fold_2/horizon_10/seed_0/lookback_20/supervised/predictions.csv,skipped_existing,fold_2__h10__seed_0__lb20__supervised,runs/fold_2/horizon_10/seed_0/lookback_20/supervised,2e2feee62699780fadb3d39c5ac4422c25f9b26d9ad686053fa8c24eec0ee424,ca46a2b84ab96513913dac21b2cef72994c9ad6cb4f1f8e08d511d0597ac7cc9
2,10,0,20,deeplob_style,none,0.4832024126806004,0.4822756377494291,0.3152884998568901,0.3096068274218133,0.7757064428956905,1.5642755371821608,0.5129029377623002,0.5305498202951747,0.4033741551908125,,runs/fold_2/horizon_10/seed_0/lookback_20/deeplob_style/supervised/predictions.csv,skipped_existing,fold_2__h10__seed_0__lb20__deeplob_style__supervised,runs/fold_2/horizon_10/seed_0/lookback_20/deeplob_style/supervised,12a04f3b0b612c8a0654943c7330fd7e0416eae1bca1c5dd026402083b2a5eef,ca46a2b84ab96513913dac21b2cef72994c9ad6cb4f1f8e08d511d0597ac7cc9
2,10,0,50,matrix_transformer,none,0.74534859229095,0.6366649244889923,0.47905100993852,0.0124628147845002,0.3623561069940021,0.6476572070013408,0.5279572287814658,0.8412212181548987,0.5408163265306123,,runs/fold_2/horizon_10/seed_0/lookback_50/supervised/predictions.csv,skipped_existing,fold_2__h10__seed_0__lb50__supervised,runs/fold_2/horizon_10/seed_0/lookback_50/supervised,c523a2ab26949485be3d31668181ed66e6c84a8e94b506b4a23f7b57ff0fb0ff,4ef849147d9557a347ee2880a910858fb7e8f32ea3c1112a89353054057dfe94
2,10,0,50,deeplob_style,none,0.4433756933230359,0.438089381931432,0.2770318989511093,0.450500841091686,0.985974549778711,2.167657850142115,0.3698113207547169,0.515376868851189,0.4290799561883899,,runs/fold_2/horizon_10/seed_0/lookback_50/deeplob_style/supervised/predictions.csv,skipped_existing,fold_2__h10__seed_0__lb50__deeplob_style__supervised,runs/fold_2/horizon_10/seed_0/lookback_50/deeplob_style/supervised,2f1b558f4a94415078acbc2382b04a7caff74ba4bf3c2f330a7c961d8da74568,4ef849147d9557a347ee2880a910858fb7e8f32ea3c1112a89353054057dfe94
2,10,0,100,matrix_transformer,none,0.3996342664228443,0.2688207127867188,-0.0080054261140184,0.1127565780645042,0.5960556935112262,0.9980004996450118,0.0,0.5512999720436119,0.2551621663165445,,runs/fold_2/horizon_10/seed_0/lookback_100/supervised/predictions.csv,skipped_existing,fold_2__h10__seed_0__lb100__supervised,runs/fold_2/horizon_10/seed_0/lookback_100/supervised,db5e5bc9864dbf78014df5c71bdf7ec59d42d09615e5ebef2fa8b2736527f9b4,ccb3e3ab1d8626d36071c352a769ade2f685be3b4713e2cd6dfecadbf4edb314
2,10,0,100,deeplob_style,none,0.7428611619074412,0.5712133121823613,0.4531215905955699,0.0831937251660973,0.4087272562110322,0.8632743913783673,0.5215740857902063,0.8453666588068852,0.3466991919499924,,runs/fold_2/horizon_10/seed_0/lookback_100/deeplob_style/supervised/predictions.csv,skipped_existing,fold_2__h10__seed_0__lb100__deeplob_style__supervised,runs/fold_2/horizon_10/seed_0/lookback_100/deeplob_style/supervised,4378636258bb887a7a197217cdb109a7a859d2bb5d8622fdf879a5899a3f5cd5,ccb3e3ab1d8626d36071c352a769ade2f685be3b4713e2cd6dfecadbf4edb314
2,10,1,20,matrix_transformer,none,0.8180670500771496,0.7391370894427155,0.6382571843591641,0.0153808737397249,0.2541173950100256,0.4657113535985918,0.6555415617128464,0.8956325932132384,0.6662371134020618,,runs/fold_2/horizon_10/seed_1/lookback_20/supervised/predictions.csv,skipped_existing,fold_2__h10__seed_1__lb20__supervised,runs/fold_2/horizon_10/seed_1/lookback_20/supervised,2e2feee62699780fadb3d39c5ac4422c25f9b26d9ad686053fa8c24eec0ee424,ca46a2b84ab96513913dac21b2cef72994c9ad6cb4f1f8e08d511d0597ac7cc9
2,10,1,20,deeplob_style,none,0.4461355028755786,0.4503336714333256,0.2522817795482416,0.3215911002305209,0.8161171294784823,1.5346072262700334,0.3619645864627429,0.50321109633289,0.4858253315043438,,runs/fold_2/horizon_10/seed_1/lookback_20/deeplob_style/supervised/predictions.csv,skipped_existing,fold_2__h10__seed_1__lb20__deeplob_style__supervised,runs/fold_2/horizon_10/seed_1/lookback_20/deeplob_style/supervised,12a04f3b0b612c8a0654943c7330fd7e0416eae1bca1c5dd026402083b2a5eef,ca46a2b84ab96513913dac21b2cef72994c9ad6cb4f1f8e08d511d0597ac7cc9
2,10,1,50,matrix_transformer,none,0.817559502913712,0.7306987098857832,0.6326651081984715,0.0206877398211731,0.2626183366903943,0.483332138577005,0.6409940669427964,0.8958878792545819,0.6552141834599714,,runs/fold_2/horizon_10/seed_1/lookback_50/supervised/predictions.csv,skipped_existing,fold_2__h10__seed_1__lb50__supervised,runs/fold_2/horizon_10/seed_1/lookback_50/supervised,c523a2ab26949485be3d31668181ed66e6c84a8e94b506b4a23f7b57ff0fb0ff,4ef849147d9557a347ee2880a910858fb7e8f32ea3c1112a89353054057dfe94
2,10,1,50,deeplob_style,none,0.4615951695569754,0.45801355302204,0.2765315396851691,0.2872067363897828,0.7583209713355727,1.3910793895650917,0.3954458458065465,0.5107084019769358,0.4678864112826377,,runs/fold_2/horizon_10/seed_1/lookback_50/deeplob_style/supervised/predictions.csv,skipped_existing,fold_2__h10__seed_1__lb50__deeplob_style__supervised,runs/fold_2/horizon_10/seed_1/lookback_50/deeplob_style/supervised,2f1b558f4a94415078acbc2382b04a7caff74ba4bf3c2f330a7c961d8da74568,4ef849147d9557a347ee2880a910858fb7e8f32ea3c1112a89353054057dfe94
2,10,1,100,matrix_transformer,none,0.3993177662118441,0.2686948368948186,-0.0081406587567344,0.1414380162902964,0.6170560820963943,1.025985027491518,0.0,0.55081111318292,0.2552733975015359,,runs/fold_2/horizon_10/seed_1/lookback_100/supervised/predictions.csv,skipped_existing,fold_2__h10__seed_1__lb100__supervised,runs/fold_2/horizon_10/seed_1/lookback_100/supervised,db5e5bc9864dbf78014df5c71bdf7ec59d42d09615e5ebef2fa8b2736527f9b4,ccb3e3ab1d8626d36071c352a769ade2f685be3b4713e2cd6dfecadbf4edb314
2,10,1,100,deeplob_style,none,0.503059502039668,0.4603946436458357,0.2593572113003913,0.2366829448019215,0.6261710483866106,1.020498514808511,0.3720108028480235,0.6203161493416376,0.3888569787478461,,runs/fold_2/horizon_10/seed_1/lookback_100/deeplob_style/supervised/predictions.csv,skipped_existing,fold_2__h10__seed_1__lb100__deeplob_style__supervised,runs/fold_2/horizon_10/seed_1/lookback_100/deeplob_style/supervised,4378636258bb887a7a197217cdb109a7a859d2bb5d8622fdf879a5899a3f5cd5,ccb3e3ab1d8626d36071c352a769ade2f685be3b4713e2cd6dfecadbf4edb314
2,10,2,20,matrix_transformer,none,0.8161032402861551,0.740780798859618,0.6362154241938611,0.0065627617288064,0.2556588471434534,0.4690446530450843,0.6669358909641595,0.8920757104444562,0.6633307951702382,,runs/fold_2/horizon_10/seed_2/lookback_20/supervised/predictions.csv,skipped_existing,fold_2__h10__seed_2__lb20__supervised,runs/fold_2/horizon_10/seed_2/lookback_20/supervised,2e2feee62699780fadb3d39c5ac4422c25f9b26d9ad686053fa8c24eec0ee424,ca46a2b84ab96513913dac21b2cef72994c9ad6cb4f1f8e08d511d0597ac7cc9
2,10,2,20,deeplob_style,none,0.463529246738673,0.4745092670703699,0.3015215320326203,0.3902857813078906,0.9008139871177612,1.9118630955398752,0.533594109526001,0.5202024074216055,0.3697312842635032,,runs/fold_2/horizon_10/seed_2/lookback_20/deeplob_style/supervised/predictions.csv,skipped_existing,fold_2__h10__seed_2__lb20__deeplob_style__supervised,runs/fold_2/horizon_10/seed_2/lookback_20/deeplob_style/supervised,12a04f3b0b612c8a0654943c7330fd7e0416eae1bca1c5dd026402083b2a5eef,ca46a2b84ab96513913dac21b2cef72994c9ad6cb4f1f8e08d511d0597ac7cc9
2,10,2,50,matrix_transformer,none,0.821912518430106,0.7419588381240049,0.6449511000240027,0.0434783809529907,0.2512088349326683,0.4679246088464671,0.6591841139650334,0.8989590670736479,0.6677333333333333,,runs/fold_2/horizon_10/seed_2/lookback_50/supervised/predictions.csv,skipped_existing,fold_2__h10__seed_2__lb50__supervised,runs/fold_2/horizon_10/seed_2/lookback_50/supervised,c523a2ab26949485be3d31668181ed66e6c84a8e94b506b4a23f7b57ff0fb0ff,4ef849147d9557a347ee2880a910858fb7e8f32ea3c1112a89353054057dfe94
2,10,2,50,deeplob_style,none,0.4535561328371831,0.4569372268580995,0.2881706925627894,0.366738477566659,0.8538639816924994,1.5638248338747407,0.3766065729319416,0.51450871295545,0.479696394686907,,runs/fold_2/horizon_10/seed_2/lookback_50/deeplob_style/supervised/predictions.csv,skipped_existing,fold_2__h10__seed_2__lb50__deeplob_style__supervised,runs/fold_2/horizon_10/seed_2/lookback_50/deeplob_style/supervised,2f1b558f4a94415078acbc2382b04a7caff74ba4bf3c2f330a7c961d8da74568,4ef849147d9557a347ee2880a910858fb7e8f32ea3c1112a89353054057dfe94
2,10,2,100,matrix_transformer,none,0.3992474328316219,0.2686077442602008,-0.0084075608728469,0.1392811532349593,0.627119473777239,1.0437919413919448,0.0,0.5508047977130073,0.2550184350675952,,runs/fold_2/horizon_10/seed_2/lookback_100/supervised/predictions.csv,skipped_existing,fold_2__h10__seed_2__lb100__supervised,runs/fold_2/horizon_10/seed_2/lookback_100/supervised,db5e5bc9864dbf78014df5c71bdf7ec59d42d09615e5ebef2fa8b2736527f9b4,ccb3e3ab1d8626d36071c352a769ade2f685be3b4713e2cd6dfecadbf4edb314
2,10,2,100,deeplob_style,none,0.4538261358840906,0.4201592280587031,0.2267561640158079,0.2599094794407657,0.6687905077035435,1.0651410390761755,0.3722673329169269,0.5460096257452769,0.3422007255139057,,runs/fold_2/horizon_10/seed_2/lookback_100/deeplob_style/supervised/predictions.csv,skipped_existing,fold_2__h10__seed_2__lb100__deeplob_style__supervised,runs/fold_2/horizon_10/seed_2/lookback_100/deeplob_style/supervised,4378636258bb887a7a197217cdb109a7a859d2bb5d8622fdf879a5899a3f5cd5,ccb3e3ab1d8626d36071c352a769ade2f685be3b4713e2cd6dfecadbf4edb314
2,50,0,20,matrix_transformer,none,0.7604152054986674,0.7567343531269245,0.6439944823077342,0.0348149446261072,0.3413597019011702,0.6040914459563472,0.709763010311765,0.8347504980321656,0.7256895510368432,,runs/fold_2/horizon_50/seed_0/lookback_20/supervised/predictions.csv,skipped_existing,fold_2__h50__seed_0__lb20__supervised,runs/fold_2/horizon_50/seed_0/lookback_20/supervised,2e2feee62699780fadb3d39c5ac4422c25f9b26d9ad686053fa8c24eec0ee424,ed63f5f5f99cee594f679bf77854bfe6e5b34bb2a372d8cd1ad92b95014708ea
2,50,0,20,deeplob_style,none,0.5874246037312386,0.5697622936477736,0.4150481864266218,0.1292765532745041,0.5390064420569107,0.918130991574994,0.5986711737964798,0.6996193523473272,0.4109963547995139,,runs/fold_2/horizon_50/seed_0/lookback_20/deeplob_style/supervised/predictions.csv,skipped_existing,fold_2__h50__seed_0__lb20__deeplob_style__supervised,runs/fold_2/horizon_50/seed_0/lookback_20/deeplob_style/supervised,12a04f3b0b612c8a0654943c7330fd7e0416eae1bca1c5dd026402083b2a5eef,ed63f5f5f99cee594f679bf77854bfe6e5b34bb2a372d8cd1ad92b95014708ea
2,50,0,50,matrix_transformer,none,0.7365021414027944,0.7321293253465262,0.6050568218961055,0.022619068884462,0.3678969879866363,0.6428205917693531,0.6800876788186433,0.8221633341363527,0.6941369630845824,,runs/fold_2/horizon_50/seed_0/lookback_50/supervised/predictions.csv,skipped_existing,fold_2__h50__seed_0__lb50__supervised,runs/fold_2/horizon_50/seed_0/lookback_50/supervised,c523a2ab26949485be3d31668181ed66e6c84a8e94b506b4a23f7b57ff0fb0ff,8f8d932c1ffc7cd581f6fdc88b10d38aa146682280530e01acf323f794cca078
2,50,0,50,deeplob_style,none,0.5097240749842028,0.4980996286180388,0.3262434441760596,0.3452846768964395,0.8045088554673588,1.5603319692492512,0.4214238483579458,0.5333242562461706,0.53955078125,,runs/fold_2/horizon_50/seed_0/lookback_50/deeplob_style/supervised/predictions.csv,skipped_existing,fold_2__h50__seed_0__lb50__deeplob_style__supervised,runs/fold_2/horizon_50/seed_0/lookback_50/deeplob_style/supervised,2f1b558f4a94415078acbc2382b04a7caff74ba4bf3c2f330a7c961d8da74568,8f8d932c1ffc7cd581f6fdc88b10d38aa146682280530e01acf323f794cca078
2,50,0,100,matrix_transformer,none,0.3799409199606133,0.363550174858849,0.0838322640704427,0.0128067324036776,0.660268727621075,1.0890638791506777,0.4539829853054911,0.3261368856224161,0.3105306536486401,,runs/fold_2/horizon_50/seed_0/lookback_100/supervised/predictions.csv,skipped_existing,fold_2__h50__seed_0__lb100__supervised,runs/fold_2/horizon_50/seed_0/lookback_100/supervised,db5e5bc9864dbf78014df5c71bdf7ec59d42d09615e5ebef2fa8b2736527f9b4,36edb12d2ac64767e0f2d243963e65fb98ab6b5246526c1b31a473d2d97fcdcc
2,50,0,100,deeplob_style,none,0.5029891686594458,0.4767791698507809,0.3308151484727814,0.3734079164184656,0.8758506842947521,1.9123281706875104,0.5590099207007532,0.5055069189494493,0.3658206699021402,,runs/fold_2/horizon_50/seed_0/lookback_100/deeplob_style/supervised/predictions.csv,skipped_existing,fold_2__h50__seed_0__lb100__deeplob_style__supervised,runs/fold_2/horizon_50/seed_0/lookback_100/deeplob_style/supervised,4378636258bb887a7a197217cdb109a7a859d2bb5d8622fdf879a5899a3f5cd5,36edb12d2ac64767e0f2d243963e65fb98ab6b5246526c1b31a473d2d97fcdcc
2,50,1,20,matrix_transformer,none,0.7634310562491233,0.7604149416436029,0.6471351368449739,0.0520607529548482,0.3387303763357908,0.6111171612623977,0.7162534435261708,0.8350904722208601,0.7299009091837777,,runs/fold_2/horizon_50/seed_1/lookback_20/supervised/predictions.csv,skipped_existing,fold_2__h50__seed_1__lb20__supervised,runs/fold_2/horizon_50/seed_1/lookback_20/supervised,2e2feee62699780fadb3d39c5ac4422c25f9b26d9ad686053fa8c24eec0ee424,ed63f5f5f99cee594f679bf77854bfe6e5b34bb2a372d8cd1ad92b95014708ea
2,50,1,20,deeplob_style,none,0.5393813999158367,0.5008763876987704,0.3262848396686694,0.2212927956118368,0.6806348569843722,1.6378400337213643,0.355320889417714,0.6552306973064337,0.4920775763721637,,runs/fold_2/horizon_50/seed_1/lookback_20/deeplob_style/supervised/predictions.csv,skipped_existing,fold_2__h50__seed_1__lb20__deeplob_style__supervised,runs/fold_2/horizon_50/seed_1/lookback_20/deeplob_style/supervised,12a04f3b0b612c8a0654943c7330fd7e0416eae1bca1c5dd026402083b2a5eef,ed63f5f5f99cee594f679bf77854bfe6e5b34bb2a372d8cd1ad92b95014708ea
2,50,1,50,matrix_transformer,none,0.749385663132767,0.748276222433375,0.6247894946183802,0.0322283387196203,0.3505988492280125,0.6176682694960234,0.7151443597724589,0.8211311500536453,0.7085531574740208,,runs/fold_2/horizon_50/seed_1/lookback_50/supervised/predictions.csv,skipped_existing,fold_2__h50__seed_1__lb50__supervised,runs/fold_2/horizon_50/seed_1/lookback_50/supervised,c523a2ab26949485be3d31668181ed66e6c84a8e94b506b4a23f7b57ff0fb0ff,8f8d932c1ffc7cd581f6fdc88b10d38aa146682280530e01acf323f794cca078
2,50,1,50,deeplob_style,none,0.5477778557888086,0.522408654932876,0.3285716793290933,0.1350364949001652,0.5671433168873156,0.9581953493623016,0.4650653694131955,0.6583272391362919,0.4438333562491406,,runs/fold_2/horizon_50/seed_1/lookback_50/deeplob_style/supervised/predictions.csv,skipped_existing,fold_2__h50__seed_1__lb50__deeplob_style__supervised,runs/fold_2/horizon_50/seed_1/lookback_50/deeplob_style/supervised,2f1b558f4a94415078acbc2382b04a7caff74ba4bf3c2f330a7c961d8da74568,8f8d932c1ffc7cd581f6fdc88b10d38aa146682280530e01acf323f794cca078
2,50,1,100,matrix_transformer,none,0.4058587705725137,0.399451814954278,0.1102052894457577,0.0767648266942859,0.6584682907027747,1.0895205891474309,0.4286510073345093,0.4554852646196574,0.3142191729086674,,runs/fold_2/horizon_50/seed_1/lookback_100/supervised/predictions.csv,skipped_existing,fold_2__h50__seed_1__lb100__supervised,runs/fold_2/horizon_50/seed_1/lookback_100/supervised,db5e5bc9864dbf78014df5c71bdf7ec59d42d09615e5ebef2fa8b2736527f9b4,36edb12d2ac64767e0f2d243963e65fb98ab6b5246526c1b31a473d2d97fcdcc
2,50,1,100,deeplob_style,none,0.5506048670699114,0.5284310679779336,0.3864509674025525,0.1460715453965924,0.5563970503238302,0.977078187743527,0.5835039898312266,0.620136037747411,0.3816531763551631,,runs/fold_2/horizon_50/seed_1/lookback_100/deeplob_style/supervised/predictions.csv,skipped_existing,fold_2__h50__seed_1__lb100__deeplob_style__supervised,runs/fold_2/horizon_50/seed_1/lookback_100/deeplob_style/supervised,4378636258bb887a7a197217cdb109a7a859d2bb5d8622fdf879a5899a3f5cd5,36edb12d2ac64767e0f2d243963e65fb98ab6b5246526c1b31a473d2d97fcdcc
2,50,2,20,matrix_transformer,none,0.7618880628419133,0.7598687981801193,0.6429472542300815,0.0340785647239695,0.3379513557518041,0.5999931399266735,0.7341758930436599,0.8261086198305929,0.7193218816661053,,runs/fold_2/horizon_50/seed_2/lookback_20/supervised/predictions.csv,skipped_existing,fold_2__h50__seed_2__lb20__supervised,runs/fold_2/horizon_50/seed_2/lookback_20/supervised,2e2feee62699780fadb3d39c5ac4422c25f9b26d9ad686053fa8c24eec0ee424,ed63f5f5f99cee594f679bf77854bfe6e5b34bb2a372d8cd1ad92b95014708ea
2,50,2,20,deeplob_style,none,0.5752559966334689,0.5456763454428607,0.3817502870799205,0.1525384331342303,0.6078065337344807,1.236031617866391,0.3671551449506212,0.687148024357859,0.5827258670201017,,runs/fold_2/horizon_50/seed_2/lookback_20/deeplob_style/supervised/predictions.csv,skipped_existing,fold_2__h50__seed_2__lb20__deeplob_style__supervised,runs/fold_2/horizon_50/seed_2/lookback_20/deeplob_style/supervised,12a04f3b0b612c8a0654943c7330fd7e0416eae1bca1c5dd026402083b2a5eef,ed63f5f5f99cee594f679bf77854bfe6e5b34bb2a372d8cd1ad92b95014708ea
2,50,2,50,matrix_transformer,none,0.7540195183598961,0.7520449099924168,0.6323516494866495,0.0438338492512662,0.3583093241265384,0.6389156869077417,0.713944766450733,0.8313627254509018,0.7108272380756155,,runs/fold_2/horizon_50/seed_2/lookback_50/supervised/predictions.csv,skipped_existing,fold_2__h50__seed_2__lb50__supervised,runs/fold_2/horizon_50/seed_2/lookback_50/supervised,c523a2ab26949485be3d31668181ed66e6c84a8e94b506b4a23f7b57ff0fb0ff,8f8d932c1ffc7cd581f6fdc88b10d38aa146682280530e01acf323f794cca078
2,50,2,50,deeplob_style,none,0.5690865688408341,0.5650849387032407,0.3784621984589321,0.2251729847187925,0.6533247624027414,1.24224733754187,0.5933289362103081,0.5313168980042815,0.5706089818951329,,runs/fold_2/horizon_50/seed_2/lookback_50/deeplob_style/supervised/predictions.csv,skipped_existing,fold_2__h50__seed_2__lb50__deeplob_style__supervised,runs/fold_2/horizon_50/seed_2/lookback_50/deeplob_style/supervised,2f1b558f4a94415078acbc2382b04a7caff74ba4bf3c2f330a7c961d8da74568,8f8d932c1ffc7cd581f6fdc88b10d38aa146682280530e01acf323f794cca078
2,50,2,100,matrix_transformer,none,0.387079758053172,0.3815125267577282,0.09208318865971,0.0506455964606568,0.6664270730499995,1.0989001015732536,0.4324742737455605,0.3370253164556962,0.3750379900719279,,runs/fold_2/horizon_50/seed_2/lookback_100/supervised/predictions.csv,skipped_existing,fold_2__h50__seed_2__lb100__supervised,runs/fold_2/horizon_50/seed_2/lookback_100/supervised,db5e5bc9864dbf78014df5c71bdf7ec59d42d09615e5ebef2fa8b2736527f9b4,36edb12d2ac64767e0f2d243963e65fb98ab6b5246526c1b31a473d2d97fcdcc
2,50,2,100,deeplob_style,none,0.5064003376002251,0.4858340146499313,0.3266982547211106,0.3145062331796354,0.7662907941733217,1.350138484113346,0.5541694915254237,0.5128703254006799,0.3904622270236901,,runs/fold_2/horizon_50/seed_2/lookback_100/deeplob_style/supervised/predictions.csv,skipped_existing,fold_2__h50__seed_2__lb100__deeplob_style__supervised,runs/fold_2/horizon_50/seed_2/lookback_100/deeplob_style/supervised,4378636258bb887a7a197217cdb109a7a859d2bb5d8622fdf879a5899a3f5cd5,36edb12d2ac64767e0f2d243963e65fb98ab6b5246526c1b31a473d2d97fcdcc
3,10,0,20,matrix_transformer,none,0.8055615609123338,0.7360035844660991,0.6390627684107253,0.0348681385887736,0.2691276039853826,0.4894568220914922,0.6641233023042881,0.8810893588841522,0.662798092209857,,runs/fold_3/horizon_10/seed_0/lookback_20/supervised/predictions.csv,skipped_existing,fold_3__h10__seed_0__lb20__supervised,runs/fold_3/horizon_10/seed_0/lookback_20/supervised,2e2feee62699780fadb3d39c5ac4422c25f9b26d9ad686053fa8c24eec0ee424,ca46a2b84ab96513913dac21b2cef72994c9ad6cb4f1f8e08d511d0597ac7cc9
3,10,0,20,deeplob_style,none,0.7357582964003891,0.6256399467520044,0.4964651774698097,0.0474296120120226,0.3946678091029451,0.7070267059287184,0.5037423846823325,0.8379799267165844,0.5351975288570964,,runs/fold_3/horizon_10/seed_0/lookback_20/deeplob_style/supervised/predictions.csv,skipped_existing,fold_3__h10__seed_0__lb20__deeplob_style__supervised,runs/fold_3/horizon_10/seed_0/lookback_20/deeplob_style/supervised,12a04f3b0b612c8a0654943c7330fd7e0416eae1bca1c5dd026402083b2a5eef,ca46a2b84ab96513913dac21b2cef72994c9ad6cb4f1f8e08d511d0597ac7cc9
3,10,0,50,matrix_transformer,none,0.7850651809379564,0.6989331459976871,0.5989940648824439,0.0585483674793852,0.3067066177499881,0.5548429522880768,0.6049474642177546,0.8687857545725566,0.6230662192027503,,runs/fold_3/horizon_10/seed_0/lookback_50/supervised/predictions.csv,skipped_existing,fold_3__h10__seed_0__lb50__supervised,runs/fold_3/horizon_10/seed_0/lookback_50/supervised,c523a2ab26949485be3d31668181ed66e6c84a8e94b506b4a23f7b57ff0fb0ff,4ef849147d9557a347ee2880a910858fb7e8f32ea3c1112a89353054057dfe94
3,10,0,50,deeplob_style,none,0.7204522096608428,0.5870098527552061,0.461993731436194,0.0601522708091233,0.4255134627061966,0.7466382070459433,0.4981316251048577,0.8353558995338591,0.4275420336269015,,runs/fold_3/horizon_10/seed_0/lookback_50/deeplob_style/supervised/predictions.csv,skipped_existing,fold_3__h10__seed_0__lb50__deeplob_style__supervised,runs/fold_3/horizon_10/seed_0/lookback_50/deeplob_style/supervised,2f1b558f4a94415078acbc2382b04a7caff74ba4bf3c2f330a7c961d8da74568,4ef849147d9557a347ee2880a910858fb7e8f32ea3c1112a89353054057dfe94
3,10,0,100,matrix_transformer,none,0.5994204311558877,0.2729187419615099,0.0605625774702225,0.0108871523555404,0.5470303679409659,0.9322232403948948,0.016243654822335,0.7509915354634892,0.0515210355987055,,runs/fold_3/horizon_10/seed_0/lookback_100/supervised/predictions.csv,skipped_existing,fold_3__h10__seed_0__lb100__supervised,runs/fold_3/horizon_10/seed_0/lookback_100/supervised,db5e5bc9864dbf78014df5c71bdf7ec59d42d09615e5ebef2fa8b2736527f9b4,ccb3e3ab1d8626d36071c352a769ade2f685be3b4713e2cd6dfecadbf4edb314
3,10,0,100,deeplob_style,none,0.4055627775972267,0.3933360216980719,0.2057949684628967,0.4664698082609316,1.0155937326634394,2.0648189108336696,0.3513131313131313,0.4671077504725898,0.3615871833084947,,runs/fold_3/horizon_10/seed_0/lookback_100/deeplob_style/supervised/predictions.csv,skipped_existing,fold_3__h10__seed_0__lb100__deeplob_style__supervised,runs/fold_3/horizon_10/seed_0/lookback_100/deeplob_style/supervised,4378636258bb887a7a197217cdb109a7a859d2bb5d8622fdf879a5899a3f5cd5,ccb3e3ab1d8626d36071c352a769ade2f685be3b4713e2cd6dfecadbf4edb314
3,10,1,20,matrix_transformer,none,0.797859690844233,0.7213086756382259,0.6243474710158402,0.0523781184267922,0.281711339652072,0.5148915998713904,0.6394601032155617,0.87545497061754,0.649010953081576,,runs/fold_3/horizon_10/seed_1/lookback_20/supervised/predictions.csv,skipped_existing,fold_3__h10__seed_1__lb20__supervised,runs/fold_3/horizon_10/seed_1/lookback_20/supervised,2e2feee62699780fadb3d39c5ac4422c25f9b26d9ad686053fa8c24eec0ee424,ca46a2b84ab96513913dac21b2cef72994c9ad6cb4f1f8e08d511d0597ac7cc9
3,10,1,20,deeplob_style,none,0.7071667927791591,0.6039327785796959,0.4538988977763663,0.0415787105759203,0.4198728267865541,0.7425546888172813,0.4732739420935412,0.8201895378449463,0.5183348558006002,,runs/fold_3/horizon_10/seed_1/lookback_20/deeplob_style/supervised/predictions.csv,skipped_existing,fold_3__h10__seed_1__lb20__deeplob_style__supervised,runs/fold_3/horizon_10/seed_1/lookback_20/deeplob_style/supervised,12a04f3b0b612c8a0654943c7330fd7e0416eae1bca1c5dd026402083b2a5eef,ca46a2b84ab96513913dac21b2cef72994c9ad6cb4f1f8e08d511d0597ac7cc9
3,10,1,50,matrix_transformer,none,0.7786823173040515,0.69833854239289,0.5890029182189793,0.0552234966655537,0.3153175087149201,0.582007009422634,0.5987044534412955,0.869722076560042,0.6265890971773325,,runs/fold_3/horizon_10/seed_1/lookback_50/supervised/predictions.csv,skipped_existing,fold_3__h10__seed_1__lb50__supervised,runs/fold_3/horizon_10/seed_1/lookback_50/supervised,c523a2ab26949485be3d31668181ed66e6c84a8e94b506b4a23f7b57ff0fb0ff,4ef849147d9557a347ee2880a910858fb7e8f32ea3c1112a89353054057dfe94
3,10,1,50,deeplob_style,none,0.7432790609617569,0.6204371490119615,0.5135577802444872,0.071131996384589,0.3709570939491751,0.6771635562355254,0.4568250205160937,0.8555708390646493,0.5489155874551412,,runs/fold_3/horizon_10/seed_1/lookback_50/deeplob_style/supervised/predictions.csv,skipped_existing,fold_3__h10__seed_1__lb50__deeplob_style__supervised,runs/fold_3/horizon_10/seed_1/lookback_50/deeplob_style/supervised,2f1b558f4a94415078acbc2382b04a7caff74ba4bf3c2f330a7c961d8da74568,4ef849147d9557a347ee2880a910858fb7e8f32ea3c1112a89353054057dfe94
3,10,1,100,matrix_transformer,none,0.6028870111580544,0.3013067962105366,0.1019070455365172,0.0464474256688432,0.5483091167175268,0.9336668101445526,0.1306184338784793,0.7543240504559908,0.0189779042971397,,runs/fold_3/horizon_10/seed_1/lookback_100/supervised/predictions.csv,skipped_existing,fold_3__h10__seed_1__lb100__supervised,runs/fold_3/horizon_10/seed_1/lookback_100/supervised,db5e5bc9864dbf78014df5c71bdf7ec59d42d09615e5ebef2fa8b2736527f9b4,ccb3e3ab1d8626d36071c352a769ade2f685be3b4713e2cd6dfecadbf4edb314
3,10,1,100,deeplob_style,none,0.7667099989166938,0.6676888493046523,0.5616323288215654,0.0609846926672019,0.3356546225141518,0.6058512011499501,0.5537104307213285,0.8581279021104447,0.5912282150821838,,runs/fold_3/horizon_10/seed_1/lookback_100/deeplob_style/supervised/predictions.csv,skipped_existing,fold_3__h10__seed_1__lb100__deeplob_style__supervised,runs/fold_3/horizon_10/seed_1/lookback_100/deeplob_style/supervised,4378636258bb887a7a197217cdb109a7a859d2bb5d8622fdf879a5899a3f5cd5,ccb3e3ab1d8626d36071c352a769ade2f685be3b4713e2cd6dfecadbf4edb314
3,10,2,20,matrix_transformer,none,0.8014809209815155,0.7350295042231197,0.632196144963137,0.0348011103901958,0.2717180470490122,0.4909177504018069,0.6672001163890303,0.8796703296703297,0.6582180666099993,,runs/fold_3/horizon_10/seed_2/lookback_20/supervised/predictions.csv,skipped_existing,fold_3__h10__seed_2__lb20__supervised,runs/fold_3/horizon_10/seed_2/lookback_20/supervised,2e2feee62699780fadb3d39c5ac4422c25f9b26d9ad686053fa8c24eec0ee424,ca46a2b84ab96513913dac21b2cef72994c9ad6cb4f1f8e08d511d0597ac7cc9
3,10,2,20,deeplob_style,none,0.4572208409901632,0.4653091520381429,0.2692111445540078,0.34285806482541,0.8427408541534348,1.6586543110286662,0.5217276449610355,0.4833943679757545,0.3908054431776388,,runs/fold_3/horizon_10/seed_2/lookback_20/deeplob_style/supervised/predictions.csv,skipped_existing,fold_3__h10__seed_2__lb20__deeplob_style__supervised,runs/fold_3/horizon_10/seed_2/lookback_20/deeplob_style/supervised,12a04f3b0b612c8a0654943c7330fd7e0416eae1bca1c5dd026402083b2a5eef,ca46a2b84ab96513913dac21b2cef72994c9ad6cb4f1f8e08d511d0597ac7cc9
3,10,2,50,matrix_transformer,none,0.8008600638286364,0.7271961372902568,0.6296106854770881,0.0323244496860828,0.2799468008014449,0.5106795055863067,0.649768875192604,0.8789363191042687,0.6528832175738976,,runs/fold_3/horizon_10/seed_2/lookback_50/supervised/predictions.csv,skipped_existing,fold_3__h10__seed_2__lb50__supervised,runs/fold_3/horizon_10/seed_2/lookback_50/supervised,c523a2ab26949485be3d31668181ed66e6c84a8e94b506b4a23f7b57ff0fb0ff,4ef849147d9557a347ee2880a910858fb7e8f32ea3c1112a89353054057dfe94
3,10,2,50,deeplob_style,none,0.4364418239844215,0.442780535188591,0.1900542704565367,0.3088835481185503,0.7347643314682664,1.2359870531753845,0.3591739420076434,0.4853437555516077,0.4838239080065219,,runs/fold_3/horizon_10/seed_2/lookback_50/deeplob_style/supervised/predictions.csv,skipped_existing,fold_3__h10__seed_2__lb50__deeplob_style__supervised,runs/fold_3/horizon_10/seed_2/lookback_50/deeplob_style/supervised,2f1b558f4a94415078acbc2382b04a7caff74ba4bf3c2f330a7c961d8da74568,4ef849147d9557a347ee2880a910858fb7e8f32ea3c1112a89353054057dfe94
3,10,2,100,matrix_transformer,none,0.6660437655725273,0.5718614461475071,0.3737016148661127,0.0118731693931982,0.4608316157618214,0.7968531703777194,0.4646522644082394,0.7781764143933765,0.4727556596409055,,runs/fold_3/horizon_10/seed_2/lookback_100/supervised/predictions.csv,skipped_existing,fold_3__h10__seed_2__lb100__supervised,runs/fold_3/horizon_10/seed_2/lookback_100/supervised,db5e5bc9864dbf78014df5c71bdf7ec59d42d09615e5ebef2fa8b2736527f9b4,ccb3e3ab1d8626d36071c352a769ade2f685be3b4713e2cd6dfecadbf4edb314
3,10,2,100,deeplob_style,none,0.4055627775972267,0.3958448093926843,0.2236781473299213,0.5046198230154322,1.092903809495681,2.742547732720333,0.3805701715270965,0.4489445343728321,0.3580197222781244,,runs/fold_3/horizon_10/seed_2/lookback_100/deeplob_style/supervised/predictions.csv,skipped_existing,fold_3__h10__seed_2__lb100__deeplob_style__supervised,runs/fold_3/horizon_10/seed_2/lookback_100/deeplob_style/supervised,4378636258bb887a7a197217cdb109a7a859d2bb5d8622fdf879a5899a3f5cd5,ccb3e3ab1d8626d36071c352a769ade2f685be3b4713e2cd6dfecadbf4edb314
3,50,0,20,matrix_transformer,none,0.7635661009620581,0.7653431355038479,0.6463783448540954,0.0629521009138229,0.3385611397300013,0.6123342388477117,0.74109396914446,0.8076205702104983,0.7473148671565857,,runs/fold_3/horizon_50/seed_0/lookback_20/supervised/predictions.csv,skipped_existing,fold_3__h50__seed_0__lb20__supervised,runs/fold_3/horizon_50/seed_0/lookback_20/supervised,2e2feee62699780fadb3d39c5ac4422c25f9b26d9ad686053fa8c24eec0ee424,ed63f5f5f99cee594f679bf77854bfe6e5b34bb2a372d8cd1ad92b95014708ea
3,50,0,20,deeplob_style,none,0.5141065830721003,0.4979905637741362,0.294265240821251,0.101093932471611,0.5772862008253659,0.9535668392394668,0.5613232355106763,0.5246034035188925,0.4080450522928399,,runs/fold_3/horizon_50/seed_0/lookback_20/deeplob_style/supervised/predictions.csv,skipped_existing,fold_3__h50__seed_0__lb20__deeplob_style__supervised,runs/fold_3/horizon_50/seed_0/lookback_20/deeplob_style/supervised,12a04f3b0b612c8a0654943c7330fd7e0416eae1bca1c5dd026402083b2a5eef,ed63f5f5f99cee594f679bf77854bfe6e5b34bb2a372d8cd1ad92b95014708ea
3,50,0,50,matrix_transformer,none,0.7671066154595121,0.7688402717084021,0.6516169225034786,0.0435292213853588,0.3329039783013511,0.5919032196838178,0.7437202035174872,0.8111466098686546,0.7516540017390647,,runs/fold_3/horizon_50/seed_0/lookback_50/supervised/predictions.csv,skipped_existing,fold_3__h50__seed_0__lb50__supervised,runs/fold_3/horizon_50/seed_0/lookback_50/supervised,c523a2ab26949485be3d31668181ed66e6c84a8e94b506b4a23f7b57ff0fb0ff,8f8d932c1ffc7cd581f6fdc88b10d38aa146682280530e01acf323f794cca078
3,50,0,50,deeplob_style,none,0.5208795369719262,0.5001758471961847,0.2976841402136493,0.1049483571191189,0.5864393885577887,0.9904165262413224,0.5685154975530179,0.4265916850773247,0.5054203589582115,,runs/fold_3/horizon_50/seed_0/lookback_50/deeplob_style/supervised/predictions.csv,skipped_existing,fold_3__h50__seed_0__lb50__deeplob_style__supervised,runs/fold_3/horizon_50/seed_0/lookback_50/deeplob_style/supervised,2f1b558f4a94415078acbc2382b04a7caff74ba4bf3c2f330a7c961d8da74568,8f8d932c1ffc7cd581f6fdc88b10d38aa146682280530e01acf323f794cca078
3,50,0,100,matrix_transformer,none,0.3927797638392373,0.3907086894866132,0.0880838114133206,0.0169541340709414,0.6551528288328481,1.081260142860085,0.4173219864268017,0.4007485857683637,0.3540554962646745,,runs/fold_3/horizon_50/seed_0/lookback_100/supervised/predictions.csv,skipped_existing,fold_3__h50__seed_0__lb100__supervised,runs/fold_3/horizon_50/seed_0/lookback_100/supervised,db5e5bc9864dbf78014df5c71bdf7ec59d42d09615e5ebef2fa8b2736527f9b4,36edb12d2ac64767e0f2d243963e65fb98ab6b5246526c1b31a473d2d97fcdcc
3,50,0,100,deeplob_style,none,0.4755714440472322,0.444921627586836,0.2480950773647737,0.233324221722458,0.7139396721301305,1.432911744587769,0.2953012190791809,0.4876888778796135,0.5517747858017136,,runs/fold_3/horizon_50/seed_0/lookback_100/deeplob_style/supervised/predictions.csv,skipped_existing,fold_3__h50__seed_0__lb100__deeplob_style__supervised,runs/fold_3/horizon_50/seed_0/lookback_100/deeplob_style/supervised,4378636258bb887a7a197217cdb109a7a859d2bb5d8622fdf879a5899a3f5cd5,36edb12d2ac64767e0f2d243963e65fb98ab6b5246526c1b31a473d2d97fcdcc
3,50,1,20,matrix_transformer,none,0.7591881958707167,0.7608004244742493,0.6402854396366298,0.0765075479142562,0.3478993362508107,0.6308816304187803,0.7423545549907206,0.7959594153667366,0.744087303065291,,runs/fold_3/horizon_50/seed_1/lookback_20/supervised/predictions.csv,skipped_existing,fold_3__h50__seed_1__lb20__supervised,runs/fold_3/horizon_50/seed_1/lookback_20/supervised,2e2feee62699780fadb3d39c5ac4422c25f9b26d9ad686053fa8c24eec0ee424,ed63f5f5f99cee594f679bf77854bfe6e5b34bb2a372d8cd1ad92b95014708ea
3,50,1,20,deeplob_style,none,0.6664414657874824,0.6672248229427433,0.5019995225978032,0.0569190106359529,0.4665519982536337,0.8038954257314852,0.6177315582891596,0.7536770781688977,0.6302658323701725,,runs/fold_3/horizon_50/seed_1/lookback_20/deeplob_style/supervised/predictions.csv,skipped_existing,fold_3__h50__seed_1__lb20__deeplob_style__supervised,runs/fold_3/horizon_50/seed_1/lookback_20/deeplob_style/supervised,12a04f3b0b612c8a0654943c7330fd7e0416eae1bca1c5dd026402083b2a5eef,ed63f5f5f99cee594f679bf77854bfe6e5b34bb2a372d8cd1ad92b95014708ea
3,50,1,50,matrix_transformer,none,0.7559366041001785,0.7575300568548476,0.6342356615228637,0.0607576721112871,0.3456920562229648,0.6171350740021746,0.7293858093999921,0.8098159509202454,0.7333884102443055,,runs/fold_3/horizon_50/seed_1/lookback_50/supervised/predictions.csv,skipped_existing,fold_3__h50__seed_1__lb50__supervised,runs/fold_3/horizon_50/seed_1/lookback_50/supervised,c523a2ab26949485be3d31668181ed66e6c84a8e94b506b4a23f7b57ff0fb0ff,8f8d932c1ffc7cd581f6fdc88b10d38aa146682280530e01acf323f794cca078
3,50,1,50,deeplob_style,none,0.5348352896630064,0.5354400168941241,0.313194664259227,0.0483440744972434,0.5355688003719242,0.8999169815258296,0.5412207357859532,0.5350133550110324,0.5300859598853869,,runs/fold_3/horizon_50/seed_1/lookback_50/deeplob_style/supervised/predictions.csv,skipped_existing,fold_3__h50__seed_1__lb50__deeplob_style__supervised,runs/fold_3/horizon_50/seed_1/lookback_50/deeplob_style/supervised,2f1b558f4a94415078acbc2382b04a7caff74ba4bf3c2f330a7c961d8da74568,8f8d932c1ffc7cd581f6fdc88b10d38aa146682280530e01acf323f794cca078
3,50,1,100,matrix_transformer,none,0.5181995450113747,0.5160586691908544,0.2746523684802516,0.0414985532202014,0.592709088990681,0.9907526270571768,0.5462701784197111,0.522027702962678,0.4798781261901739,,runs/fold_3/horizon_50/seed_1/lookback_100/supervised/predictions.csv,skipped_existing,fold_3__h50__seed_1__lb100__supervised,runs/fold_3/horizon_50/seed_1/lookback_100/supervised,db5e5bc9864dbf78014df5c71bdf7ec59d42d09615e5ebef2fa8b2736527f9b4,36edb12d2ac64767e0f2d243963e65fb98ab6b5246526c1b31a473d2d97fcdcc
3,50,1,100,deeplob_style,none,0.5503195753439497,0.5381943380887191,0.3738619570624831,0.1512250316331766,0.5523983980128662,0.9131123009620178,0.5058160207243358,0.5230047513081133,0.5857622422337081,,runs/fold_3/horizon_50/seed_1/lookback_100/deeplob_style/supervised/predictions.csv,skipped_existing,fold_3__h50__seed_1__lb100__deeplob_style__supervised,runs/fold_3/horizon_50/seed_1/lookback_100/deeplob_style/supervised,4378636258bb887a7a197217cdb109a7a859d2bb5d8622fdf879a5899a3f5cd5,36edb12d2ac64767e0f2d243963e65fb98ab6b5246526c1b31a473d2d97fcdcc
3,50,2,20,matrix_transformer,none,0.7592152199762188,0.7609565734739901,0.637886694990823,0.0640347184143413,0.3457733472961281,0.620426230856735,0.7448058997491858,0.7974473057390679,0.7406165149337166,,runs/fold_3/horizon_50/seed_2/lookback_20/supervised/predictions.csv,skipped_existing,fold_3__h50__seed_2__lb20__supervised,runs/fold_3/horizon_50/seed_2/lookback_20/supervised,2e2feee62699780fadb3d39c5ac4422c25f9b26d9ad686053fa8c24eec0ee424,ed63f5f5f99cee594f679bf77854bfe6e5b34bb2a372d8cd1ad92b95014708ea
3,50,2,20,deeplob_style,none,0.5790995568046697,0.5702314662261504,0.3813727999708645,0.114396837747623,0.5305048403546045,0.8917035881143941,0.5931558935361216,0.5084337349397591,0.6091047702025703,,runs/fold_3/horizon_50/seed_2/lookback_20/deeplob_style/supervised/predictions.csv,skipped_existing,fold_3__h50__seed_2__lb20__deeplob_style__supervised,runs/fold_3/horizon_50/seed_2/lookback_20/deeplob_style/supervised,12a04f3b0b612c8a0654943c7330fd7e0416eae1bca1c5dd026402083b2a5eef,ed63f5f5f99cee594f679bf77854bfe6e5b34bb2a372d8cd1ad92b95014708ea
3,50,2,50,matrix_transformer,none,0.7637799534808244,0.7647650627761742,0.6469855057668955,0.0658621269228072,0.3366509016807876,0.6019773843726637,0.7423829377806286,0.8098752863324001,0.7420369642154935,,runs/fold_3/horizon_50/seed_2/lookback_50/supervised/predictions.csv,skipped_existing,fold_3__h50__seed_2__lb50__supervised,runs/fold_3/horizon_50/seed_2/lookback_50/supervised,c523a2ab26949485be3d31668181ed66e6c84a8e94b506b4a23f7b57ff0fb0ff,8f8d932c1ffc7cd581f6fdc88b10d38aa146682280530e01acf323f794cca078
3,50,2,50,deeplob_style,none,0.565775950668037,0.5447607249194405,0.3595785429105395,0.0691160778159964,0.5590811019109185,0.9599269191786102,0.610588492671188,0.4333951271186441,0.5902985549684894,,runs/fold_3/horizon_50/seed_2/lookback_50/deeplob_style/supervised/predictions.csv,skipped_existing,fold_3__h50__seed_2__lb50__deeplob_style__supervised,runs/fold_3/horizon_50/seed_2/lookback_50/deeplob_style/supervised,2f1b558f4a94415078acbc2382b04a7caff74ba4bf3c2f330a7c961d8da74568,8f8d932c1ffc7cd581f6fdc88b10d38aa146682280530e01acf323f794cca078
3,50,2,100,matrix_transformer,none,0.4404994041815621,0.4313122789404671,0.1542822385082076,0.0565501482843591,0.6377541209597866,1.0593510687485166,0.4822555580222638,0.3880526533262499,0.4236286254728877,,runs/fold_3/horizon_50/seed_2/lookback_100/supervised/predictions.csv,skipped_existing,fold_3__h50__seed_2__lb100__supervised,runs/fold_3/horizon_50/seed_2/lookback_100/supervised,db5e5bc9864dbf78014df5c71bdf7ec59d42d09615e5ebef2fa8b2736527f9b4,36edb12d2ac64767e0f2d243963e65fb98ab6b5246526c1b31a473d2d97fcdcc
3,50,2,100,deeplob_style,none,0.4883815404614884,0.44734195098164,0.2817703266418788,0.4402085829103982,0.9660586671547026,3.632145031844353,0.5669017440198227,0.431048279541211,0.3440758293838862,,runs/fold_3/horizon_50/seed_2/lookback_100/deeplob_style/supervised/predictions.csv,skipped_existing,fold_3__h50__seed_2__lb100__deeplob_style__supervised,runs/fold_3/horizon_50/seed_2/lookback_100/deeplob_style/supervised,4378636258bb887a7a197217cdb109a7a859d2bb5d8622fdf879a5899a3f5cd5,36edb12d2ac64767e0f2d243963e65fb98ab6b5246526c1b31a473d2d97fcdcc
4,10,0,20,matrix_transformer,none,0.8019041592360352,0.7393381292654491,0.6413038080277096,0.0124821184645889,0.2721038541456073,0.4919081151547491,0.6736018771998435,0.8781140808640014,0.6662984297325022,,runs/fold_4/horizon_10/seed_0/lookback_20/supervised/predictions.csv,skipped_existing,fold_4__h10__seed_0__lb20__supervised,runs/fold_4/horizon_10/seed_0/lookback_20/supervised,2e2feee62699780fadb3d39c5ac4422c25f9b26d9ad686053fa8c24eec0ee424,ca46a2b84ab96513913dac21b2cef72994c9ad6cb4f1f8e08d511d0597ac7cc9
4,10,0,20,deeplob_style,none,0.4817350284760973,0.4784492563944111,0.2956145183056108,0.242384591286838,0.7003832035031259,1.28669324033544,0.4715969989281886,0.5025076960326519,0.4612430742223929,,runs/fold_4/horizon_10/seed_0/lookback_20/deeplob_style/supervised/predictions.csv,skipped_existing,fold_4__h10__seed_0__lb20__deeplob_style__supervised,runs/fold_4/horizon_10/seed_0/lookback_20/deeplob_style/supervised,12a04f3b0b612c8a0654943c7330fd7e0416eae1bca1c5dd026402083b2a5eef,ca46a2b84ab96513913dac21b2cef72994c9ad6cb4f1f8e08d511d0597ac7cc9
4,10,0,50,matrix_transformer,none,0.7969253800092123,0.7338079835120576,0.6317040693831097,0.0110071936336704,0.280209622989116,0.5081155955414558,0.6645418326693228,0.8723731188141185,0.6645089990527313,,runs/fold_4/horizon_10/seed_0/lookback_50/supervised/predictions.csv,skipped_existing,fold_4__h10__seed_0__lb50__supervised,runs/fold_4/horizon_10/seed_0/lookback_50/supervised,c523a2ab26949485be3d31668181ed66e6c84a8e94b506b4a23f7b57ff0fb0ff,4ef849147d9557a347ee2880a910858fb7e8f32ea3c1112a89353054057dfe94
4,10,0,50,deeplob_style,none,0.4515488254260709,0.4515359069828183,0.2785080144672399,0.3991333759975585,0.9000352988672619,1.6765862699865737,0.4001725740076994,0.5059585313770063,0.4484766155637493,,runs/fold_4/horizon_10/seed_0/lookback_50/deeplob_style/supervised/predictions.csv,skipped_existing,fold_4__h10__seed_0__lb50__deeplob_style__supervised,runs/fold_4/horizon_10/seed_0/lookback_50/deeplob_style/supervised,2f1b558f4a94415078acbc2382b04a7caff74ba4bf3c2f330a7c961d8da74568,4ef849147d9557a347ee2880a910858fb7e8f32ea3c1112a89353054057dfe94
4,10,0,100,matrix_transformer,none,0.5819350746698956,0.2689835494108935,0.0473214048872634,0.0342602227485369,0.567605815303783,0.9614606956832796,0.061127744510978,0.736509111090556,0.0093137926311464,,runs/fold_4/horizon_10/seed_0/lookback_100/supervised/predictions.csv,skipped_existing,fold_4__h10__seed_0__lb100__supervised,runs/fold_4/horizon_10/seed_0/lookback_100/supervised,db5e5bc9864dbf78014df5c71bdf7ec59d42d09615e5ebef2fa8b2736527f9b4,ccb3e3ab1d8626d36071c352a769ade2f685be3b4713e2cd6dfecadbf4edb314
4,10,0,100,deeplob_style,none,0.4499509888715908,0.4346550542616094,0.262264763200009,0.4033316602764711,0.8743826420785908,1.5096680480619156,0.4020769538010917,0.520469606754802,0.3814186022289345,,runs/fold_4/horizon_10/seed_0/lookback_100/deeplob_style/supervised/predictions.csv,skipped_existing,fold_4__h10__seed_0__lb100__deeplob_style__supervised,runs/fold_4/horizon_10/seed_0/lookback_100/deeplob_style/supervised,4378636258bb887a7a197217cdb109a7a859d2bb5d8622fdf879a5899a3f5cd5,ccb3e3ab1d8626d36071c352a769ade2f685be3b4713e2cd6dfecadbf4edb314
4,10,1,20,matrix_transformer,none,0.7935339124431916,0.7311191829123981,0.6258202367578086,0.0293323733605617,0.286053441990902,0.5216370545563123,0.6712072449666941,0.8703733230075393,0.6517769807629605,,runs/fold_4/horizon_10/seed_1/lookback_20/supervised/predictions.csv,skipped_existing,fold_4__h10__seed_1__lb20__supervised,runs/fold_4/horizon_10/seed_1/lookback_20/supervised,2e2feee62699780fadb3d39c5ac4422c25f9b26d9ad686053fa8c24eec0ee424,ca46a2b84ab96513913dac21b2cef72994c9ad6cb4f1f8e08d511d0597ac7cc9
4,10,1,20,deeplob_style,none,0.4880055226370592,0.4968764659640254,0.3144618398409177,0.250954289074395,0.6872388013423153,1.2117853436311372,0.4284924583432046,0.5018861394704967,0.560250800078375,,runs/fold_4/horizon_10/seed_1/lookback_20/deeplob_style/supervised/predictions.csv,skipped_existing,fold_4__h10__seed_1__lb20__deeplob_style__supervised,runs/fold_4/horizon_10/seed_1/lookback_20/deeplob_style/supervised,12a04f3b0b612c8a0654943c7330fd7e0416eae1bca1c5dd026402083b2a5eef,ca46a2b84ab96513913dac21b2cef72994c9ad6cb4f1f8e08d511d0597ac7cc9
4,10,1,50,matrix_transformer,none,0.7882312298479963,0.7223397925630888,0.6160703915225971,0.0495256454586168,0.2955421779918348,0.5324979549551863,0.6554907318514143,0.8701215611004478,0.6414070847374045,,runs/fold_4/horizon_10/seed_1/lookback_50/supervised/predictions.csv,skipped_existing,fold_4__h10__seed_1__lb50__supervised,runs/fold_4/horizon_10/seed_1/lookback_50/supervised,c523a2ab26949485be3d31668181ed66e6c84a8e94b506b4a23f7b57ff0fb0ff,4ef849147d9557a347ee2880a910858fb7e8f32ea3c1112a89353054057dfe94
4,10,1,50,deeplob_style,none,0.6251439428834639,0.6020089729013437,0.4152274643340402,0.0420400747710865,0.4516695461059815,0.7683507621953919,0.4905851386920429,0.7057932813639167,0.6096484986480717,,runs/fold_4/horizon_10/seed_1/lookback_50/deeplob_style/supervised/predictions.csv,skipped_existing,fold_4__h10__seed_1__lb50__deeplob_style__supervised,runs/fold_4/horizon_10/seed_1/lookback_50/deeplob_style/supervised,2f1b558f4a94415078acbc2382b04a7caff74ba4bf3c2f330a7c961d8da74568,4ef849147d9557a347ee2880a910858fb7e8f32ea3c1112a89353054057dfe94
4,10,1,100,matrix_transformer,none,0.4116069884103096,0.2932691097931549,-0.0528303875434716,0.1404352923752386,0.6975658934616263,1.1846760354457206,0.2146648971466489,0.5700232731111591,0.0951191591216567,,runs/fold_4/horizon_10/seed_1/lookback_100/supervised/predictions.csv,skipped_existing,fold_4__h10__seed_1__lb100__supervised,runs/fold_4/horizon_10/seed_1/lookback_100/supervised,db5e5bc9864dbf78014df5c71bdf7ec59d42d09615e5ebef2fa8b2736527f9b4,ccb3e3ab1d8626d36071c352a769ade2f685be3b4713e2cd6dfecadbf4edb314
4,10,1,100,deeplob_style,none,0.7671394799054374,0.6802529824731648,0.5743836361749947,0.0202071718631236,0.3283529386742776,0.5905632801401363,0.5851335861035182,0.8578363839139277,0.5977889774020484,,runs/fold_4/horizon_10/seed_1/lookback_100/deeplob_style/supervised/predictions.csv,skipped_existing,fold_4__h10__seed_1__lb100__deeplob_style__supervised,runs/fold_4/horizon_10/seed_1/lookback_100/deeplob_style/supervised,4378636258bb887a7a197217cdb109a7a859d2bb5d8622fdf879a5899a3f5cd5,ccb3e3ab1d8626d36071c352a769ade2f685be3b4713e2cd6dfecadbf4edb314
4,10,2,20,matrix_transformer,none,0.7978484726456884,0.7510962255018372,0.6418355542525546,0.0201944039312694,0.2744862789632419,0.4947754071259604,0.6995308356564901,0.8688469318948078,0.6849109089542139,,runs/fold_4/horizon_10/seed_2/lookback_20/supervised/predictions.csv,skipped_existing,fold_4__h10__seed_2__lb20__supervised,runs/fold_4/horizon_10/seed_2/lookback_20/supervised,2e2feee62699780fadb3d39c5ac4422c25f9b26d9ad686053fa8c24eec0ee424,ca46a2b84ab96513913dac21b2cef72994c9ad6cb4f1f8e08d511d0597ac7cc9
4,10,2,20,deeplob_style,none,0.4860783524132773,0.4905276049286214,0.2888298481916716,0.2514436157199648,0.69084283938733,1.2182793207627534,0.5335556481867445,0.5192141766775071,0.4188129899216125,,runs/fold_4/horizon_10/seed_2/lookback_20/deeplob_style/supervised/predictions.csv,skipped_existing,fold_4__h10__seed_2__lb20__deeplob_style__supervised,runs/fold_4/horizon_10/seed_2/lookback_20/deeplob_style/supervised,12a04f3b0b612c8a0654943c7330fd7e0416eae1bca1c5dd026402083b2a5eef,ca46a2b84ab96513913dac21b2cef72994c9ad6cb4f1f8e08d511d0597ac7cc9
4,10,2,50,matrix_transformer,none,0.7940177337632427,0.7222977434656069,0.6263798457400241,0.0216874193875463,0.2988654771282744,0.5449516460135228,0.6596392597798079,0.8759306875349357,0.6313232830820771,,runs/fold_4/horizon_10/seed_2/lookback_50/supervised/predictions.csv,skipped_existing,fold_4__h10__seed_2__lb50__supervised,runs/fold_4/horizon_10/seed_2/lookback_50/supervised,c523a2ab26949485be3d31668181ed66e6c84a8e94b506b4a23f7b57ff0fb0ff,4ef849147d9557a347ee2880a910858fb7e8f32ea3c1112a89353054057dfe94
4,10,2,50,deeplob_style,none,0.4462805158912943,0.4346943287553258,0.2661666889104077,0.4717983310224274,1.0312818295529955,2.950530619128161,0.401077246452969,0.5111808017452959,0.3918249380677126,,runs/fold_4/horizon_10/seed_2/lookback_50/deeplob_style/supervised/predictions.csv,skipped_existing,fold_4__h10__seed_2__lb50__deeplob_style__supervised,runs/fold_4/horizon_10/seed_2/lookback_50/deeplob_style/supervised,2f1b558f4a94415078acbc2382b04a7caff74ba4bf3c2f330a7c961d8da74568,4ef849147d9557a347ee2880a910858fb7e8f32ea3c1112a89353054057dfe94
4,10,2,100,matrix_transformer,none,0.3531107651502047,0.2974656905735279,-0.045076220535098,0.1861350508132598,0.7099755900921516,1.175183113490495,0.2517962267649377,0.4745875502564813,0.1660132946991648,,runs/fold_4/horizon_10/seed_2/lookback_100/supervised/predictions.csv,skipped_existing,fold_4__h10__seed_2__lb100__supervised,runs/fold_4/horizon_10/seed_2/lookback_100/supervised,db5e5bc9864dbf78014df5c71bdf7ec59d42d09615e5ebef2fa8b2736527f9b4,ccb3e3ab1d8626d36071c352a769ade2f685be3b4713e2cd6dfecadbf4edb314
4,10,2,100,deeplob_style,none,0.4529493167272098,0.4457823238769661,0.2747670181120798,0.4277226787833957,0.9405560335844676,1.9024468097941825,0.4039746103486092,0.5147489611008924,0.4186234001813967,,runs/fold_4/horizon_10/seed_2/lookback_100/deeplob_style/supervised/predictions.csv,skipped_existing,fold_4__h10__seed_2__lb100__deeplob_style__supervised,runs/fold_4/horizon_10/seed_2/lookback_100/deeplob_style/supervised,4378636258bb887a7a197217cdb109a7a859d2bb5d8622fdf879a5899a3f5cd5,ccb3e3ab1d8626d36071c352a769ade2f685be3b4713e2cd6dfecadbf4edb314
4,50,0,20,matrix_transformer,none,0.7759017430823218,0.776813899330525,0.6644212090476564,0.0589223600915143,0.3215867951274841,0.5854625251502507,0.7744658792164995,0.7904004986753935,0.7655753200996821,,runs/fold_4/horizon_50/seed_0/lookback_20/supervised/predictions.csv,skipped_existing,fold_4__h50__seed_0__lb20__supervised,runs/fold_4/horizon_50/seed_0/lookback_20/supervised,2e2feee62699780fadb3d39c5ac4422c25f9b26d9ad686053fa8c24eec0ee424,ed63f5f5f99cee594f679bf77854bfe6e5b34bb2a372d8cd1ad92b95014708ea
4,50,0,20,deeplob_style,none,0.5883621929471322,0.5702552030343332,0.3858641533434119,0.1648357091630573,0.5687411568200661,0.9780388241588994,0.6169790244507881,0.481644428416877,0.6121421562353343,,runs/fold_4/horizon_50/seed_0/lookback_20/deeplob_style/supervised/predictions.csv,skipped_existing,fold_4__h50__seed_0__lb20__deeplob_style__supervised,runs/fold_4/horizon_50/seed_0/lookback_20/deeplob_style/supervised,12a04f3b0b612c8a0654943c7330fd7e0416eae1bca1c5dd026402083b2a5eef,ed63f5f5f99cee594f679bf77854bfe6e5b34bb2a372d8cd1ad92b95014708ea
4,50,0,50,matrix_transformer,none,0.7390027637033625,0.7399558205692914,0.6055647119394859,0.0274343174079588,0.364944401169107,0.6399308919639491,0.7333735484843915,0.7487273908805372,0.7377665223429458,,runs/fold_4/horizon_50/seed_0/lookback_50/supervised/predictions.csv,skipped_existing,fold_4__h50__seed_0__lb50__supervised,runs/fold_4/horizon_50/seed_0/lookback_50/supervised,c523a2ab26949485be3d31668181ed66e6c84a8e94b506b4a23f7b57ff0fb0ff,8f8d932c1ffc7cd581f6fdc88b10d38aa146682280530e01acf323f794cca078
4,50,0,50,deeplob_style,none,0.4992802855826808,0.4874422243494763,0.3309261247103824,0.3117354643298496,0.7526515140587118,1.3534815870544674,0.4300491187518058,0.5430625,0.4892150542966232,,runs/fold_4/horizon_50/seed_0/lookback_50/deeplob_style/supervised/predictions.csv,skipped_existing,fold_4__h50__seed_0__lb50__deeplob_style__supervised,runs/fold_4/horizon_50/seed_0/lookback_50/deeplob_style/supervised,2f1b558f4a94415078acbc2382b04a7caff74ba4bf3c2f330a7c961d8da74568,8f8d932c1ffc7cd581f6fdc88b10d38aa146682280530e01acf323f794cca078
4,50,0,100,matrix_transformer,none,0.5288300755347979,0.5110763613750778,0.2836481736114148,0.1193215164863014,0.6038077785000817,1.0179282375136385,0.5548782518903435,0.4134278049116048,0.5649230273232853,,runs/fold_4/horizon_50/seed_0/lookback_100/supervised/predictions.csv,skipped_existing,fold_4__h50__seed_0__lb100__supervised,runs/fold_4/horizon_50/seed_0/lookback_100/supervised,db5e5bc9864dbf78014df5c71bdf7ec59d42d09615e5ebef2fa8b2736527f9b4,36edb12d2ac64767e0f2d243963e65fb98ab6b5246526c1b31a473d2d97fcdcc
4,50,0,100,deeplob_style,none,0.5127717234619155,0.4927487666899751,0.2886023323089258,0.35068592320439,0.8418711297176398,1.778844897524296,0.5659331613894529,0.4722555171684411,0.4400576215120311,,runs/fold_4/horizon_50/seed_0/lookback_100/deeplob_style/supervised/predictions.csv,skipped_existing,fold_4__h50__seed_0__lb100__deeplob_style__supervised,runs/fold_4/horizon_50/seed_0/lookback_100/deeplob_style/supervised,4378636258bb887a7a197217cdb109a7a859d2bb5d8622fdf879a5899a3f5cd5,36edb12d2ac64767e0f2d243963e65fb98ab6b5246526c1b31a473d2d97fcdcc
4,50,1,20,matrix_transformer,none,0.771385836737042,0.772273479433816,0.6555992186799068,0.0392959765268699,0.3223287143662871,0.5736113459822797,0.7677953348382243,0.7821447437929213,0.7668803596703022,,runs/fold_4/horizon_50/seed_1/lookback_20/supervised/predictions.csv,skipped_existing,fold_4__h50__seed_1__lb20__supervised,runs/fold_4/horizon_50/seed_1/lookback_20/supervised,2e2feee62699780fadb3d39c5ac4422c25f9b26d9ad686053fa8c24eec0ee424,ed63f5f5f99cee594f679bf77854bfe6e5b34bb2a372d8cd1ad92b95014708ea
4,50,1,20,deeplob_style,none,0.5552263705919577,0.5295520681217014,0.3745230790133556,0.284463859321076,0.7128272161576475,1.330965920678692,0.5004402377283733,0.4781286210892236,0.6100873455475074,,runs/fold_4/horizon_50/seed_1/lookback_20/deeplob_style/supervised/predictions.csv,skipped_existing,fold_4__h50__seed_1__lb20__deeplob_style__supervised,runs/fold_4/horizon_50/seed_1/lookback_20/deeplob_style/supervised,12a04f3b0b612c8a0654943c7330fd7e0416eae1bca1c5dd026402083b2a5eef,ed63f5f5f99cee594f679bf77854bfe6e5b34bb2a372d8cd1ad92b95014708ea
4,50,1,50,matrix_transformer,none,0.7701520036849379,0.7712841044220268,0.6541445399602644,0.0299817063164787,0.3264072892521002,0.5824864299598768,0.7597637955609855,0.7878635907723169,0.7662249269327781,,runs/fold_4/horizon_50/seed_1/lookback_50/supervised/predictions.csv,skipped_existing,fold_4__h50__seed_1__lb50__supervised,runs/fold_4/horizon_50/seed_1/lookback_50/supervised,c523a2ab26949485be3d31668181ed66e6c84a8e94b506b4a23f7b57ff0fb0ff,8f8d932c1ffc7cd581f6fdc88b10d38aa146682280530e01acf323f794cca078
4,50,1,50,deeplob_style,none,0.5794564716720405,0.5610027075003959,0.3842304687797419,0.2091591683673874,0.6000697753229329,1.0801979592525792,0.5641871201771329,0.495949530432289,0.6228714718917658,,runs/fold_4/horizon_50/seed_1/lookback_50/deeplob_style/supervised/predictions.csv,skipped_existing,fold_4__h50__seed_1__lb50__deeplob_style__supervised,runs/fold_4/horizon_50/seed_1/lookback_50/deeplob_style/supervised,2f1b558f4a94415078acbc2382b04a7caff74ba4bf3c2f330a7c961d8da74568,8f8d932c1ffc7cd581f6fdc88b10d38aa146682280530e01acf323f794cca078
4,50,1,100,matrix_transformer,none,0.4764169982125353,0.4591235168469337,0.2002102927425505,0.0689028401455471,0.6307560384478873,1.0556940842676872,0.4865820838139177,0.3591773178485694,0.5316111488783141,,runs/fold_4/horizon_50/seed_1/lookback_100/supervised/predictions.csv,skipped_existing,fold_4__h50__seed_1__lb100__supervised,runs/fold_4/horizon_50/seed_1/lookback_100/supervised,db5e5bc9864dbf78014df5c71bdf7ec59d42d09615e5ebef2fa8b2736527f9b4,36edb12d2ac64767e0f2d243963e65fb98ab6b5246526c1b31a473d2d97fcdcc
4,50,1,100,deeplob_style,none,0.5464740817620942,0.5289626002599331,0.3396948798810371,0.2623260966986722,0.6900311059283231,1.6931103073357796,0.606280696532222,0.5488486474401968,0.4317584568073805,,runs/fold_4/horizon_50/seed_1/lookback_100/deeplob_style/supervised/predictions.csv,skipped_existing,fold_4__h50__seed_1__lb100__deeplob_style__supervised,runs/fold_4/horizon_50/seed_1/lookback_100/deeplob_style/supervised,4378636258bb887a7a197217cdb109a7a859d2bb5d8622fdf879a5899a3f5cd5,36edb12d2ac64767e0f2d243963e65fb98ab6b5246526c1b31a473d2d97fcdcc
4,50,2,20,matrix_transformer,none,0.7959500661565898,0.7953644844466781,0.6914099307727258,0.0390480545537965,0.2925581606155288,0.5302137235625921,0.794686936760442,0.7886951928156366,0.8027113237639554,,runs/fold_4/horizon_50/seed_2/lookback_20/supervised/predictions.csv,skipped_existing,fold_4__h50__seed_2__lb20__supervised,runs/fold_4/horizon_50/seed_2/lookback_20/supervised,2e2feee62699780fadb3d39c5ac4422c25f9b26d9ad686053fa8c24eec0ee424,ed63f5f5f99cee594f679bf77854bfe6e5b34bb2a372d8cd1ad92b95014708ea
4,50,2,20,deeplob_style,none,0.5936834838635449,0.573348386593821,0.3846840443774861,0.0980837809242518,0.5274626979473251,0.9157446007191332,0.605593201302834,0.4762945160585536,0.6381574424200757,,runs/fold_4/horizon_50/seed_2/lookback_20/deeplob_style/supervised/predictions.csv,skipped_existing,fold_4__h50__seed_2__lb20__deeplob_style__supervised,runs/fold_4/horizon_50/seed_2/lookback_20/deeplob_style/supervised,12a04f3b0b612c8a0654943c7330fd7e0416eae1bca1c5dd026402083b2a5eef,ed63f5f5f99cee594f679bf77854bfe6e5b34bb2a372d8cd1ad92b95014708ea
4,50,2,50,matrix_transformer,none,0.772742975587287,0.774008742518089,0.6565326439067165,0.0280240989423197,0.3208629695454258,0.5695484950410157,0.7658955109544967,0.7868624833110814,0.7692682332886887,,runs/fold_4/horizon_50/seed_2/lookback_50/supervised/predictions.csv,skipped_existing,fold_4__h50__seed_2__lb50__supervised,runs/fold_4/horizon_50/seed_2/lookback_50/supervised,c523a2ab26949485be3d31668181ed66e6c84a8e94b506b4a23f7b57ff0fb0ff,8f8d932c1ffc7cd581f6fdc88b10d38aa146682280530e01acf323f794cca078
4,50,2,50,deeplob_style,none,0.5520785352372178,0.5393035439155957,0.3380832195423625,0.1475993177332244,0.5683551809426036,0.9508083601256648,0.5805998125585754,0.4878696776899951,0.5494411414982164,,runs/fold_4/horizon_50/seed_2/lookback_50/deeplob_style/supervised/predictions.csv,skipped_existing,fold_4__h50__seed_2__lb50__deeplob_style__supervised,runs/fold_4/horizon_50/seed_2/lookback_50/deeplob_style/supervised,2f1b558f4a94415078acbc2382b04a7caff74ba4bf3c2f330a7c961d8da74568,8f8d932c1ffc7cd581f6fdc88b10d38aa146682280530e01acf323f794cca078
4,50,2,100,matrix_transformer,none,0.5727094504987603,0.565178596721581,0.3507108116416645,0.0924839136109085,0.5545574255968125,0.9620164408553264,0.5820413889863206,0.5179958570688762,0.595498544109546,,runs/fold_4/horizon_50/seed_2/lookback_100/supervised/predictions.csv,skipped_existing,fold_4__h50__seed_2__lb100__supervised,runs/fold_4/horizon_50/seed_2/lookback_100/supervised,db5e5bc9864dbf78014df5c71bdf7ec59d42d09615e5ebef2fa8b2736527f9b4,36edb12d2ac64767e0f2d243963e65fb98ab6b5246526c1b31a473d2d97fcdcc
4,50,2,100,deeplob_style,none,0.5228622498990947,0.4993831658950939,0.3159113992858331,0.3685032395056725,0.8561045104389922,2.233435534159045,0.5833513047228812,0.5062846330585214,0.4085135599038791,,runs/fold_4/horizon_50/seed_2/lookback_100/deeplob_style/supervised/predictions.csv,skipped_existing,fold_4__h50__seed_2__lb100__deeplob_style__supervised,runs/fold_4/horizon_50/seed_2/lookback_100/deeplob_style/supervised,4378636258bb887a7a197217cdb109a7a859d2bb5d8622fdf879a5899a3f5cd5,36edb12d2ac64767e0f2d243963e65fb98ab6b5246526c1b31a473d2d97fcdcc
5,10,0,20,matrix_transformer,none,0.8227582858457057,0.7582967945286043,0.6647214249706953,0.0230826746763034,0.2426324263869721,0.4429815887464758,0.697142054630995,0.8927047029799898,0.6850436259748282,,runs/fold_5/horizon_10/seed_0/lookback_20/supervised/predictions.csv,skipped_existing,fold_5__h10__seed_0__lb20__supervised,runs/fold_5/horizon_10/seed_0/lookback_20/supervised,2e2feee62699780fadb3d39c5ac4422c25f9b26d9ad686053fa8c24eec0ee424,ca46a2b84ab96513913dac21b2cef72994c9ad6cb4f1f8e08d511d0597ac7cc9
5,10,0,20,deeplob_style,none,0.5436843584698337,0.5245698797372982,0.3446098480153622,0.2142458705609307,0.6000827708464379,1.0660799509731642,0.4938506149385061,0.6151117798796216,0.4647472443937666,,runs/fold_5/horizon_10/seed_0/lookback_20/deeplob_style/supervised/predictions.csv,skipped_existing,fold_5__h10__seed_0__lb20__deeplob_style__supervised,runs/fold_5/horizon_10/seed_0/lookback_20/deeplob_style/supervised,12a04f3b0b612c8a0654943c7330fd7e0416eae1bca1c5dd026402083b2a5eef,ca46a2b84ab96513913dac21b2cef72994c9ad6cb4f1f8e08d511d0597ac7cc9
5,10,0,50,matrix_transformer,none,0.8101168708283252,0.7379006551041111,0.6395481540979255,0.0320753960581304,0.2699717335582823,0.5045542200144133,0.6674341631889481,0.8886406834793174,0.6576271186440678,,runs/fold_5/horizon_10/seed_0/lookback_50/supervised/predictions.csv,skipped_existing,fold_5__h10__seed_0__lb50__supervised,runs/fold_5/horizon_10/seed_0/lookback_50/supervised,c523a2ab26949485be3d31668181ed66e6c84a8e94b506b4a23f7b57ff0fb0ff,4ef849147d9557a347ee2880a910858fb7e8f32ea3c1112a89353054057dfe94
5,10,0,50,deeplob_style,none,0.5404700406618418,0.5199210247466217,0.3369678112519504,0.2294748472856651,0.6611545482666245,1.3613630143444468,0.4558375158309489,0.6166372060635278,0.4872883523453885,,runs/fold_5/horizon_10/seed_0/lookback_50/deeplob_style/supervised/predictions.csv,skipped_existing,fold_5__h10__seed_0__lb50__deeplob_style__supervised,runs/fold_5/horizon_10/seed_0/lookback_50/deeplob_style/supervised,2f1b558f4a94415078acbc2382b04a7caff74ba4bf3c2f330a7c961d8da74568,4ef849147d9557a347ee2880a910858fb7e8f32ea3c1112a89353054057dfe94
5,10,0,100,matrix_transformer,none,0.4179704504135406,0.2847038892860572,0.0123999654250071,0.162136786325763,0.6377248637226225,1.0632546631067503,0.2867543892912669,0.5673572785669049,0.0,,runs/fold_5/horizon_10/seed_0/lookback_100/supervised/predictions.csv,skipped_existing,fold_5__h10__seed_0__lb100__supervised,runs/fold_5/horizon_10/seed_0/lookback_100/supervised,db5e5bc9864dbf78014df5c71bdf7ec59d42d09615e5ebef2fa8b2736527f9b4,ccb3e3ab1d8626d36071c352a769ade2f685be3b4713e2cd6dfecadbf4edb314
5,10,0,100,deeplob_style,none,0.5348628786520881,0.5146639410356889,0.3342420270417491,0.1745651924164505,0.6231378000694088,1.215283932275992,0.4687854151268785,0.6113925079227498,0.4638139000574383,,runs/fold_5/horizon_10/seed_0/lookback_100/deeplob_style/supervised/predictions.csv,skipped_existing,fold_5__h10__seed_0__lb100__deeplob_style__supervised,runs/fold_5/horizon_10/seed_0/lookback_100/deeplob_style/supervised,4378636258bb887a7a197217cdb109a7a859d2bb5d8622fdf879a5899a3f5cd5,ccb3e3ab1d8626d36071c352a769ade2f685be3b4713e2cd6dfecadbf4edb314
5,10,1,20,matrix_transformer,none,0.8193085119975468,0.756770859919676,0.6603701374364361,0.0214263470190816,0.2430301506705044,0.4375168126276709,0.7002475081945281,0.8909474019003697,0.6791176696641303,,runs/fold_5/horizon_10/seed_1/lookback_20/supervised/predictions.csv,skipped_existing,fold_5__h10__seed_1__lb20__supervised,runs/fold_5/horizon_10/seed_1/lookback_20/supervised,2e2feee62699780fadb3d39c5ac4422c25f9b26d9ad686053fa8c24eec0ee424,ca46a2b84ab96513913dac21b2cef72994c9ad6cb4f1f8e08d511d0597ac7cc9
5,10,1,20,deeplob_style,none,0.5401068152198911,0.5274025997145557,0.3481728281394953,0.1988858644779501,0.5895303667947633,1.0330615945293682,0.5271096086334677,0.6133627176951193,0.4417354728150802,,runs/fold_5/horizon_10/seed_1/lookback_20/deeplob_style/supervised/predictions.csv,skipped_existing,fold_5__h10__seed_1__lb20__deeplob_style__supervised,runs/fold_5/horizon_10/seed_1/lookback_20/deeplob_style/supervised,12a04f3b0b612c8a0654943c7330fd7e0416eae1bca1c5dd026402083b2a5eef,ca46a2b84ab96513913dac21b2cef72994c9ad6cb4f1f8e08d511d0597ac7cc9
5,10,1,50,matrix_transformer,none,0.8166381096079585,0.748010759203822,0.6521293278059804,0.0441772901099278,0.2573360718669817,0.4705073058739042,0.6867865296803652,0.8901171875,0.6671285604311008,,runs/fold_5/horizon_10/seed_1/lookback_50/supervised/predictions.csv,skipped_existing,fold_5__h10__seed_1__lb50__supervised,runs/fold_5/horizon_10/seed_1/lookback_50/supervised,c523a2ab26949485be3d31668181ed66e6c84a8e94b506b4a23f7b57ff0fb0ff,4ef849147d9557a347ee2880a910858fb7e8f32ea3c1112a89353054057dfe94
5,10,1,50,deeplob_style,none,0.5418765823594097,0.5310209144919092,0.3510056270192141,0.2406605244814073,0.6404362686795252,1.1421437166346091,0.5436639926954934,0.6158394023272689,0.4335593484529654,,runs/fold_5/horizon_10/seed_1/lookback_50/deeplob_style/supervised/predictions.csv,skipped_existing,fold_5__h10__seed_1__lb50__deeplob_style__supervised,runs/fold_5/horizon_10/seed_1/lookback_50/deeplob_style/supervised,2f1b558f4a94415078acbc2382b04a7caff74ba4bf3c2f330a7c961d8da74568,4ef849147d9557a347ee2880a910858fb7e8f32ea3c1112a89353054057dfe94
5,10,1,100,matrix_transformer,none,0.4178168130489335,0.2846422862907465,0.0123730497984686,0.176314464490268,0.6477977610255369,1.0781685365617757,0.2867647058823529,0.5671621529898867,0.0,,runs/fold_5/horizon_10/seed_1/lookback_100/supervised/predictions.csv,skipped_existing,fold_5__h10__seed_1__lb100__supervised,runs/fold_5/horizon_10/seed_1/lookback_100/supervised,db5e5bc9864dbf78014df5c71bdf7ec59d42d09615e5ebef2fa8b2736527f9b4,ccb3e3ab1d8626d36071c352a769ade2f685be3b4713e2cd6dfecadbf4edb314
5,10,1,100,deeplob_style,none,0.5279748034722045,0.522828165572025,0.3392694985327206,0.2712486736242039,0.6850852506819407,1.2146355477147257,0.5493610223642172,0.6152854610881358,0.4038380132637223,,runs/fold_5/horizon_10/seed_1/lookback_100/deeplob_style/supervised/predictions.csv,skipped_existing,fold_5__h10__seed_1__lb100__deeplob_style__supervised,runs/fold_5/horizon_10/seed_1/lookback_100/deeplob_style/supervised,4378636258bb887a7a197217cdb109a7a859d2bb5d8622fdf879a5899a3f5cd5,ccb3e3ab1d8626d36071c352a769ade2f685be3b4713e2cd6dfecadbf4edb314
5,10,2,20,matrix_transformer,none,0.8215316995885825,0.7621329747874009,0.6638969715692249,0.0301221576429791,0.2424297519848477,0.4426215132170906,0.6998455706865085,0.8900061604499115,0.696547193225783,,runs/fold_5/horizon_10/seed_2/lookback_20/supervised/predictions.csv,skipped_existing,fold_5__h10__seed_2__lb20__supervised,runs/fold_5/horizon_10/seed_2/lookback_20/supervised,2e2feee62699780fadb3d39c5ac4422c25f9b26d9ad686053fa8c24eec0ee424,ca46a2b84ab96513913dac21b2cef72994c9ad6cb4f1f8e08d511d0597ac7cc9
5,10,2,20,deeplob_style,none,0.5457031150180155,0.5333241289835474,0.3582115316412788,0.2334740167528823,0.6395580461497068,1.15272536605775,0.5388654263211962,0.6109165920256222,0.4501903686038241,,runs/fold_5/horizon_10/seed_2/lookback_20/deeplob_style/supervised/predictions.csv,skipped_existing,fold_5__h10__seed_2__lb20__deeplob_style__supervised,runs/fold_5/horizon_10/seed_2/lookback_20/deeplob_style/supervised,12a04f3b0b612c8a0654943c7330fd7e0416eae1bca1c5dd026402083b2a5eef,ca46a2b84ab96513913dac21b2cef72994c9ad6cb4f1f8e08d511d0597ac7cc9
5,10,2,50,matrix_transformer,none,0.8157686111040073,0.7463479745819493,0.6502122151744133,0.0346274754942394,0.2559357529544065,0.4658796763180184,0.6802417614045186,0.8897815912636505,0.6690205710776789,,runs/fold_5/horizon_10/seed_2/lookback_50/supervised/predictions.csv,skipped_existing,fold_5__h10__seed_2__lb50__supervised,runs/fold_5/horizon_10/seed_2/lookback_50/supervised,c523a2ab26949485be3d31668181ed66e6c84a8e94b506b4a23f7b57ff0fb0ff,4ef849147d9557a347ee2880a910858fb7e8f32ea3c1112a89353054057dfe94
5,10,2,50,deeplob_style,none,0.5404956141472521,0.5220616328985471,0.3434911837485516,0.2278912867833186,0.6488011304605923,1.2355977749958988,0.4870586989890436,0.6118524120793042,0.4672737876272935,,runs/fold_5/horizon_10/seed_2/lookback_50/deeplob_style/supervised/predictions.csv,skipped_existing,fold_5__h10__seed_2__lb50__deeplob_style__supervised,runs/fold_5/horizon_10/seed_2/lookback_50/deeplob_style/supervised,2f1b558f4a94415078acbc2382b04a7caff74ba4bf3c2f330a7c961d8da74568,4ef849147d9557a347ee2880a910858fb7e8f32ea3c1112a89353054057dfe94
5,10,2,100,matrix_transformer,none,0.4180472690958441,0.2847465137949805,0.0124646854529745,0.1528128023965878,0.6371662827732179,1.0637525577044915,0.2867978913035233,0.5674416500814184,0.0,,runs/fold_5/horizon_10/seed_2/lookback_100/supervised/predictions.csv,skipped_existing,fold_5__h10__seed_2__lb100__supervised,runs/fold_5/horizon_10/seed_2/lookback_100/supervised,db5e5bc9864dbf78014df5c71bdf7ec59d42d09615e5ebef2fa8b2736527f9b4,ccb3e3ab1d8626d36071c352a769ade2f685be3b4713e2cd6dfecadbf4edb314
5,10,2,100,deeplob_style,none,0.5952935753975367,0.5404052740457191,0.3157711733129378,0.1607482119710181,0.5008459740530019,0.8426422745534736,0.5004366812227075,0.7074875356125356,0.4132916053019145,,runs/fold_5/horizon_10/seed_2/lookback_100/deeplob_style/supervised/predictions.csv,skipped_existing,fold_5__h10__seed_2__lb100__deeplob_style__supervised,runs/fold_5/horizon_10/seed_2/lookback_100/deeplob_style/supervised,4378636258bb887a7a197217cdb109a7a859d2bb5d8622fdf879a5899a3f5cd5,ccb3e3ab1d8626d36071c352a769ade2f685be3b4713e2cd6dfecadbf4edb314
5,50,0,20,matrix_transformer,none,0.8123834104208724,0.8118899020083781,0.7186021998536118,0.0135695720908184,0.2720655797589632,0.4956240017174419,0.7960432623840499,0.8457411133467472,0.7938853302943373,,runs/fold_5/horizon_50/seed_0/lookback_20/supervised/predictions.csv,skipped_existing,fold_5__h50__seed_0__lb20__supervised,runs/fold_5/horizon_50/seed_0/lookback_20/supervised,2e2feee62699780fadb3d39c5ac4422c25f9b26d9ad686053fa8c24eec0ee424,ed63f5f5f99cee594f679bf77854bfe6e5b34bb2a372d8cd1ad92b95014708ea
5,50,0,20,deeplob_style,none,0.5948943347047249,0.5937645239134164,0.4248876482880836,0.2698496054533802,0.6678013264106191,1.3237502775334036,0.5975619823340029,0.6453890693404887,0.5383425200657577,,runs/fold_5/horizon_50/seed_0/lookback_20/deeplob_style/supervised/predictions.csv,skipped_existing,fold_5__h50__seed_0__lb20__deeplob_style__supervised,runs/fold_5/horizon_50/seed_0/lookback_20/deeplob_style/supervised,12a04f3b0b612c8a0654943c7330fd7e0416eae1bca1c5dd026402083b2a5eef,ed63f5f5f99cee594f679bf77854bfe6e5b34bb2a372d8cd1ad92b95014708ea
5,50,0,50,matrix_transformer,none,0.8121883231465616,0.8111180136659604,0.7193374235879278,0.0357611796669515,0.2725792209555506,0.4969760409580351,0.7921571778697416,0.8464907518007746,0.7947061113273647,,runs/fold_5/horizon_50/seed_0/lookback_50/supervised/predictions.csv,skipped_existing,fold_5__h50__seed_0__lb50__supervised,runs/fold_5/horizon_50/seed_0/lookback_50/supervised,c523a2ab26949485be3d31668181ed66e6c84a8e94b506b4a23f7b57ff0fb0ff,8f8d932c1ffc7cd581f6fdc88b10d38aa146682280530e01acf323f794cca078
5,50,0,50,deeplob_style,none,0.5537426795898013,0.5366486964424049,0.3973672195818624,0.3313525076803943,0.7660724276365694,1.652254691745427,0.3826936179877356,0.6467197103244556,0.5805327610150234,,runs/fold_5/horizon_50/seed_0/lookback_50/deeplob_style/supervised/predictions.csv,skipped_existing,fold_5__h50__seed_0__lb50__deeplob_style__supervised,runs/fold_5/horizon_50/seed_0/lookback_50/deeplob_style/supervised,2f1b558f4a94415078acbc2382b04a7caff74ba4bf3c2f330a7c961d8da74568,8f8d932c1ffc7cd581f6fdc88b10d38aa146682280530e01acf323f794cca078
5,50,0,100,matrix_transformer,none,0.4978874862366527,0.496493545680473,0.2492681939223439,0.0360825920161206,0.5984276639677453,0.9995712364083402,0.4950738099187262,0.5416749002094613,0.4527319269132315,,runs/fold_5/horizon_50/seed_0/lookback_100/supervised/predictions.csv,skipped_existing,fold_5__h50__seed_0__lb100__supervised,runs/fold_5/horizon_50/seed_0/lookback_100/supervised,db5e5bc9864dbf78014df5c71bdf7ec59d42d09615e5ebef2fa8b2736527f9b4,36edb12d2ac64767e0f2d243963e65fb98ab6b5246526c1b31a473d2d97fcdcc
5,50,0,100,deeplob_style,none,0.5582669705272322,0.5436374624363,0.400674534116078,0.2764611831659207,0.6860020365188878,1.226551365206772,0.4036625537379264,0.6446611177170035,0.5825887158539699,,runs/fold_5/horizon_50/seed_0/lookback_100/deeplob_style/supervised/predictions.csv,skipped_existing,fold_5__h50__seed_0__lb100__deeplob_style__supervised,runs/fold_5/horizon_50/seed_0/lookback_100/deeplob_style/supervised,4378636258bb887a7a197217cdb109a7a859d2bb5d8622fdf879a5899a3f5cd5,36edb12d2ac64767e0f2d243963e65fb98ab6b5246526c1b31a473d2d97fcdcc
5,50,1,20,matrix_transformer,none,0.8174430787315053,0.8169674778778514,0.726226848907951,0.0292649098806769,0.2637290920191798,0.4824944402799283,0.8025453581303739,0.8492670371890036,0.7990900383141762,,runs/fold_5/horizon_50/seed_1/lookback_20/supervised/predictions.csv,skipped_existing,fold_5__h50__seed_1__lb20__supervised,runs/fold_5/horizon_50/seed_1/lookback_20/supervised,2e2feee62699780fadb3d39c5ac4422c25f9b26d9ad686053fa8c24eec0ee424,ed63f5f5f99cee594f679bf77854bfe6e5b34bb2a372d8cd1ad92b95014708ea
5,50,1,20,deeplob_style,none,0.5954054123118595,0.5992582832748222,0.4149982758574553,0.177320196364331,0.5620163344173877,0.9679531701049068,0.5808117438858105,0.642952891612409,0.5740102143262473,,runs/fold_5/horizon_50/seed_1/lookback_20/deeplob_style/supervised/predictions.csv,skipped_existing,fold_5__h50__seed_1__lb20__deeplob_style__supervised,runs/fold_5/horizon_50/seed_1/lookback_20/deeplob_style/supervised,12a04f3b0b612c8a0654943c7330fd7e0416eae1bca1c5dd026402083b2a5eef,ed63f5f5f99cee594f679bf77854bfe6e5b34bb2a372d8cd1ad92b95014708ea
5,50,1,50,matrix_transformer,none,0.8013451653325832,0.8000560671517665,0.704121288878654,0.0251460479226547,0.2833582066614102,0.5155422683642217,0.7740789691062283,0.8402616279069768,0.7858276044420941,,runs/fold_5/horizon_50/seed_1/lookback_50/supervised/predictions.csv,skipped_existing,fold_5__h50__seed_1__lb50__supervised,runs/fold_5/horizon_50/seed_1/lookback_50/supervised,c523a2ab26949485be3d31668181ed66e6c84a8e94b506b4a23f7b57ff0fb0ff,8f8d932c1ffc7cd581f6fdc88b10d38aa146682280530e01acf323f794cca078
5,50,1,50,deeplob_style,none,0.5582180395366084,0.5444752682649017,0.3993873690824776,0.3409909006006729,0.793082043319414,1.9669293292044183,0.4072167801206486,0.644716182138269,0.5814928425357874,,runs/fold_5/horizon_50/seed_1/lookback_50/deeplob_style/supervised/predictions.csv,skipped_existing,fold_5__h50__seed_1__lb50__deeplob_style__supervised,runs/fold_5/horizon_50/seed_1/lookback_50/deeplob_style/supervised,2f1b558f4a94415078acbc2382b04a7caff74ba4bf3c2f330a7c961d8da74568,8f8d932c1ffc7cd581f6fdc88b10d38aa146682280530e01acf323f794cca078
5,50,1,100,matrix_transformer,none,0.6862468952449235,0.6866185860570463,0.5295960865733703,0.0622907927103039,0.4315195433758527,0.7429461800173792,0.6467729688686409,0.7725281965815278,0.6405545927209705,,runs/fold_5/horizon_50/seed_1/lookback_100/supervised/predictions.csv,skipped_existing,fold_5__h50__seed_1__lb100__supervised,runs/fold_5/horizon_50/seed_1/lookback_100/supervised,db5e5bc9864dbf78014df5c71bdf7ec59d42d09615e5ebef2fa8b2736527f9b4,36edb12d2ac64767e0f2d243963e65fb98ab6b5246526c1b31a473d2d97fcdcc
5,50,1,100,deeplob_style,none,0.5684838552736026,0.5749775149274319,0.3611290968035545,0.1642122938992599,0.5767369505588293,1.0113973493829929,0.5300969519425264,0.6438996740824713,0.5509359187572981,,runs/fold_5/horizon_50/seed_1/lookback_100/deeplob_style/supervised/predictions.csv,skipped_existing,fold_5__h50__seed_1__lb100__deeplob_style__supervised,runs/fold_5/horizon_50/seed_1/lookback_100/deeplob_style/supervised,4378636258bb887a7a197217cdb109a7a859d2bb5d8622fdf879a5899a3f5cd5,36edb12d2ac64767e0f2d243963e65fb98ab6b5246526c1b31a473d2d97fcdcc
5,50,2,20,matrix_transformer,none,0.8194873891600439,0.8188275063207439,0.7295399387726971,0.0216919714682972,0.2598182924262107,0.472979428761979,0.8065117724764939,0.8465763456609301,0.8033944008248077,,runs/fold_5/horizon_50/seed_2/lookback_20/supervised/predictions.csv,skipped_existing,fold_5__h50__seed_2__lb20__supervised,runs/fold_5/horizon_50/seed_2/lookback_20/supervised,2e2feee62699780fadb3d39c5ac4422c25f9b26d9ad686053fa8c24eec0ee424,ed63f5f5f99cee594f679bf77854bfe6e5b34bb2a372d8cd1ad92b95014708ea
5,50,2,20,deeplob_style,none,0.5623897988909616,0.5469991409322273,0.4097057781111048,0.3579001527237709,0.8139708868753743,2.5170000955403484,0.4097626511419615,0.6421012489274478,0.5891335227272727,,runs/fold_5/horizon_50/seed_2/lookback_20/deeplob_style/supervised/predictions.csv,skipped_existing,fold_5__h50__seed_2__lb20__deeplob_style__supervised,runs/fold_5/horizon_50/seed_2/lookback_20/deeplob_style/supervised,12a04f3b0b612c8a0654943c7330fd7e0416eae1bca1c5dd026402083b2a5eef,ed63f5f5f99cee594f679bf77854bfe6e5b34bb2a372d8cd1ad92b95014708ea
5,50,2,50,matrix_transformer,none,0.8164335217246759,0.8157636065573434,0.7255351198679327,0.0299727383731213,0.2685947786129609,0.4930466347776974,0.7961663391747203,0.8485767097966729,0.802547770700637,,runs/fold_5/horizon_50/seed_2/lookback_50/supervised/predictions.csv,skipped_existing,fold_5__h50__seed_2__lb50__supervised,runs/fold_5/horizon_50/seed_2/lookback_50/supervised,c523a2ab26949485be3d31668181ed66e6c84a8e94b506b4a23f7b57ff0fb0ff,8f8d932c1ffc7cd581f6fdc88b10d38aa146682280530e01acf323f794cca078
5,50,2,50,deeplob_style,none,0.5609032555046928,0.5449499335018003,0.4049334232763348,0.2986441393353481,0.70443520846273,1.327688833492045,0.4033955857385399,0.6459151243223032,0.585539090444558,,runs/fold_5/horizon_50/seed_2/lookback_50/deeplob_style/supervised/predictions.csv,skipped_existing,fold_5__h50__seed_2__lb50__deeplob_style__supervised,runs/fold_5/horizon_50/seed_2/lookback_50/deeplob_style/supervised,2f1b558f4a94415078acbc2382b04a7caff74ba4bf3c2f330a7c961d8da74568,8f8d932c1ffc7cd581f6fdc88b10d38aa146682280530e01acf323f794cca078
5,50,2,100,matrix_transformer,none,0.6496299900135712,0.6526613746230988,0.4799521428195429,0.0535598993052534,0.4613356170981749,0.7869249004547544,0.6299903964878584,0.7045703039580145,0.6234234234234234,,runs/fold_5/horizon_50/seed_2/lookback_100/supervised/predictions.csv,skipped_existing,fold_5__h50__seed_2__lb100__supervised,runs/fold_5/horizon_50/seed_2/lookback_100/supervised,db5e5bc9864dbf78014df5c71bdf7ec59d42d09615e5ebef2fa8b2736527f9b4,36edb12d2ac64767e0f2d243963e65fb98ab6b5246526c1b31a473d2d97fcdcc
5,50,2,100,deeplob_style,none,0.5590607635777021,0.550924858697848,0.3920258526638358,0.287184303276451,0.717677014524868,1.300674573216395,0.4350625362815979,0.6430966752898343,0.5746153645221116,,runs/fold_5/horizon_50/seed_2/lookback_100/deeplob_style/supervised/predictions.csv,skipped_existing,fold_5__h50__seed_2__lb100__deeplob_style__supervised,runs/fold_5/horizon_50/seed_2/lookback_100/deeplob_style/supervised,4378636258bb887a7a197217cdb109a7a859d2bb5d8622fdf879a5899a3f5cd5,36edb12d2ac64767e0f2d243963e65fb98ab6b5246526c1b31a473d2d97fcdcc
